{
"type": "FeatureCollection",
"name": "departamento",
"crs": { "type": "name", "properties": { "name": "urn:ogc:def:crs:OGC:1.3:CRS84" } },
"features": [
{ "type": "Feature", "properties": { "codigo_dane": "08", "nombre entidad": "ATLÁNTICO" }, "geometry": { "type": "Polygon", "coordinates": [ [ [ -74.851860532011983, 11.105367257604655 ], [ -74.845030294103879, 11.070499129251175 ], [ -74.836423718950925, 11.055243659241057 ], [ -74.828161365912649, 11.047415753379994 ], [ -74.802717529105735, 11.032530440765811 ], [ -74.793083755657904, 11.023064120606932 ], [ -74.78475457419745, 11.018003142111979 ], [ -74.773121189757831, 11.007217218206961 ], [ -74.763169374716711, 10.994271077884093 ], [ -74.759258129310638, 10.985240094235223 ], [ -74.755983411757484, 10.970250850951459 ], [ -74.757462336337767, 10.947285120340212 ], [ -74.756681495816053, 10.941549679904313 ], [ -74.753849613914895, 10.936128187435656 ], [ -74.745398109663086, 10.930092510927864 ], [ -74.73881544225469, 10.922575392758404 ], [ -74.72129187795656, 10.913014534721981 ], [ -74.71838811191077, 10.909236330813769 ], [ -74.720572731981065, 10.904758331555058 ], [ -74.733039783313131, 10.895249390793538 ], [ -74.736502319877218, 10.888761198380564 ], [ -74.738165498950593, 10.879701710266659 ], [ -74.737477246062326, 10.861335768105846 ], [ -74.741645152926083, 10.840634979591755 ], [ -74.736236697717516, 10.80016797190234 ], [ -74.72736776039352, 10.781122810319005 ], [ -74.725114003228953, 10.77172806708063 ], [ -74.727430313729883, 10.760291914207016 ], [ -74.727604115417989, 10.742166656055474 ], [ -74.725985936586312, 10.736007396418927 ], [ -74.725187576207645, 10.688615020055408 ], [ -74.722841676974269, 10.672575687588449 ], [ -74.723638964763666, 10.666993424403586 ], [ -74.741354568361317, 10.656469156593175 ], [ -74.747058680026782, 10.649198856134603 ], [ -74.746412866281332, 10.644485287877899 ], [ -74.739804850192058, 10.634469319599646 ], [ -74.733590177034728, 10.632596390028539 ], [ -74.726650746121948, 10.62368272914415 ], [ -74.724210574912604, 10.608704048259938 ], [ -74.726148115862031, 10.601234491431057 ], [ -74.732341610321328, 10.594967839913409 ], [ -74.735782487588324, 10.584348444930129 ], [ -74.738209847913197, 10.582076165387946 ], [ -74.735778170281606, 10.554050097679408 ], [ -74.738919239973541, 10.542295216899106 ], [ -74.744451042053754, 10.538210858813272 ], [ -74.767065563448341, 10.528137217749531 ], [ -74.782390882019115, 10.515258751164197 ], [ -74.798399089633278, 10.496174784126254 ], [ -74.809971065191121, 10.475273211206343 ], [ -74.812230241896145, 10.442226149946407 ], [ -74.818064119799374, 10.424832653720216 ], [ -74.827177329904998, 10.41119818864388 ], [ -74.83598181305598, 10.410262611394501 ], [ -74.847266586208832, 10.40309867963515 ], [ -74.858017783013906, 10.392961931872378 ], [ -74.861906612740881, 10.386521716720324 ], [ -74.865890435791584, 10.373092925583762 ], [ -74.862607286644447, 10.363851361393074 ], [ -74.861227900866879, 10.352653582958283 ], [ -74.880195573712058, 10.318498104857269 ], [ -74.895316051980274, 10.295442660325477 ], [ -74.903098473407283, 10.275241302269649 ], [ -74.908123627060149, 10.253286072953813 ], [ -74.910797063086875, 10.254181059794689 ], [ -74.964616647885123, 10.325803056957284 ], [ -74.97104052536406, 10.330118268780325 ], [ -74.982117616840924, 10.342315466884315 ], [ -74.989010204167585, 10.346460227737964 ], [ -75.004534988416253, 10.360256834360769 ], [ -75.026242633757704, 10.364214890115306 ], [ -75.044036633392693, 10.374900475716402 ], [ -75.054117267846493, 10.383036644102731 ], [ -75.068868290303499, 10.404210018698109 ], [ -75.073954746836819, 10.408986487939444 ], [ -75.085420263863853, 10.411798957231781 ], [ -75.107584008493006, 10.403830458628534 ], [ -75.120059560589368, 10.402014246932993 ], [ -75.126546243831456, 10.39853541401834 ], [ -75.133386783627429, 10.404721274588269 ], [ -75.132179067834102, 10.406611828221003 ], [ -75.139667695911612, 10.410617032989137 ], [ -75.13993994494848, 10.412708492300339 ], [ -75.142259005194717, 10.41271236134736 ], [ -75.14319073675324, 10.417548227242548 ], [ -75.151260689368939, 10.424107261753591 ], [ -75.153185108616583, 10.434688171981122 ], [ -75.15672182272607, 10.437104195558049 ], [ -75.158296050549097, 10.442940882495407 ], [ -75.165752603355543, 10.447405989122842 ], [ -75.168339951963333, 10.451734153764335 ], [ -75.176795036902774, 10.455496346088182 ], [ -75.178617165805804, 10.452105668515856 ], [ -75.195248780469399, 10.448859118559199 ], [ -75.205218232148525, 10.458041883476085 ], [ -75.200270204314222, 10.470435398660413 ], [ -75.206972016272005, 10.471407650558774 ], [ -75.208557321229591, 10.475284996213986 ], [ -75.214420002737029, 10.474891300243826 ], [ -75.22195478359572, 10.480607288545059 ], [ -75.22445529379246, 10.480539600434497 ], [ -75.226300780708129, 10.476062970209341 ], [ -75.228663891676035, 10.475775644735052 ], [ -75.229631024071523, 10.478266276150748 ], [ -75.233745703017291, 10.479513752308605 ], [ -75.233665419618092, 10.48511356140159 ], [ -75.238184143134333, 10.494054478989995 ], [ -75.240657890700788, 10.495591401546164 ], [ -75.24216666722009, 10.501472222748589 ], [ -75.236591729802171, 10.511636845256874 ], [ -75.238613475300212, 10.513310100740796 ], [ -75.239192874747175, 10.517036533799569 ], [ -75.236337645613162, 10.528551876821837 ], [ -75.22552003720449, 10.541088756951524 ], [ -75.225238287577668, 10.543720904578265 ], [ -75.228041760235271, 10.549162554359668 ], [ -75.223249999859036, 10.552944444058426 ], [ -75.225499744246065, 10.559673371684653 ], [ -75.233957891544719, 10.558450805829466 ], [ -75.236958087321511, 10.567714398525084 ], [ -75.234546330745559, 10.574580788262267 ], [ -75.228691807744042, 10.581738517149631 ], [ -75.227629750296842, 10.592751291895809 ], [ -75.225905854943335, 10.594078396580528 ], [ -75.225308095714013, 10.597486343379614 ], [ -75.227071852043366, 10.59921992617285 ], [ -75.225438909388231, 10.603334068823983 ], [ -75.227675494344169, 10.606494637362971 ], [ -75.226950912658594, 10.611948179051581 ], [ -75.229009856523874, 10.614442707362059 ], [ -75.224607593388782, 10.618014763917984 ], [ -75.225197998105045, 10.62084275970409 ], [ -75.223185157613557, 10.622678039953371 ], [ -75.22482081497958, 10.628596658699792 ], [ -75.223620194984335, 10.630857694020619 ], [ -75.227859081388488, 10.638076961147249 ], [ -75.228662224401546, 10.644357734192454 ], [ -75.241858765817824, 10.65414057150241 ], [ -75.23894844116694, 10.658603634460974 ], [ -75.240598854271582, 10.668158272557434 ], [ -75.242969564094551, 10.667474336975886 ], [ -75.246786818697558, 10.677823902985551 ], [ -75.242660532610785, 10.684088906093393 ], [ -75.243058209019125, 10.689805669641373 ], [ -75.247752012527144, 10.695901889054255 ], [ -75.246879088327205, 10.701658194675929 ], [ -75.248516501002712, 10.702858782331816 ], [ -75.244590730725236, 10.716867433751474 ], [ -75.248745823111221, 10.718913982652566 ], [ -75.248083967238642, 10.721884844818703 ], [ -75.249526561224911, 10.722965119216099 ], [ -75.244904877220335, 10.730790899661486 ], [ -75.245238123710237, 10.727938794870568 ], [ -75.241698929350264, 10.732205805752017 ], [ -75.244521340305823, 10.73377487634292 ], [ -75.242974511120792, 10.740231308793682 ], [ -75.240026313467297, 10.743936369118217 ], [ -75.241189727010521, 10.747481752875387 ], [ -75.230249437382383, 10.756618770151647 ], [ -75.23076131670382, 10.758474939841221 ], [ -75.228096173930339, 10.760676103298977 ], [ -75.22725189253606, 10.771844020811614 ], [ -75.229998785658779, 10.775570072984408 ], [ -75.235101834986892, 10.777561904559604 ], [ -75.24101589477965, 10.776698697443862 ], [ -75.243898182988175, 10.777886912593488 ], [ -75.249545891188632, 10.777030445542664 ], [ -75.250810619505216, 10.775208568168125 ], [ -75.254422101353725, 10.777261466366667 ], [ -75.252911848901249, 10.780831456795738 ], [ -75.26413031196023, 10.78187637347537 ], [ -75.265745718588732, 10.776367776694087 ], [ -75.271227686588816, 10.779314101358693 ], [ -75.267579484277235, 10.781927326857215 ], [ -75.266903879678239, 10.785404804213044 ], [ -75.264277052777175, 10.787667085498185 ], [ -75.261003161674751, 10.801180118912612 ], [ -75.234318066853348, 10.795113887982723 ], [ -75.220938586976956, 10.796970865258345 ], [ -75.216384540777256, 10.802399504729124 ], [ -75.216753812433694, 10.80668894656111 ], [ -75.21267515326457, 10.813816649236173 ], [ -75.209091135631127, 10.817347494647208 ], [ -75.192439404977335, 10.818799694326515 ], [ -75.180592436027212, 10.829704666661087 ], [ -75.164416849684358, 10.829890440206555 ], [ -75.157181720093831, 10.831485612267102 ], [ -75.149768472406777, 10.83659752078762 ], [ -75.146189009235513, 10.848163436305754 ], [ -75.142901336169018, 10.852507393342535 ], [ -75.134271587158139, 10.855111565612447 ], [ -75.129900926779953, 10.858642841316851 ], [ -75.130804758440206, 10.862783948719368 ], [ -75.123715038362263, 10.861854720767496 ], [ -75.10389624075151, 10.866429998665808 ], [ -75.100465248553746, 10.869298862440075 ], [ -75.100746764618464, 10.873362042726171 ], [ -75.085098116068139, 10.877652196024428 ], [ -75.081222802403715, 10.886629031879806 ], [ -75.063075576832659, 10.888717796242986 ], [ -75.050771096442077, 10.89582590035792 ], [ -75.045462142306974, 10.900356920023569 ], [ -75.040898973708295, 10.907117976819848 ], [ -75.034221640861517, 10.92275632887214 ], [ -75.033950957589468, 10.928062912351379 ], [ -75.030924875040455, 10.93043075205469 ], [ -75.028328906192314, 10.940966257798323 ], [ -75.026055658265477, 10.944263823120593 ], [ -75.02841085686606, 10.950397586752388 ], [ -75.033191973095995, 10.951811941276901 ], [ -75.035495853598434, 10.95023580363403 ], [ -75.036103917410628, 10.946802375203333 ], [ -75.039849705585993, 10.944546050651581 ], [ -75.044272612022723, 10.944764460915621 ], [ -75.046285256681358, 10.939993953797625 ], [ -75.049262239972677, 10.938930986356297 ], [ -75.049715092746396, 10.936789037194274 ], [ -75.054087954897113, 10.93668421090365 ], [ -75.055180317932923, 10.933258302276101 ], [ -75.05836342611866, 10.93124870560365 ], [ -75.057972596674858, 10.936411084212011 ], [ -75.050744319438763, 10.946263781760649 ], [ -75.046447321870914, 10.949649647054173 ], [ -75.037984831214374, 10.952259359238838 ], [ -75.030090060100179, 10.962755567250667 ], [ -75.008800636552337, 10.977386492045014 ], [ -74.972337777211465, 10.981522293094883 ], [ -74.963109812626726, 10.986149905985087 ], [ -74.955952905698496, 10.993616052806374 ], [ -74.957979373643752, 10.994605452658902 ], [ -74.956033451406029, 10.99506944814425 ], [ -74.954727602674495, 10.998669571685241 ], [ -74.952889041775222, 11.006010672919388 ], [ -74.954091726998968, 11.006685787936135 ], [ -74.946410211611578, 11.010515777965054 ], [ -74.942466548676009, 11.018476630102555 ], [ -74.931094713431378, 11.021372770343817 ], [ -74.921635288746074, 11.028787977257991 ], [ -74.920026214347047, 11.035032101705383 ], [ -74.922484988782458, 11.040106900791955 ], [ -74.921289384085412, 11.045503624891865 ], [ -74.901232694431542, 11.04303297741393 ], [ -74.884562416247263, 11.044344064225982 ], [ -74.860510389826516, 11.051877149962365 ], [ -74.846807735379173, 11.058423651168596 ], [ -74.844320075592805, 11.063607828313025 ], [ -74.848171814750458, 11.074804417377436 ], [ -74.854570210597728, 11.105370387337587 ], [ -74.851860532011983, 11.105367257604655 ] ] ] } },
{ "type": "Feature", "properties": { "codigo_dane": "13", "nombre entidad": "BOLÍVAR" }, "geometry": { "type": "MultiPolygon", "coordinates": [ [ [ [ -76.174700300703421, 9.398571915123739 ], [ -76.172805585172625, 9.397349040247889 ], [ -76.174686963405748, 9.393757403996517 ], [ -76.172874556976808, 9.38779318672988 ], [ -76.17623796257368, 9.386874874215721 ], [ -76.176234686415228, 9.38055681476834 ], [ -76.179628217039181, 9.377921656884666 ], [ -76.185618574403009, 9.38003718387813 ], [ -76.187993089492579, 9.383476991250802 ], [ -76.190376092770009, 9.383920834813352 ], [ -76.188912974958043, 9.392967034138621 ], [ -76.181026157533722, 9.397639712847592 ], [ -76.174700300703421, 9.398571915123739 ] ] ], [ [ [ -75.754093157432635, 9.739418295814119 ], [ -75.74647314525015, 9.736737246559244 ], [ -75.739685012311327, 9.737606334949874 ], [ -75.747704325955738, 9.73438413744168 ], [ -75.754093157432635, 9.739418295814119 ] ] ], [ [ [ -75.875751451914994, 9.7828496627601 ], [ -75.869523816057836, 9.78389351942684 ], [ -75.868803714274122, 9.780630188927319 ], [ -75.875877442530623, 9.779811216688017 ], [ -75.875751451914994, 9.7828496627601 ] ] ], [ [ [ -75.85933315316538, 9.785312724857761 ], [ -75.858630715867491, 9.786278760409402 ], [ -75.858287500764902, 9.785717977663239 ], [ -75.85933315316538, 9.785312724857761 ] ] ], [ [ [ -75.854397409802289, 9.793294550877192 ], [ -75.853371402674497, 9.792761614130427 ], [ -75.853510470076117, 9.792460124009438 ], [ -75.854397409802289, 9.793294550877192 ] ] ], [ [ [ -75.854710729846715, 9.794922012906397 ], [ -75.853943909342775, 9.79435721109445 ], [ -75.854458301254056, 9.794097684907115 ], [ -75.854710729846715, 9.794922012906397 ] ] ], [ [ [ -75.857527500276092, 9.795772021963501 ], [ -75.856676468935348, 9.795389245922649 ], [ -75.857191527397106, 9.794953764783713 ], [ -75.857527500276092, 9.795772021963501 ] ] ], [ [ [ -75.855838508092461, 9.795402807799292 ], [ -75.854803982234046, 9.796286451604033 ], [ -75.85456900971792, 9.795831379989806 ], [ -75.855838508092461, 9.795402807799292 ] ] ], [ [ [ -75.853855258130011, 9.797590368057854 ], [ -75.854146078053532, 9.796730060706125 ], [ -75.854028422912052, 9.797580280867464 ], [ -75.853855258130011, 9.797590368057854 ] ] ], [ [ [ -75.851376339856643, 9.804575777478476 ], [ -75.850357892956254, 9.800652017632217 ], [ -75.844620838246499, 9.799429209231732 ], [ -75.845382417076564, 9.795752264401415 ], [ -75.846097176574972, 9.797001954908183 ], [ -75.847122993259802, 9.795022126631352 ], [ -75.847662863209507, 9.797256558323852 ], [ -75.850036188928641, 9.795721732437187 ], [ -75.847401793715278, 9.793245390534082 ], [ -75.845418923740453, 9.794996413234173 ], [ -75.844965464603433, 9.792691124172222 ], [ -75.844519546829247, 9.795958285989457 ], [ -75.841420952212786, 9.795791156992607 ], [ -75.84137984078103, 9.797084287366204 ], [ -75.844418772842062, 9.796445824540569 ], [ -75.844105424949873, 9.79867931839118 ], [ -75.839986619140404, 9.798486663745166 ], [ -75.83062371761099, 9.795415429139098 ], [ -75.828055838205842, 9.795983182817395 ], [ -75.826557478558868, 9.794054362719692 ], [ -75.827696776809034, 9.790624717995911 ], [ -75.85615830589353, 9.788462077023212 ], [ -75.85745933695631, 9.79045962098985 ], [ -75.855929054751982, 9.793022747405075 ], [ -75.85688885060074, 9.795032846236154 ], [ -75.855783593137062, 9.794333699469803 ], [ -75.855390578988761, 9.789460612749451 ], [ -75.854838074224517, 9.792452002334471 ], [ -75.853577006545606, 9.791499149570143 ], [ -75.853161152713028, 9.793550622141197 ], [ -75.852317818143774, 9.79421536340476 ], [ -75.852338213510279, 9.79168580616016 ], [ -75.851698428363477, 9.7915464459075 ], [ -75.851681874196231, 9.796502949353339 ], [ -75.850026143060802, 9.796913440239393 ], [ -75.851420528918993, 9.801324523939286 ], [ -75.852358803811285, 9.795474081987379 ], [ -75.852792933882938, 9.799661983568626 ], [ -75.854327463325262, 9.800096329236055 ], [ -75.853640782490061, 9.798307880894868 ], [ -75.855665911944413, 9.798737089093095 ], [ -75.8552294067253, 9.797569056409088 ], [ -75.856213996993915, 9.799412980254885 ], [ -75.851376339856643, 9.804575777478476 ] ] ], [ [ [ -75.727311139704682, 10.146335954848496 ], [ -75.726759613206582, 10.144964997969907 ], [ -75.72695608659393, 10.144365827486126 ], [ -75.727910320968306, 10.145297184446918 ], [ -75.727311139704682, 10.146335954848496 ] ] ], [ [ [ -75.693339639415456, 10.149372921394104 ], [ -75.692481523954768, 10.149090271654586 ], [ -75.693192137724907, 10.14873300778811 ], [ -75.693339639415456, 10.149372921394104 ] ] ], [ [ [ -75.676934383315825, 10.161078053434323 ], [ -75.674075772920446, 10.161040775116987 ], [ -75.677591052311811, 10.160634194600391 ], [ -75.676934383315825, 10.161078053434323 ] ] ], [ [ [ -75.775887458826958, 10.164247933018714 ], [ -75.776151705664915, 10.163669567533475 ], [ -75.776032403910222, 10.164422430003356 ], [ -75.775887458826958, 10.164247933018714 ] ] ], [ [ [ -75.65992611373656, 10.16445741851328 ], [ -75.659870203447042, 10.163930009104831 ], [ -75.660200136947537, 10.164144420964305 ], [ -75.65992611373656, 10.16445741851328 ] ] ], [ [ [ -75.672611524128627, 10.163826867156615 ], [ -75.670482570904255, 10.163990499009287 ], [ -75.672200513117559, 10.161161332717427 ], [ -75.672611524128627, 10.163826867156615 ] ] ], [ [ [ -75.655385420105915, 10.165141377450993 ], [ -75.654478756055312, 10.164690365326805 ], [ -75.65483898885617, 10.16438788705824 ], [ -75.655385420105915, 10.165141377450993 ] ] ], [ [ [ -75.66178871267374, 10.165560864971837 ], [ -75.66151509460326, 10.165311201395866 ], [ -75.661842966468555, 10.165214337778252 ], [ -75.66178871267374, 10.165560864971837 ] ] ], [ [ [ -75.792638108445431, 10.165839145302357 ], [ -75.786793397749591, 10.166668508362818 ], [ -75.787278402151287, 10.164727593338455 ], [ -75.789307126666301, 10.164569846353913 ], [ -75.783224202330189, 10.159547725415905 ], [ -75.790323678119876, 10.156583004137929 ], [ -75.793385672647617, 10.159471850053251 ], [ -75.79651109726808, 10.167037246419568 ], [ -75.792638108445431, 10.165839145302357 ] ] ], [ [ [ -75.663478913092376, 10.16692839387656 ], [ -75.662763096275967, 10.166474084034292 ], [ -75.663290730263384, 10.166425710616011 ], [ -75.663478913092376, 10.16692839387656 ] ] ], [ [ [ -75.667228608043956, 10.165991689240627 ], [ -75.666232587602508, 10.167112663640978 ], [ -75.665995378279547, 10.166989644654677 ], [ -75.667228608043956, 10.165991689240627 ] ] ], [ [ [ -75.797324047196923, 10.167431962876663 ], [ -75.796557335389195, 10.167387856459413 ], [ -75.79656647216126, 10.167173815604372 ], [ -75.797324047196923, 10.167431962876663 ] ] ], [ [ [ -75.65441566283107, 10.172626820100049 ], [ -75.652676700023278, 10.16929950794173 ], [ -75.653524642055288, 10.167186167449415 ], [ -75.657385389525757, 10.166084488876663 ], [ -75.658180268929925, 10.169400970038964 ], [ -75.659959493362521, 10.166861062397402 ], [ -75.660479965974787, 10.16932436883701 ], [ -75.663059132720491, 10.169372849154911 ], [ -75.665228421231632, 10.167106868604492 ], [ -75.668185624502996, 10.167916553154669 ], [ -75.66798778298039, 10.163841755846022 ], [ -75.669292689378437, 10.163725224497853 ], [ -75.669392571337823, 10.166402720014617 ], [ -75.667723265749373, 10.168731616821049 ], [ -75.662583653163381, 10.169869733785674 ], [ -75.657746773967745, 10.169675044453925 ], [ -75.65441566283107, 10.172626820100049 ] ] ], [ [ [ -75.768350554349297, 10.175067320991332 ], [ -75.767007992341178, 10.174413146618861 ], [ -75.766926841168697, 10.173680294137853 ], [ -75.768470811013913, 10.173649719952778 ], [ -75.768350554349297, 10.175067320991332 ] ] ], [ [ [ -75.758838705738867, 10.175689602450859 ], [ -75.758555731707304, 10.175989711860154 ], [ -75.758407930877468, 10.175723878596159 ], [ -75.758838705738867, 10.175689602450859 ] ] ], [ [ [ -75.772141000507929, 10.177539199162197 ], [ -75.771880955992231, 10.177000492531761 ], [ -75.772441889655511, 10.177351590357205 ], [ -75.772141000507929, 10.177539199162197 ] ] ], [ [ [ -75.770993731499914, 10.177630458186343 ], [ -75.77123742576606, 10.176248697261258 ], [ -75.77158557891164, 10.176494852014969 ], [ -75.771702255786977, 10.17612055787373 ], [ -75.772430450499542, 10.176255037575572 ], [ -75.770993731499914, 10.177630458186343 ] ] ], [ [ [ -75.758269393482294, 10.178414203862019 ], [ -75.758430289064393, 10.177055597930121 ], [ -75.75926033843831, 10.176689447023477 ], [ -75.758269393482294, 10.178414203862019 ] ] ], [ [ [ -75.766191363808332, 10.178710673294859 ], [ -75.765925420051474, 10.178229784977134 ], [ -75.766002872856973, 10.178241981413464 ], [ -75.766191363808332, 10.178710673294859 ] ] ], [ [ [ -75.776766050502602, 10.178301773326382 ], [ -75.776173240994353, 10.178272004032465 ], [ -75.776210023441308, 10.177906702932773 ], [ -75.776766050502602, 10.178301773326382 ] ] ], [ [ [ -75.754568985536309, 10.17900535597721 ], [ -75.753773286867954, 10.175825118809371 ], [ -75.751275990845841, 10.179108046970725 ], [ -75.751146312643073, 10.176074140987737 ], [ -75.75478180198661, 10.173382960525032 ], [ -75.757780850613869, 10.175108272522834 ], [ -75.755389899036516, 10.174997925182026 ], [ -75.754568985536309, 10.17900535597721 ] ] ], [ [ [ -75.671179005654608, 10.178425515457093 ], [ -75.669534165702373, 10.178783524027494 ], [ -75.669430808158381, 10.177514639202798 ], [ -75.671179005654608, 10.178425515457093 ] ] ], [ [ [ -75.778804146250081, 10.179170275116689 ], [ -75.777455305013177, 10.17926941866034 ], [ -75.777733330221906, 10.178496416844041 ], [ -75.778804146250081, 10.179170275116689 ] ] ], [ [ [ -75.776849672942376, 10.17958355527395 ], [ -75.776836085014565, 10.179064194776856 ], [ -75.777050455551546, 10.179942458567098 ], [ -75.776849672942376, 10.17958355527395 ] ] ], [ [ [ -75.7508898470183, 10.178958085690965 ], [ -75.748668972710902, 10.180485319010756 ], [ -75.749616888330536, 10.178742382053031 ], [ -75.74912711836248, 10.177191055898106 ], [ -75.749412581627666, 10.176677642252912 ], [ -75.749354191986015, 10.175502663789587 ], [ -75.74965016105682, 10.174882973073409 ], [ -75.7508898470183, 10.178958085690965 ] ] ], [ [ [ -75.775882127321552, 10.180678260219565 ], [ -75.775635095811424, 10.180457322992652 ], [ -75.775926018142968, 10.180535932829173 ], [ -75.775882127321552, 10.180678260219565 ] ] ], [ [ [ -75.777571271320539, 10.180682392473159 ], [ -75.777240698219089, 10.180186910113662 ], [ -75.777383780194896, 10.180160353197778 ], [ -75.777571271320539, 10.180682392473159 ] ] ], [ [ [ -75.77194754995395, 10.180962371519172 ], [ -75.771470536073139, 10.181072043326367 ], [ -75.771461508895641, 10.180714548592675 ], [ -75.77194754995395, 10.180962371519172 ] ] ], [ [ [ -75.748693632383379, 10.181775616095706 ], [ -75.748905653824067, 10.181886783598998 ], [ -75.748937358090643, 10.18229244603657 ], [ -75.748693632383379, 10.181775616095706 ] ] ], [ [ [ -75.71796954802744, 10.182861104319102 ], [ -75.717581522227874, 10.183155670220344 ], [ -75.717302990368921, 10.18296678939987 ], [ -75.71796954802744, 10.182861104319102 ] ] ], [ [ [ -75.722478541883106, 10.183373234270732 ], [ -75.721172975222828, 10.182935814565894 ], [ -75.722111481880631, 10.182108377494956 ], [ -75.722478541883106, 10.183373234270732 ] ] ], [ [ [ -75.737232579088584, 10.184083550698233 ], [ -75.735870840728808, 10.182222935242805 ], [ -75.730291687513954, 10.181114459112962 ], [ -75.725751836503662, 10.183877919877659 ], [ -75.725994460875484, 10.182253825635144 ], [ -75.723434230631085, 10.181108519447548 ], [ -75.725610833231087, 10.177829031836438 ], [ -75.727308299229492, 10.177845739615748 ], [ -75.727391286559907, 10.17996202029633 ], [ -75.729924281659862, 10.176984372251127 ], [ -75.734351855746525, 10.176118531272834 ], [ -75.737176700240127, 10.172185546619573 ], [ -75.74304120622736, 10.172101427411008 ], [ -75.744182836505843, 10.170859981648505 ], [ -75.747243412592582, 10.172277103884596 ], [ -75.748705645563291, 10.182457001358102 ], [ -75.745856686674983, 10.184069992414834 ], [ -75.745302097817614, 10.180488817053288 ], [ -75.74415816425693, 10.181800741095913 ], [ -75.739045476896422, 10.180118847405311 ], [ -75.736931039560261, 10.181547365678171 ], [ -75.737232579088584, 10.184083550698233 ] ] ], [ [ [ -75.726234345383489, 10.184787604066628 ], [ -75.726419782060418, 10.184630915298328 ], [ -75.726495410386178, 10.184933632518948 ], [ -75.726234345383489, 10.184787604066628 ] ] ], [ [ [ -75.728154684479875, 10.184884936605215 ], [ -75.727386635079654, 10.184792551991166 ], [ -75.727498573338096, 10.184487972561442 ], [ -75.728154684479875, 10.184884936605215 ] ] ], [ [ [ -75.717638177221374, 10.185179978613917 ], [ -75.717480918920728, 10.184695335335277 ], [ -75.717828711841605, 10.184484733233944 ], [ -75.717638177221374, 10.185179978613917 ] ] ], [ [ [ -75.737045951244625, 10.185274511999864 ], [ -75.73719634730935, 10.185361083611099 ], [ -75.737125905860239, 10.185392568688599 ], [ -75.737045951244625, 10.185274511999864 ] ] ], [ [ [ -75.738023829296139, 10.185165915476944 ], [ -75.737862524081891, 10.185290015137412 ], [ -75.737687952536987, 10.185254784980543 ], [ -75.738023829296139, 10.185165915476944 ] ] ], [ [ [ -75.578292753961875, 10.31490343948434 ], [ -75.576020947832205, 10.313109358701752 ], [ -75.576613710627953, 10.311887895978657 ], [ -75.578841416628563, 10.313677955000514 ], [ -75.578292753961875, 10.31490343948434 ] ] ], [ [ [ -75.575372535258566, 10.381356956676257 ], [ -75.570198914225443, 10.37354554120202 ], [ -75.558920681711356, 10.367687328816714 ], [ -75.558090844340086, 10.365932478392153 ], [ -75.548678572261622, 10.365621366408504 ], [ -75.540605589626068, 10.362860302350896 ], [ -75.537455153193207, 10.357024467017141 ], [ -75.538254650839974, 10.356263040900785 ], [ -75.539415827576306, 10.359689464263397 ], [ -75.540915293050205, 10.355368867934203 ], [ -75.543622715066192, 10.358794786443184 ], [ -75.551647447352764, 10.355862100910429 ], [ -75.55013411008315, 10.355219645968475 ], [ -75.551219143758658, 10.351479132704696 ], [ -75.549391718384527, 10.349723092011516 ], [ -75.544723215048293, 10.34823830681762 ], [ -75.548206746155643, 10.351821777376585 ], [ -75.550096276606496, 10.351803216371422 ], [ -75.549111178789303, 10.355393823152667 ], [ -75.546384318113383, 10.356107660978921 ], [ -75.545028024446935, 10.355322440268367 ], [ -75.546841173783207, 10.354044669301743 ], [ -75.545677618306115, 10.351560511151149 ], [ -75.538299861287612, 10.349165108417992 ], [ -75.543748644596349, 10.343720768180162 ], [ -75.543086518330654, 10.341859680210575 ], [ -75.547034591099475, 10.34159989890145 ], [ -75.548948394946933, 10.336112195153703 ], [ -75.550966472620757, 10.336393890881595 ], [ -75.552766352033075, 10.339078664554563 ], [ -75.55537424243289, 10.337898450705552 ], [ -75.554117886421409, 10.339973342374776 ], [ -75.55600848856318, 10.342699129563073 ], [ -75.5567448112389, 10.341372465053212 ], [ -75.558096344728938, 10.345931512178083 ], [ -75.561322893679858, 10.344351550403985 ], [ -75.559814315688413, 10.337131472098065 ], [ -75.562169982311616, 10.340284257627218 ], [ -75.563895091290021, 10.338939862156167 ], [ -75.563528653820526, 10.342513813260496 ], [ -75.566384006922135, 10.345159773394073 ], [ -75.569391647043631, 10.341504920849104 ], [ -75.574455139026725, 10.341542992379516 ], [ -75.574816818116346, 10.338002354425726 ], [ -75.580755951705271, 10.334728217184704 ], [ -75.577596028157132, 10.332044184622418 ], [ -75.577124414952095, 10.328644373871327 ], [ -75.574919110257554, 10.327697335008168 ], [ -75.582609771400143, 10.321052428674022 ], [ -75.580473706207954, 10.320478172086155 ], [ -75.581677288849392, 10.31962699970984 ], [ -75.580714627372629, 10.319071315805331 ], [ -75.582126818752215, 10.318005478244345 ], [ -75.582594095785907, 10.319795584876942 ], [ -75.591441008198217, 10.323420192918832 ], [ -75.590729512281769, 10.32582870387904 ], [ -75.593281434899836, 10.331606363370327 ], [ -75.590947813849596, 10.339534954285341 ], [ -75.593410557943344, 10.347672709996004 ], [ -75.59035057115193, 10.352331693877602 ], [ -75.591456256213974, 10.358008859656252 ], [ -75.586702856625891, 10.361768637306682 ], [ -75.585624960969312, 10.365894621559278 ], [ -75.579864285040287, 10.369164002217076 ], [ -75.576556795122826, 10.37719495264696 ], [ -75.577973151095421, 10.379377971918132 ], [ -75.575372535258566, 10.381356956676257 ] ] ], [ [ [ -75.26413031196023, 10.78187637347537 ], [ -75.252911848901249, 10.780831456795738 ], [ -75.254422101353725, 10.777261466366667 ], [ -75.250810619505216, 10.775208568168125 ], [ -75.249545891188632, 10.777030445542664 ], [ -75.243898182988175, 10.777886912593488 ], [ -75.24101589477965, 10.776698697443862 ], [ -75.235101834986892, 10.777561904559604 ], [ -75.229998785658779, 10.775570072984408 ], [ -75.22725189253606, 10.771844020811614 ], [ -75.228096173930339, 10.760676103298977 ], [ -75.23076131670382, 10.758474939841221 ], [ -75.230249437382383, 10.756618770151647 ], [ -75.241189727010521, 10.747481752875387 ], [ -75.240026313467297, 10.743936369118217 ], [ -75.242974511120792, 10.740231308793682 ], [ -75.244521340305823, 10.73377487634292 ], [ -75.241698929350264, 10.732205805752017 ], [ -75.245238123710237, 10.727938794870568 ], [ -75.244904877220335, 10.730790899661486 ], [ -75.249526561224911, 10.722965119216099 ], [ -75.248083967238642, 10.721884844818703 ], [ -75.248745823111221, 10.718913982652566 ], [ -75.244590730725236, 10.716867433751474 ], [ -75.248516501002712, 10.702858782331816 ], [ -75.246879088327205, 10.701658194675929 ], [ -75.247752012527144, 10.695901889054255 ], [ -75.243058209019125, 10.689805669641373 ], [ -75.242660532610785, 10.684088906093393 ], [ -75.246786818697558, 10.677823902985551 ], [ -75.242969564094551, 10.667474336975886 ], [ -75.240598854271582, 10.668158272557434 ], [ -75.23894844116694, 10.658603634460974 ], [ -75.241858765817824, 10.65414057150241 ], [ -75.228662224401546, 10.644357734192454 ], [ -75.227859081388488, 10.638076961147249 ], [ -75.223620194984335, 10.630857694020619 ], [ -75.22482081497958, 10.628596658699792 ], [ -75.223185157613557, 10.622678039953371 ], [ -75.225197998105045, 10.62084275970409 ], [ -75.224607593388782, 10.618014763917984 ], [ -75.229009856523874, 10.614442707362059 ], [ -75.226950912658594, 10.611948179051581 ], [ -75.227675494344169, 10.606494637362971 ], [ -75.225438909388231, 10.603334068823983 ], [ -75.227071852043366, 10.59921992617285 ], [ -75.225308095714013, 10.597486343379614 ], [ -75.225905854943335, 10.594078396580528 ], [ -75.227629750296842, 10.592751291895809 ], [ -75.228691807744042, 10.581738517149631 ], [ -75.234546330745559, 10.574580788262267 ], [ -75.236958087321511, 10.567714398525084 ], [ -75.233957891544719, 10.558450805829466 ], [ -75.225499744246065, 10.559673371684653 ], [ -75.223249999859036, 10.552944444058426 ], [ -75.228041760235271, 10.549162554359668 ], [ -75.225238287577668, 10.543720904578265 ], [ -75.22552003720449, 10.541088756951524 ], [ -75.236337645613162, 10.528551876821837 ], [ -75.239192874747175, 10.517036533799569 ], [ -75.238613475300212, 10.513310100740796 ], [ -75.236591729802171, 10.511636845256874 ], [ -75.24216666722009, 10.501472222748589 ], [ -75.240657890700788, 10.495591401546164 ], [ -75.238184143134333, 10.494054478989995 ], [ -75.233665419618092, 10.48511356140159 ], [ -75.233745703017291, 10.479513752308605 ], [ -75.229631024071523, 10.478266276150748 ], [ -75.228663891676035, 10.475775644735052 ], [ -75.226300780708129, 10.476062970209341 ], [ -75.22445529379246, 10.480539600434497 ], [ -75.22195478359572, 10.480607288545059 ], [ -75.214420002737029, 10.474891300243826 ], [ -75.208557321229591, 10.475284996213986 ], [ -75.206972016272005, 10.471407650558774 ], [ -75.200270204314222, 10.470435398660413 ], [ -75.205218232148525, 10.458041883476085 ], [ -75.195248780469399, 10.448859118559199 ], [ -75.178617165805804, 10.452105668515856 ], [ -75.176795036902774, 10.455496346088182 ], [ -75.168339951963333, 10.451734153764335 ], [ -75.165752603355543, 10.447405989122842 ], [ -75.158296050549097, 10.442940882495407 ], [ -75.15672182272607, 10.437104195558049 ], [ -75.153185108616583, 10.434688171981122 ], [ -75.151260689368939, 10.424107261753591 ], [ -75.14319073675324, 10.417548227242548 ], [ -75.142259005194717, 10.41271236134736 ], [ -75.13993994494848, 10.412708492300339 ], [ -75.139667695911612, 10.410617032989137 ], [ -75.132179067834102, 10.406611828221003 ], [ -75.133386783627429, 10.404721274588269 ], [ -75.126546243831456, 10.39853541401834 ], [ -75.120059560589368, 10.402014246932993 ], [ -75.107584008493006, 10.403830458628534 ], [ -75.085420263863853, 10.411798957231781 ], [ -75.074484642783943, 10.409347825668931 ], [ -75.068868290303499, 10.404210018698109 ], [ -75.054117267846493, 10.383036644102731 ], [ -75.044036633392693, 10.374900475716402 ], [ -75.026242633757704, 10.364214890115306 ], [ -75.004142225796443, 10.360042822251899 ], [ -74.989010204167585, 10.346460227737964 ], [ -74.982269731384122, 10.342450816156031 ], [ -74.97104052536406, 10.330118268780325 ], [ -74.964616647885123, 10.325803056957284 ], [ -74.910746317216024, 10.254449405648529 ], [ -74.917476381211998, 10.23365604836556 ], [ -74.916441646944236, 10.233087991954733 ], [ -74.925206870991076, 10.224056362416661 ], [ -74.928851048847037, 10.213568728831035 ], [ -74.93184155987899, 10.197993806871466 ], [ -74.931610176135337, 10.180423826585638 ], [ -74.946029145066063, 10.144888502769277 ], [ -74.946134268699325, 10.132453892322928 ], [ -74.943667397741876, 10.124427455032617 ], [ -74.936607460432583, 10.11423309197653 ], [ -74.926692994675761, 10.108120633705312 ], [ -74.892593701749036, 10.106242354662356 ], [ -74.878876067882402, 10.098049984033821 ], [ -74.864683700060993, 10.093491292642113 ], [ -74.84847632141657, 10.085029282584628 ], [ -74.839741084056129, 10.078660646149785 ], [ -74.82626531907755, 10.061792794141127 ], [ -74.820407963685682, 10.046181778743005 ], [ -74.816682120820531, 10.040445289074 ], [ -74.79859700391944, 10.025396747052753 ], [ -74.788296969257317, 10.011257989831847 ], [ -74.788023446408374, 10.006274211715663 ], [ -74.799282594199042, 9.989883441859831 ], [ -74.81227773406647, 9.978435681845212 ], [ -74.820394992002662, 9.967333129397957 ], [ -74.837970805952637, 9.957994454552761 ], [ -74.845361874217588, 9.957828770048025 ], [ -74.852932788939086, 9.954389226780279 ], [ -74.858100559240086, 9.950211216556511 ], [ -74.865729607583148, 9.939852767099865 ], [ -74.872625374050131, 9.936749178744719 ], [ -74.873508343219612, 9.929531015648479 ], [ -74.870524353961741, 9.913343773655527 ], [ -74.871842845592653, 9.911722617804628 ], [ -74.871723802552992, 9.901938853432625 ], [ -74.879423506144406, 9.890526153793132 ], [ -74.882369864046666, 9.87285124930014 ], [ -74.880533185119418, 9.863972337075325 ], [ -74.873290636337003, 9.848504208718452 ], [ -74.868625725366485, 9.847946396703321 ], [ -74.864302838331525, 9.845298909432529 ], [ -74.859520698919596, 9.838434205834517 ], [ -74.855556546294395, 9.827497976594657 ], [ -74.850442127878921, 9.82090964799886 ], [ -74.824156311163335, 9.795248743910349 ], [ -74.815597299147555, 9.789894281984971 ], [ -74.814914799074984, 9.784545102157665 ], [ -74.805230418096983, 9.76181129427971 ], [ -74.814847564613956, 9.736991390037133 ], [ -74.815288847975921, 9.7311688075593 ], [ -74.807095326604554, 9.722935135055991 ], [ -74.799619572293579, 9.709736861686451 ], [ -74.787645983906657, 9.696864822552129 ], [ -74.78752760831577, 9.693136365587407 ], [ -74.789730607931403, 9.689512767252722 ], [ -74.792716527670336, 9.686621723158112 ], [ -74.801856944174347, 9.683347824869202 ], [ -74.805399472185002, 9.678540204723959 ], [ -74.805752767291381, 9.675530603578636 ], [ -74.801925305123632, 9.664268263172914 ], [ -74.785725778659412, 9.645895442606502 ], [ -74.776974538697743, 9.626194693599587 ], [ -74.772135582595467, 9.604440217248452 ], [ -74.773580494237081, 9.587267881929904 ], [ -74.774440356922355, 9.583518250758743 ], [ -74.780896680676904, 9.573626860943364 ], [ -74.799671744690272, 9.556829554588489 ], [ -74.805561809564324, 9.553627238609977 ], [ -74.807054037306216, 9.547422054364631 ], [ -74.80530273163663, 9.543075246971171 ], [ -74.796066357017537, 9.536192716292078 ], [ -74.788030056217508, 9.527016489319067 ], [ -74.779661830350506, 9.512332828883928 ], [ -74.775759024623198, 9.500481671086334 ], [ -74.777050452687945, 9.495938288795912 ], [ -74.790238036097094, 9.478237535260007 ], [ -74.799301840619364, 9.469821458794627 ], [ -74.806770582675597, 9.465303787206381 ], [ -74.808900028177163, 9.456531862620523 ], [ -74.805698828805475, 9.447455072042146 ], [ -74.800786543168158, 9.442087111122248 ], [ -74.791264258820718, 9.452146300976551 ], [ -74.778744073893904, 9.46177194017298 ], [ -74.773007089252815, 9.463883448999013 ], [ -74.763337321181154, 9.463752472729539 ], [ -74.753366478010491, 9.45938567780513 ], [ -74.74275015706462, 9.44716562294883 ], [ -74.739008416701211, 9.438855510042174 ], [ -74.738897816035262, 9.425273727605941 ], [ -74.732074876046397, 9.418828271678308 ], [ -74.720695266775067, 9.417529811595898 ], [ -74.71291146373801, 9.419728471447002 ], [ -74.698890721883345, 9.426862110194179 ], [ -74.690698275796251, 9.419037822749942 ], [ -74.672406186888736, 9.413078677375495 ], [ -74.669023399225864, 9.400682990063103 ], [ -74.66018044030227, 9.385967377426198 ], [ -74.652658734432976, 9.382625508057117 ], [ -74.628770827650499, 9.378940411009069 ], [ -74.618447120565179, 9.371501502925526 ], [ -74.614905418106957, 9.365896389276543 ], [ -74.613334933566648, 9.359465339642668 ], [ -74.615280595292745, 9.340995333861429 ], [ -74.592757988692938, 9.323815476044729 ], [ -74.577890634313974, 9.320507759751649 ], [ -74.56568066125817, 9.314363191175005 ], [ -74.562433689991281, 9.30617159040321 ], [ -74.563442829439566, 9.305492670119918 ], [ -74.560814154702484, 9.292947545245966 ], [ -74.555915164141936, 9.288744027339362 ], [ -74.547477461617177, 9.274459951335814 ], [ -74.538529989016865, 9.267563151805405 ], [ -74.533724867986791, 9.260986189601965 ], [ -74.530560618148797, 9.241968042177348 ], [ -74.524223963560189, 9.242454404832813 ], [ -74.516778901113696, 9.234521722088459 ], [ -74.510864937440772, 9.234050476294613 ], [ -74.503030682282258, 9.238480498292404 ], [ -74.496313086014027, 9.244697887058976 ], [ -74.486797901057969, 9.250405979162622 ], [ -74.471948322555988, 9.26686989889032 ], [ -74.463833151407812, 9.271320159049253 ], [ -74.447924649683159, 9.268960134695078 ], [ -74.439662269695418, 9.273969663937748 ], [ -74.435574779181707, 9.27429169944395 ], [ -74.431228263740991, 9.270802554759939 ], [ -74.431425470154124, 9.26007530975437 ], [ -74.424782014600339, 9.245018081017406 ], [ -74.422345447434793, 9.240677943620256 ], [ -74.415721026298741, 9.234624593643503 ], [ -74.4086420689448, 9.219986070892446 ], [ -74.40303060779496, 9.213748526609777 ], [ -74.393282876674334, 9.214424823810418 ], [ -74.360002723073649, 9.231407505756692 ], [ -74.348899169902381, 9.233281268965129 ], [ -74.341959546749933, 9.230749087739468 ], [ -74.331235255407364, 9.221413881292335 ], [ -74.31093369379505, 9.209307182237126 ], [ -74.296453851378828, 9.202676296819163 ], [ -74.291004388044882, 9.192158098929951 ], [ -74.295097482253823, 9.184769521695216 ], [ -74.299471010056664, 9.170336000045268 ], [ -74.29979373816451, 9.162885480329066 ], [ -74.298246908979479, 9.159834908787616 ], [ -74.283886397064123, 9.15746621209081 ], [ -74.266459947912097, 9.169582154817647 ], [ -74.261894214621236, 9.167723539911947 ], [ -74.252156676692266, 9.166955854329728 ], [ -74.248277824561114, 9.164652782311691 ], [ -74.241206999661927, 9.156814264643685 ], [ -74.235913981652629, 9.147804014128099 ], [ -74.229505903755467, 9.141828154686152 ], [ -74.220075332980116, 9.136127052379322 ], [ -74.220075332980116, 9.133823981259582 ], [ -74.22767141941415, 9.130227961226069 ], [ -74.229247200425561, 9.127157205422463 ], [ -74.228439108589669, 9.12404603887353 ], [ -74.223630944064951, 9.121217710710482 ], [ -74.213705559277173, 9.120175427893344 ], [ -74.200797663859703, 9.100530473293247 ], [ -74.189525494978625, 9.094161900638824 ], [ -74.176586895120295, 9.089289781404773 ], [ -74.175357167890013, 9.086327193627312 ], [ -74.178124828281966, 9.081257002003497 ], [ -74.177388882000685, 9.077109892951853 ], [ -74.17292065821664, 9.074045888891249 ], [ -74.161494279021099, 9.0730405600994 ], [ -74.157557630136864, 9.070863398746894 ], [ -74.158619303104842, 9.061564521995422 ], [ -74.157293109312548, 9.057377077657009 ], [ -74.149909506053518, 9.056672184363151 ], [ -74.134660724005983, 9.064402751397381 ], [ -74.131076315605128, 9.05546162270474 ], [ -74.117939227436636, 9.04888141398726 ], [ -74.11764534784885, 9.045679231857832 ], [ -74.120101492913307, 9.043230021792908 ], [ -74.133098950435965, 9.044180270339211 ], [ -74.140694534711429, 9.040799774280401 ], [ -74.142306049834986, 9.037903458867561 ], [ -74.142146031009247, 9.033207915321441 ], [ -74.137467601281287, 9.028731709999761 ], [ -74.131345988271676, 9.027529478425606 ], [ -74.126603611919222, 9.028558406877039 ], [ -74.121965892974004, 9.032987242199397 ], [ -74.119337408679883, 9.039710690098048 ], [ -74.113280942444931, 9.040996687842551 ], [ -74.111379672800638, 9.039549046218667 ], [ -74.104510211721049, 9.022240465109007 ], [ -74.097995835193331, 9.015818201005629 ], [ -74.090487110888546, 9.0158701407384 ], [ -74.08287992306532, 9.023717838297557 ], [ -74.07750791702847, 9.026282563715256 ], [ -74.074321577600017, 9.025790433871066 ], [ -74.065921363598534, 9.020206498920118 ], [ -74.057095850870041, 9.018505769339697 ], [ -74.04728926208503, 9.023356735028528 ], [ -74.043154922595306, 9.040611379448876 ], [ -74.04052487343472, 9.043131958923425 ], [ -74.035593827366029, 9.044391840825199 ], [ -74.033838769430531, 9.034109210137274 ], [ -74.030853041931209, 9.029086393902674 ], [ -74.026969274214935, 9.026165735024506 ], [ -74.018772665331483, 9.025292026594684 ], [ -74.011974767697723, 9.031270722020281 ], [ -74.008455492596738, 9.032336455376537 ], [ -74.003201204583434, 9.029646766118447 ], [ -73.998658328943236, 9.020689356346566 ], [ -73.984738398805007, 9.00967825606142 ], [ -73.987153257266073, 9.007821038037093 ], [ -73.995774681582589, 9.011038424164781 ], [ -74.001684841785561, 9.010144374267497 ], [ -74.004854538113477, 9.00535180361021 ], [ -74.003860891921249, 8.998821163071284 ], [ -74.001655460564166, 8.995386742899655 ], [ -73.99467139861747, 8.996963897436217 ], [ -73.989757488824864, 8.995697167671608 ], [ -73.983842664565202, 8.98846639940524 ], [ -73.977665586830824, 8.983928362993254 ], [ -73.976047725104706, 8.986642811637012 ], [ -73.969231308686574, 8.990858569099089 ], [ -73.967092680598853, 8.994445982366983 ], [ -73.959136258955937, 8.995924507196662 ], [ -73.948317752231276, 8.992324705252827 ], [ -73.937852175896694, 8.984539924847979 ], [ -73.927526047849767, 8.982007713079611 ], [ -73.92097333568671, 8.978352647633756 ], [ -73.914020272828566, 8.977625100607042 ], [ -73.900889320158399, 8.980919111292906 ], [ -73.89395999260563, 8.977930377129951 ], [ -73.883463443233723, 8.966411628591686 ], [ -73.878374634909107, 8.965667371090774 ], [ -73.871028636056167, 8.961178577666999 ], [ -73.86632792629473, 8.952659440101854 ], [ -73.867148134616855, 8.931105678986171 ], [ -73.87175944396995, 8.91186302712174 ], [ -73.873364898155444, 8.911815277134792 ], [ -73.87020509228671, 8.895532213570732 ], [ -73.866556746244555, 8.887049172139086 ], [ -73.821593682246544, 8.838184815177954 ], [ -73.818349926052633, 8.83519958175242 ], [ -73.812745434038334, 8.834539335662157 ], [ -73.807880885811585, 8.831721625594184 ], [ -73.80225632092629, 8.821869773360959 ], [ -73.797562503045185, 8.819839599862178 ], [ -73.795277155700148, 8.816771946842039 ], [ -73.794470220895221, 8.801250003966857 ], [ -73.791935289026014, 8.790269241609678 ], [ -73.794801709380693, 8.766883001194003 ], [ -73.789944395292707, 8.755960041878154 ], [ -73.789270677157333, 8.74920532539619 ], [ -73.794253980962651, 8.743017715805024 ], [ -73.810255806041653, 8.733171104347264 ], [ -73.815716895381286, 8.721492233676997 ], [ -73.811701545930589, 8.710996641011604 ], [ -73.808883684047203, 8.696108988284266 ], [ -73.816198286755991, 8.679654772166032 ], [ -73.81847730276985, 8.665003993689766 ], [ -73.820289660689753, 8.661899541154639 ], [ -73.819815012074969, 8.653017692334799 ], [ -73.814506732575126, 8.625722462184513 ], [ -73.803305130009107, 8.611738968104419 ], [ -73.802304087082916, 8.612611729709158 ], [ -73.798364834878896, 8.608617887740138 ], [ -73.79473567866313, 8.591908648692652 ], [ -73.790048016043272, 8.580794357051957 ], [ -73.78274458119904, 8.566419549335762 ], [ -73.774904433087556, 8.560550084644206 ], [ -73.778032140328946, 8.548362971933955 ], [ -73.78020328925254, 8.514579921273537 ], [ -73.774301532795732, 8.497054660954802 ], [ -73.764837540173573, 8.484335343625276 ], [ -73.754977314736834, 8.476717551181707 ], [ -73.746875250917469, 8.465927236308062 ], [ -73.746004312894172, 8.462057962022129 ], [ -73.746735696628548, 8.449219881927547 ], [ -73.749631182895769, 8.441861362346174 ], [ -73.748374153147267, 8.429877288814907 ], [ -73.74996505641019, 8.407958145751024 ], [ -73.749023602377576, 8.38854495128902 ], [ -73.750488741400488, 8.380882202621194 ], [ -73.748474198600206, 8.362683996718829 ], [ -73.757632357743489, 8.334247863027713 ], [ -73.756326795574807, 8.327670250443475 ], [ -73.748272590438603, 8.32132125209472 ], [ -73.746749943021996, 8.316851220000615 ], [ -73.749251090124801, 8.312190214908014 ], [ -73.757022868303807, 8.307554268340311 ], [ -73.760327241064772, 8.299872526577303 ], [ -73.758735134058384, 8.29082107569667 ], [ -73.751137003955364, 8.277049610243751 ], [ -73.750266650735853, 8.271879639966869 ], [ -73.752456218730629, 8.268164205889207 ], [ -73.762189312690396, 8.260323423566604 ], [ -73.764773103966888, 8.250197749345148 ], [ -73.764605840222657, 8.240468928674602 ], [ -73.774148227983801, 8.227494975590105 ], [ -73.77955551717821, 8.208128716342458 ], [ -73.775579639732541, 8.199364465171868 ], [ -73.776258526778122, 8.188097080721775 ], [ -73.771407224220809, 8.166661193936648 ], [ -73.771212382175349, 8.154609033442455 ], [ -73.773705660928272, 8.147235045757895 ], [ -73.778240097788, 8.138624666236637 ], [ -73.783976369166226, 8.135255788098732 ], [ -73.801800979817244, 8.132996613190301 ], [ -73.806771184378704, 8.130394321994117 ], [ -73.810417405903536, 8.125430700292327 ], [ -73.812082398676864, 8.119594516411951 ], [ -73.823573405420404, 8.105633033768811 ], [ -73.830481771667621, 8.10273315832967 ], [ -73.846692667219145, 8.088367226873856 ], [ -73.856078482094802, 8.083696773293639 ], [ -73.861472192344536, 8.078501264791157 ], [ -73.866897714658762, 8.067874965351166 ], [ -73.866465826783894, 8.053100594763009 ], [ -73.87168018375263, 8.018769998042671 ], [ -73.86896919632045, 7.98929783111879 ], [ -73.865650168432296, 7.976920538623176 ], [ -73.839222457314577, 7.950345615072592 ], [ -73.83158918958128, 7.93587287025116 ], [ -73.831148164934348, 7.932005232696952 ], [ -73.833810974781102, 7.927144953267828 ], [ -73.832600593684163, 7.912337703415744 ], [ -73.835596447899775, 7.903265779913454 ], [ -73.835366775448051, 7.896226661975788 ], [ -73.83397074207835, 7.885038060737259 ], [ -73.821211544010055, 7.864886882613234 ], [ -73.822365056314254, 7.856101938733559 ], [ -73.819843381792566, 7.847858244616987 ], [ -73.821627457131513, 7.823028139097858 ], [ -73.809535538069497, 7.806877983182687 ], [ -73.806304475080651, 7.791710211272004 ], [ -73.798136883600648, 7.77498719205704 ], [ -73.798019935433842, 7.771732939939056 ], [ -73.805660995160167, 7.758643549655233 ], [ -73.818217084879223, 7.742822645418642 ], [ -73.827774285871214, 7.738850443882086 ], [ -73.831850681284038, 7.729819638099741 ], [ -73.828628640981094, 7.724998853133513 ], [ -73.820573215033505, 7.719110092614301 ], [ -73.810943904419503, 7.70617599691235 ], [ -73.810946441263923, 7.702115215129993 ], [ -73.815522076692048, 7.69175889019067 ], [ -73.815666095611448, 7.688156861321488 ], [ -73.811745303801217, 7.680917294049891 ], [ -73.808913480290641, 7.669832530954409 ], [ -73.798198479332143, 7.656900153730987 ], [ -73.797759385166273, 7.650859330770857 ], [ -73.799681935916624, 7.6465879962945 ], [ -73.803375112418792, 7.644527733701352 ], [ -73.81201862812236, 7.64688543680694 ], [ -73.818425769974226, 7.642814403442344 ], [ -73.818521897871051, 7.636447015666704 ], [ -73.811965748750993, 7.626746850378254 ], [ -73.810311482769009, 7.616571712182918 ], [ -73.814410648695798, 7.610171057969183 ], [ -73.828711809771335, 7.602441178146705 ], [ -73.828016058639435, 7.593676888348512 ], [ -73.830537480734336, 7.575701859174899 ], [ -73.840703759737323, 7.566162771826725 ], [ -73.849234384967474, 7.534666159965298 ], [ -73.853930284246701, 7.53229113283561 ], [ -73.866577419190662, 7.533136508378789 ], [ -73.869945086398616, 7.524047860927567 ], [ -73.877661389971422, 7.517107926059452 ], [ -73.879658458728898, 7.508158413383512 ], [ -73.881541559932145, 7.506280773941626 ], [ -73.903909160309524, 7.501207212734471 ], [ -73.909965377710932, 7.497946384045008 ], [ -73.913080976550987, 7.493596649039716 ], [ -73.917350693160245, 7.472630128771357 ], [ -73.909417596292201, 7.464692785563614 ], [ -73.908169007120875, 7.460751283077968 ], [ -73.908861455144859, 7.453380193360829 ], [ -73.903009865145066, 7.448156826282627 ], [ -73.90137440540849, 7.441131316035694 ], [ -73.895357304279003, 7.431371640007228 ], [ -73.895969073644665, 7.408783373694348 ], [ -73.898794167870165, 7.402983285947471 ], [ -73.89938003519228, 7.391215305024957 ], [ -73.900876382611386, 7.386160540181777 ], [ -73.907519626162582, 7.381439248204174 ], [ -73.904038197114687, 7.367846435345768 ], [ -73.903958567689529, 7.359144535390385 ], [ -73.913685939376307, 7.318539429582358 ], [ -73.914023840041409, 7.302378897219 ], [ -73.915852335309921, 7.295583789754744 ], [ -73.939745964365329, 7.274432784126077 ], [ -73.942669374785453, 7.265627525728405 ], [ -73.943668998372345, 7.268117516644793 ], [ -73.941120898987151, 7.272991283390354 ], [ -74.247293130087826, 7.001971002685025 ], [ -74.251067116402396, 7.003814799868337 ], [ -74.258683345776149, 7.00379401822596 ], [ -74.260647151688772, 7.008677552361405 ], [ -74.277209601410277, 7.01219992934756 ], [ -74.284618023343796, 7.008189197241052 ], [ -74.28674807610696, 7.001674358978903 ], [ -74.291454969875758, 7.00337839705719 ], [ -74.292888858281685, 7.005757822341991 ], [ -74.295808587402803, 7.003617379655964 ], [ -74.301222034553348, 7.003129027230557 ], [ -74.305814631085866, 6.999159856612152 ], [ -74.309731851191714, 7.00208998104597 ], [ -74.30806937190647, 7.006225394921671 ], [ -74.313701020013468, 7.005934460013691 ], [ -74.314480307346855, 7.010599793192739 ], [ -74.318189711927516, 7.013779283860003 ], [ -74.319145638729253, 7.017758846197864 ], [ -74.322158883444274, 7.018860239106118 ], [ -74.328237320691926, 7.014153340845724 ], [ -74.329484180604993, 7.010714086835719 ], [ -74.334689819416951, 7.012418132100549 ], [ -74.343999702336077, 7.011212833675586 ], [ -74.349153388838829, 7.012470082613163 ], [ -74.355695755096463, 7.009898842607811 ], [ -74.354397885207675, 7.017248367351101 ], [ -74.355853073584285, 7.019311471317735 ], [ -74.352745022395254, 7.023187367090941 ], [ -74.354892736949353, 7.030227367174916 ], [ -74.353124422564633, 7.032572583688079 ], [ -74.350523965729678, 7.055367637852612 ], [ -74.353502792365475, 7.064969329741132 ], [ -74.351957226212733, 7.067099078873525 ], [ -74.351444966005317, 7.081589765760441 ], [ -74.354806539037554, 7.089164847769837 ], [ -74.357419063849591, 7.087517991098196 ], [ -74.361378838980954, 7.087683680992825 ], [ -74.362630869600935, 7.084996163862741 ], [ -74.363423201380954, 7.091661591327579 ], [ -74.366557681924974, 7.089824268307723 ], [ -74.372010273195258, 7.098079353071228 ], [ -74.372461031096066, 7.104373248716513 ], [ -74.368971115656905, 7.105676248888017 ], [ -74.371734147924883, 7.11031172922975 ], [ -74.369914279184911, 7.111404161435871 ], [ -74.369477208924991, 7.114477779274296 ], [ -74.372189077605185, 7.118057749994136 ], [ -74.369067928968889, 7.121859992838438 ], [ -74.370016403341026, 7.125205813001344 ], [ -74.376722994339957, 7.131739935413066 ], [ -74.377136641010111, 7.143131676441953 ], [ -74.382189531067809, 7.147823508146359 ], [ -74.386267714129417, 7.161909608778274 ], [ -74.389470685878621, 7.16084160358082 ], [ -74.388462045894016, 7.164508878039385 ], [ -74.392771945974573, 7.169435046252204 ], [ -74.391903470235491, 7.17285018227426 ], [ -74.392860520830482, 7.173987706350317 ], [ -74.396646708072979, 7.171782201331325 ], [ -74.396481876070141, 7.176407369005346 ], [ -74.39893028034561, 7.178835737240775 ], [ -74.399554690814057, 7.188891287118622 ], [ -74.40527212001416, 7.188898532935468 ], [ -74.409099405213681, 7.194124391942296 ], [ -74.4075700931906, 7.199905671647116 ], [ -74.409769899292883, 7.20260767322435 ], [ -74.406668260283482, 7.207195399985778 ], [ -74.404877055908742, 7.206924291810253 ], [ -74.403763319240397, 7.20996437191917 ], [ -74.407969834827441, 7.215854550879328 ], [ -74.406971079912125, 7.219038098341628 ], [ -74.408329020191843, 7.218757939632383 ], [ -74.408646241622591, 7.219196254059966 ], [ -74.403282983386987, 7.221970386818725 ], [ -74.404922171134899, 7.22324189562454 ], [ -74.403663336669581, 7.226017595046358 ], [ -74.404920708676457, 7.226715201200818 ], [ -74.405550800095284, 7.22940477277956 ], [ -74.404763931873219, 7.228256989934778 ], [ -74.403017357633985, 7.22957386819013 ], [ -74.399118208052812, 7.235105891256069 ], [ -74.397036939238319, 7.244185637294095 ], [ -74.398158396932729, 7.249495959564513 ], [ -74.395979591661899, 7.252768476243432 ], [ -74.395590805886968, 7.257623233724132 ], [ -74.390141294942282, 7.260835832725832 ], [ -74.391209720551615, 7.263984012588935 ], [ -74.389722598837864, 7.263448162603311 ], [ -74.388717178417778, 7.266315207287676 ], [ -74.389888819637235, 7.27303946726397 ], [ -74.387648300955505, 7.274874296558608 ], [ -74.388688903921718, 7.276217465828324 ], [ -74.387003575969061, 7.278867956169506 ], [ -74.389135136106461, 7.283140019180166 ], [ -74.387760357791649, 7.28556989928137 ], [ -74.389562585402018, 7.287427940163127 ], [ -74.38789681199205, 7.288939119677707 ], [ -74.388842818690193, 7.293399616147497 ], [ -74.3868761130135, 7.294370731676111 ], [ -74.388333127666499, 7.29624144779666 ], [ -74.386302719707317, 7.299260641160231 ], [ -74.387529318102963, 7.301028660897316 ], [ -74.391708993804627, 7.300728434706969 ], [ -74.395064102554898, 7.305704315727155 ], [ -74.394819784857475, 7.309646360795682 ], [ -74.399087159556927, 7.310773600950142 ], [ -74.398407522417415, 7.313346559433967 ], [ -74.401651736752456, 7.313899192657402 ], [ -74.400488406752686, 7.316804795759367 ], [ -74.403375344644815, 7.319493867874428 ], [ -74.401120316363063, 7.320274242170171 ], [ -74.402556594289592, 7.323789445204682 ], [ -74.4012322195872, 7.328670864704293 ], [ -74.402911071579808, 7.330232802666103 ], [ -74.401047137745081, 7.331036628399318 ], [ -74.401136572289431, 7.337308374267081 ], [ -74.397338160762786, 7.343279994555814 ], [ -74.397727519663306, 7.347909257652532 ], [ -74.390764684025442, 7.353074936673863 ], [ -74.388921504883569, 7.359461057033002 ], [ -74.386942021560117, 7.361193984953843 ], [ -74.382961177325285, 7.360882504660651 ], [ -74.377068725625577, 7.364819792247602 ], [ -74.373841685295815, 7.364225166344454 ], [ -74.373566638902957, 7.37455931635327 ], [ -74.360731225010284, 7.388142066275861 ], [ -74.361246810783484, 7.394137767721645 ], [ -74.354972060947091, 7.399717291042691 ], [ -74.35156459115376, 7.399769132859035 ], [ -74.34801459095064, 7.402209024692127 ], [ -74.343445946217628, 7.412340470593847 ], [ -74.34013360898706, 7.412535694423639 ], [ -74.338558451406982, 7.418307487013124 ], [ -74.329237629693921, 7.425982906428089 ], [ -74.32845499882842, 7.432663536992891 ], [ -74.324461709323714, 7.433375447931326 ], [ -74.319388767056353, 7.439867494119937 ], [ -74.322910596069676, 7.446816856814451 ], [ -74.326663437822219, 7.448905437921212 ], [ -74.32798824910617, 7.453191037655699 ], [ -74.33290560843227, 7.455661502775513 ], [ -74.335013050581779, 7.459305912396928 ], [ -74.338580194247413, 7.459081442093179 ], [ -74.342167502412337, 7.461503716152833 ], [ -74.348619912204128, 7.462854545363143 ], [ -74.350934040695506, 7.461465588926842 ], [ -74.352965309241426, 7.462179280327575 ], [ -74.356307293594966, 7.466655844975662 ], [ -74.356857292955851, 7.471833230851132 ], [ -74.360483968022834, 7.476531303156776 ], [ -74.370094368186699, 7.479960931710821 ], [ -74.37140520526691, 7.479999529654435 ], [ -74.374985632331288, 7.470378208662964 ], [ -74.379814965672551, 7.465964049129127 ], [ -74.401073296707011, 7.460538195336255 ], [ -74.412448717130815, 7.460350820093424 ], [ -74.422299964797389, 7.442204516194579 ], [ -74.421593998015965, 7.440502242408911 ], [ -74.413068116792601, 7.440970495912154 ], [ -74.411876653332342, 7.439584230830633 ], [ -74.415951856679783, 7.415731132894791 ], [ -74.413098795182293, 7.401733123824783 ], [ -74.419405670595552, 7.388585669089707 ], [ -74.422836302568555, 7.383819570906667 ], [ -74.428377033011486, 7.380257238621482 ], [ -74.438561099569597, 7.380679878333126 ], [ -74.44811952766122, 7.377715653823941 ], [ -74.452268927418743, 7.36618682079029 ], [ -74.467896172692008, 7.360732925165166 ], [ -74.467643909389551, 7.352085172105035 ], [ -74.46988595700509, 7.347617743330716 ], [ -74.4783505317547, 7.344402081969747 ], [ -74.49096935357494, 7.343460020675479 ], [ -74.496087302372246, 7.346768362196485 ], [ -74.505686049580959, 7.361915355159795 ], [ -74.507919144579262, 7.372507896782849 ], [ -74.515671102314059, 7.380231612360944 ], [ -74.5181137870116, 7.384882269751472 ], [ -74.527149881180208, 7.389581616767543 ], [ -74.534274597852857, 7.40045468271444 ], [ -74.544232623850803, 7.405750969695646 ], [ -74.54811634934623, 7.411552943906145 ], [ -74.559019895155075, 7.414476262697974 ], [ -74.561297283420345, 7.429392005766658 ], [ -74.563238502973832, 7.432857083666704 ], [ -74.570049358815879, 7.430398092737164 ], [ -74.579138206591608, 7.433598000330448 ], [ -74.585022517751668, 7.440476441875091 ], [ -74.582518752956048, 7.443816562222935 ], [ -74.583183902953408, 7.448647800892388 ], [ -74.588706096645694, 7.44547809468304 ], [ -74.59842158720511, 7.461902739136917 ], [ -74.598095318833884, 7.468744485371246 ], [ -74.587912886312608, 7.482272249371476 ], [ -74.58789244962361, 7.485716531256116 ], [ -74.590844328576054, 7.487107859246635 ], [ -74.592803138953457, 7.490587548256428 ], [ -74.592871808923405, 7.49914023343257 ], [ -74.59018291557328, 7.505220298428867 ], [ -74.590229700768873, 7.511040884848512 ], [ -74.586683690885422, 7.514157947943659 ], [ -74.573830442725182, 7.514498221061331 ], [ -74.568383536896874, 7.518105558079753 ], [ -74.570053307812998, 7.533369625872353 ], [ -74.567113587567633, 7.537907409857496 ], [ -74.566912539056943, 7.542527017853843 ], [ -74.570219278880529, 7.554039071242926 ], [ -74.57052870921666, 7.577677268635341 ], [ -74.566266360595193, 7.584849010353935 ], [ -74.566627055130482, 7.598101425228776 ], [ -74.562433696279527, 7.607606298415476 ], [ -74.562933299214478, 7.611998401596622 ], [ -74.566105609641966, 7.617670736231844 ], [ -74.564358816213655, 7.639222188675433 ], [ -74.561083819284192, 7.646454134634041 ], [ -74.551823409322196, 7.649855254231568 ], [ -74.544366148642723, 7.655380138380224 ], [ -74.54156556407105, 7.662471310136823 ], [ -74.530606671216844, 7.671204668220184 ], [ -74.520776786403076, 7.671944338919673 ], [ -74.517307928389243, 7.676469400055282 ], [ -74.508025270733185, 7.67840869900914 ], [ -74.496161950635269, 7.67796758273397 ], [ -74.489444951747146, 7.675324799045768 ], [ -74.482601850852291, 7.680423894885223 ], [ -74.476467162853339, 7.682159137766405 ], [ -74.477943381705813, 7.697130210812418 ], [ -74.475321530577048, 7.705552263774223 ], [ -74.478844599266495, 7.708198945255504 ], [ -74.485581565922587, 7.707904633577698 ], [ -74.487419428830378, 7.713620558098512 ], [ -74.497900203773327, 7.711531944652393 ], [ -74.501722410792468, 7.715961150979297 ], [ -74.503277851234714, 7.721623331050466 ], [ -74.507038408623373, 7.722627095874088 ], [ -74.509533988861904, 7.727672396958212 ], [ -74.511454118650647, 7.741598871328506 ], [ -74.513581171936721, 7.781025400019303 ], [ -74.517071020002163, 7.782786385942131 ], [ -74.522022709372493, 7.780588098892167 ], [ -74.525299094200136, 7.782569429153341 ], [ -74.524409464915891, 7.790845403357082 ], [ -74.517223821757113, 7.801741591059567 ], [ -74.517103965741455, 7.814347264228502 ], [ -74.519489077366529, 7.823691966774049 ], [ -74.526820890911551, 7.837680507593461 ], [ -74.527545205797253, 7.851831360639267 ], [ -74.522758031324202, 7.863402506153136 ], [ -74.522120605155237, 7.871035785564573 ], [ -74.523768849725116, 7.883561665814852 ], [ -74.522243883754868, 7.896954528803008 ], [ -74.519797957034939, 7.900795848393329 ], [ -74.525781058700488, 7.910895401382163 ], [ -74.536615089223915, 7.916082728022445 ], [ -74.536618968152425, 7.932814936111754 ], [ -74.538915698957794, 7.946922180407341 ], [ -74.541047595065436, 7.949118794792923 ], [ -74.548575888285939, 7.950090925418635 ], [ -74.554121915200028, 7.957856886103229 ], [ -74.558627128941964, 7.960312025053781 ], [ -74.56174327485644, 7.968933332589188 ], [ -74.565477682266362, 7.971091888020737 ], [ -74.568673819627406, 7.97665234458475 ], [ -74.574105973310338, 7.979395867225776 ], [ -74.575070636235182, 7.984696037627089 ], [ -74.578851726432674, 7.98858518356127 ], [ -74.579163573238816, 7.995126658689458 ], [ -74.591170251993901, 8.004327613607018 ], [ -74.592199636789871, 8.010591707619085 ], [ -74.597116087020197, 8.017566885220504 ], [ -74.597670401891151, 8.024774019691222 ], [ -74.603860170135647, 8.032210018129263 ], [ -74.603136378968145, 8.037841376080166 ], [ -74.609026852575994, 8.033298925343388 ], [ -74.614630704989281, 8.031822737931975 ], [ -74.625680160672687, 8.035816279863468 ], [ -74.628093836051619, 8.050124785570631 ], [ -74.630918953633284, 8.05464581686067 ], [ -74.642895932264821, 8.057257269083436 ], [ -74.650258601167764, 8.051513441071052 ], [ -74.656626647408984, 8.056376693926154 ], [ -74.659053024976174, 8.055980450331788 ], [ -74.661178934705958, 8.05821711972942 ], [ -74.667681088746178, 8.060034020433363 ], [ -74.669004408825572, 8.063347741070572 ], [ -74.668173695596181, 8.066909972744384 ], [ -74.672361278275275, 8.072474151929839 ], [ -74.673942690829676, 8.077895072171202 ], [ -74.679746167024462, 8.078752325248558 ], [ -74.681521815261021, 8.082441411717923 ], [ -74.691122103979978, 8.090251550685139 ], [ -74.696859935733073, 8.090928960000952 ], [ -74.698543864109411, 8.088100462056161 ], [ -74.703593012680926, 8.088615473805476 ], [ -74.707612822270562, 8.091239208702916 ], [ -74.708570807114256, 8.095942174135814 ], [ -74.711198731757463, 8.099368426818387 ], [ -74.715375177114765, 8.097271060181129 ], [ -74.718081065705348, 8.098132567683081 ], [ -74.722725566038037, 8.104842566892842 ], [ -74.725344300010249, 8.116498411029113 ], [ -74.728585988280713, 8.118374935660881 ], [ -74.738258260857378, 8.116521690888248 ], [ -74.750449559720153, 8.126319576787807 ], [ -74.760698204418873, 8.130456261780637 ], [ -74.762237528173728, 8.124707946679791 ], [ -74.76716354726608, 8.124958580437067 ], [ -74.771313695320771, 8.121571437738226 ], [ -74.773561000779864, 8.121778833749772 ], [ -74.778754550953408, 8.128222220855605 ], [ -74.784810512334786, 8.13149546966207 ], [ -74.789037531086251, 8.137233788302467 ], [ -74.78913122185179, 8.141558203372995 ], [ -74.795498530575571, 8.147770460958554 ], [ -74.798630114050582, 8.159513522595262 ], [ -74.807198797336355, 8.165782881637369 ], [ -74.812365954985864, 8.167525409861298 ], [ -74.811295288976396, 8.182537159554158 ], [ -74.815984288290451, 8.185963382592263 ], [ -74.816521288120498, 8.190132350367207 ], [ -74.819707358054131, 8.189736606236522 ], [ -74.824080669362843, 8.198275777146819 ], [ -74.830649926710009, 8.200011883309685 ], [ -74.83323049393033, 8.212309710771933 ], [ -74.833284088361211, 8.222473708950588 ], [ -74.829696207070697, 8.225129949412462 ], [ -74.826464449683613, 8.225125135337009 ], [ -74.82583417860161, 8.230044179005631 ], [ -74.819826321143694, 8.228265851092431 ], [ -74.817071981879678, 8.224695785204801 ], [ -74.809602833784595, 8.23063594826391 ], [ -74.806115677073876, 8.240709005422275 ], [ -74.797075194631645, 8.243616981875107 ], [ -74.794919713237448, 8.246557221347132 ], [ -74.796969986556633, 8.252593919240212 ], [ -74.804860065766377, 8.256230256594108 ], [ -74.807270583564559, 8.258940440931781 ], [ -74.808772998209918, 8.274282126820026 ], [ -74.805551158231481, 8.274808796016089 ], [ -74.801385215984851, 8.27071692621189 ], [ -74.795131351097098, 8.268924324955776 ], [ -74.78125213892821, 8.277769686874649 ], [ -74.770882393147929, 8.279409693886748 ], [ -74.76872104125863, 8.282812991900585 ], [ -74.769373404626037, 8.286774425323244 ], [ -74.764350494966607, 8.294539113094118 ], [ -74.747837123841407, 8.299055247663659 ], [ -74.741819784658162, 8.293330608579311 ], [ -74.73475429665433, 8.298181816813496 ], [ -74.735245704252407, 8.289214421361009 ], [ -74.73017371689491, 8.2817863694263 ], [ -74.727472805873333, 8.281022454076322 ], [ -74.726900898381814, 8.284669926955303 ], [ -74.724367249307818, 8.286964527853513 ], [ -74.724366588147234, 8.293482052978788 ], [ -74.726156807967641, 8.296212664124027 ], [ -74.724895604642995, 8.298691615635107 ], [ -74.717343222180659, 8.303725199983603 ], [ -74.71272340038513, 8.304056774707362 ], [ -74.705692276561535, 8.301497983565184 ], [ -74.702081707402101, 8.29846572419541 ], [ -74.690700567400313, 8.296642045697297 ], [ -74.684047137844004, 8.292005056184678 ], [ -74.668038500834825, 8.295327871373104 ], [ -74.661451075046557, 8.289680763247759 ], [ -74.660271689444926, 8.280249819671212 ], [ -74.657892910049327, 8.278684200410396 ], [ -74.653487851354896, 8.27899564207604 ], [ -74.649589228186869, 8.283631213147657 ], [ -74.651917353339854, 8.298086688742387 ], [ -74.649861923686785, 8.300709672647599 ], [ -74.651691159167683, 8.302758149334863 ], [ -74.650250915176059, 8.304100120251007 ], [ -74.651192627025409, 8.306342148103624 ], [ -74.649251097552906, 8.31346278013342 ], [ -74.644431312412394, 8.316865973942583 ], [ -74.640255512045997, 8.322582345824742 ], [ -74.637822751045348, 8.321659618985791 ], [ -74.631942935058532, 8.3261164530212 ], [ -74.62343104600518, 8.339810613890734 ], [ -74.62094108742815, 8.338777828968716 ], [ -74.618536778790201, 8.344298370657839 ], [ -74.614013960749617, 8.347002820146201 ], [ -74.618969660202595, 8.357389990561956 ], [ -74.615044275302637, 8.362158497130224 ], [ -74.610900020200859, 8.37567557027171 ], [ -74.616060748602763, 8.38540510330688 ], [ -74.61196551999501, 8.392381278039011 ], [ -74.610453284060782, 8.40081018694849 ], [ -74.614535947024365, 8.40654381098949 ], [ -74.607712148245355, 8.406828818808492 ], [ -74.596775654002329, 8.403251711021767 ], [ -74.597205417359874, 8.401768366726742 ], [ -74.593458948261002, 8.39790647839493 ], [ -74.595324448758845, 8.394207947031134 ], [ -74.592605185141338, 8.394011154741634 ], [ -74.59136319499936, 8.390626307240154 ], [ -74.586545394238897, 8.385774389336348 ], [ -74.586912058083954, 8.384121140248055 ], [ -74.584222402961871, 8.385727080422498 ], [ -74.577420710841295, 8.385612457097579 ], [ -74.566637418103824, 8.389754799684567 ], [ -74.561064044654131, 8.390072939194283 ], [ -74.560508518853169, 8.400161482422163 ], [ -74.555642120095456, 8.411607488924005 ], [ -74.547013442775551, 8.41795981194025 ], [ -74.539732084047046, 8.426392519828084 ], [ -74.537746969180546, 8.432882838555031 ], [ -74.537520083305083, 8.446630115951336 ], [ -74.532853235565256, 8.454768654993586 ], [ -74.535406301739556, 8.480637178774373 ], [ -74.54604233443348, 8.495574761701619 ], [ -74.55452758572244, 8.502786932131869 ], [ -74.556333857551465, 8.508562217373992 ], [ -74.560910720977517, 8.508234541341608 ], [ -74.563538428228298, 8.505923395259344 ], [ -74.568687866594701, 8.507554529604306 ], [ -74.569387987135599, 8.510436063227417 ], [ -74.56653289724062, 8.511730011966904 ], [ -74.566381971169449, 8.514760272583601 ], [ -74.572199453009034, 8.525396666400468 ], [ -74.572302568906025, 8.5293013145739 ], [ -74.574066065622048, 8.529820458576808 ], [ -74.573939930377549, 8.539825770132381 ], [ -74.576548940079078, 8.544230560230346 ], [ -74.572341248596388, 8.547540145919015 ], [ -74.568670687199528, 8.547150963088427 ], [ -74.563944264040913, 8.549162071626711 ], [ -74.564758259609562, 8.559507544908683 ], [ -74.562581999267934, 8.56905479615267 ], [ -74.563750853012834, 8.571764283397158 ], [ -74.576643691755805, 8.58391141924875 ], [ -74.594710957321354, 8.592295992670358 ], [ -74.595323147098952, 8.600419899941642 ], [ -74.592964225876869, 8.605338864558405 ], [ -74.587655771205448, 8.610309098764276 ], [ -74.589935022578118, 8.616822652434564 ], [ -74.586707926552776, 8.630780519355767 ], [ -74.589612503777914, 8.639100396957417 ], [ -74.597137625044638, 8.647837444424567 ], [ -74.59913511062075, 8.655309480605581 ], [ -74.590667375595444, 8.668774331044744 ], [ -74.591721757830726, 8.672110574260728 ], [ -74.59712327175157, 8.677937489316605 ], [ -74.594507910955883, 8.688417941764158 ], [ -74.594811062961469, 8.694639478954002 ], [ -74.600924389904264, 8.711938696915979 ], [ -74.604723535355049, 8.716739182635536 ], [ -74.606187220902711, 8.715908322082271 ], [ -74.609130290968437, 8.725738044300897 ], [ -74.607588980138587, 8.731805322667185 ], [ -74.600279525678843, 8.73991783210505 ], [ -74.599925765244791, 8.744225690313385 ], [ -74.610733818266112, 8.755937903778602 ], [ -74.60984787387406, 8.759393917670252 ], [ -74.606602912140147, 8.762882144275295 ], [ -74.596278954424633, 8.763560316261419 ], [ -74.58934908069574, 8.761143780644318 ], [ -74.587325880824096, 8.76253018586317 ], [ -74.587996938147512, 8.767020027621697 ], [ -74.585651159288489, 8.771027759352705 ], [ -74.583041853142674, 8.770935042361714 ], [ -74.576253474065197, 8.7747974391404 ], [ -74.57312954064929, 8.77217612430627 ], [ -74.571473838260033, 8.77303724643059 ], [ -74.571147240206869, 8.776837592929894 ], [ -74.576422202962874, 8.778158387843007 ], [ -74.575175908988911, 8.785549393225836 ], [ -74.564216743046643, 8.795483552764324 ], [ -74.556074663741015, 8.797651809110334 ], [ -74.55565115625609, 8.799448450093507 ], [ -74.549864303398863, 8.80147993782856 ], [ -74.540297123014398, 8.799894670600168 ], [ -74.539659315959454, 8.805290829659327 ], [ -74.548092412818107, 8.813063507951028 ], [ -74.555531976672341, 8.824375923185528 ], [ -74.561357385252336, 8.826555553110438 ], [ -74.564654046868725, 8.836956397692347 ], [ -74.586010962694274, 8.841172967232126 ], [ -74.585916557767518, 8.843302201629456 ], [ -74.582016628448059, 8.84749919237197 ], [ -74.579183703602041, 8.860320534144535 ], [ -74.580515280103782, 8.862076908113011 ], [ -74.579443960120329, 8.872765656684749 ], [ -74.582585283137348, 8.872927517058258 ], [ -74.584534815707059, 8.869030351857134 ], [ -74.589536631110207, 8.871822909975378 ], [ -74.589194602683108, 8.877338760658347 ], [ -74.591542762079541, 8.880935543362114 ], [ -74.591927774028932, 8.887023639303436 ], [ -74.59658385634981, 8.893443441122713 ], [ -74.594713953205257, 8.900991178393042 ], [ -74.598993810005538, 8.903341871938892 ], [ -74.608569840599216, 8.919465887756814 ], [ -74.608346556072547, 8.924960725031951 ], [ -74.604933335260228, 8.928829446853513 ], [ -74.606026860716895, 8.931011216567185 ], [ -74.623359441236801, 8.930498907850676 ], [ -74.62342871667181, 8.939011209231069 ], [ -74.626887374307387, 8.945081393649673 ], [ -74.627747708608581, 8.950265566302505 ], [ -74.631090676618157, 8.954259508882899 ], [ -74.633969728194131, 8.965168405061831 ], [ -74.637609773796498, 8.968835421703716 ], [ -74.639360847700516, 8.977455864160845 ], [ -74.651998484749413, 8.988767113381186 ], [ -74.660500352189445, 8.989846302612818 ], [ -74.66645828663394, 8.99363778542812 ], [ -74.670044975859128, 8.998130920413132 ], [ -74.669101481750886, 9.004803406845042 ], [ -74.670172819700667, 9.005709520227924 ], [ -74.678692185438081, 9.006809340184873 ], [ -74.683827410648746, 9.011506880687421 ], [ -74.70494316366262, 9.00784761561431 ], [ -74.716422263227571, 9.01032604610208 ], [ -74.726321580681599, 9.015419776300007 ], [ -74.736857576007424, 9.015829403904434 ], [ -74.742780793233464, 9.025102383103956 ], [ -74.748126283676982, 9.028286103941241 ], [ -74.747669198038238, 9.032274482352364 ], [ -74.7456954881917, 9.033562515680956 ], [ -74.747254634187414, 9.036430674277142 ], [ -74.745541656068269, 9.037660755443937 ], [ -74.75049141405924, 9.042356200175277 ], [ -74.75530328323913, 9.044436119719137 ], [ -74.769167178221949, 9.03757825769577 ], [ -74.781851254614764, 9.03766086773345 ], [ -74.784479587991768, 9.039125604310811 ], [ -74.785639343592209, 9.046815546800588 ], [ -74.791410131864382, 9.046841706660814 ], [ -74.798427892339191, 9.050538933669827 ], [ -74.800153998448309, 9.048985145230745 ], [ -74.807933455432533, 9.050478491376055 ], [ -74.811697547694678, 9.049707637433301 ], [ -74.816904241129635, 9.055390028716147 ], [ -74.823764952611384, 9.057419909363887 ], [ -74.828213910212128, 9.061884316203191 ], [ -74.828361090305577, 9.072703296340364 ], [ -74.83195478729391, 9.079206673887029 ], [ -74.829098402027228, 9.0864739416308 ], [ -74.838501054039625, 9.094326953627387 ], [ -74.839071538598603, 9.096327674937754 ], [ -74.837051231304486, 9.096816337282178 ], [ -74.838789933600594, 9.098743382307475 ], [ -74.838320647033981, 9.100539670252431 ], [ -74.84593832808639, 9.110166569786259 ], [ -74.844878796703767, 9.113291668318027 ], [ -74.84652454126018, 9.121786871151642 ], [ -74.849158295075938, 9.122995066645728 ], [ -74.851647209809755, 9.130315152675337 ], [ -74.857299089789706, 9.132542333161098 ], [ -74.858605554765973, 9.136603256877436 ], [ -74.860278452720138, 9.136872092313524 ], [ -74.863256036984922, 9.148477619075663 ], [ -74.870562823446164, 9.151426325175976 ], [ -74.874447765261436, 9.15527324217328 ], [ -74.874380170575705, 9.15739663122838 ], [ -74.880597060776893, 9.160270303688208 ], [ -74.887517595612678, 9.160696261779151 ], [ -74.890439719644235, 9.157868943323308 ], [ -74.89329320874009, 9.162455029759769 ], [ -74.898286862942427, 9.16100710786128 ], [ -74.899751127005572, 9.163688249642689 ], [ -74.903027549562466, 9.163482235241133 ], [ -74.906486210791343, 9.17595083886323 ], [ -74.902224396667918, 9.193227704028175 ], [ -74.908369578794407, 9.200742880936787 ], [ -74.909891709679357, 9.209748583278497 ], [ -74.905801682321226, 9.215529253925013 ], [ -74.904866220056306, 9.225179080279759 ], [ -74.906356846999131, 9.227938399807726 ], [ -74.904669290324478, 9.229612942578456 ], [ -74.909738857618663, 9.239063635632249 ], [ -74.910447695418043, 9.244934817005685 ], [ -74.917654569377135, 9.250085008160852 ], [ -74.927381706603512, 9.25043846765908 ], [ -74.930998740044856, 9.254840198991076 ], [ -74.930582692176017, 9.262293984085886 ], [ -74.924029857841958, 9.268487656411764 ], [ -74.926510303252542, 9.272481004306997 ], [ -74.925721110188647, 9.278960977128577 ], [ -74.930182313633111, 9.283323178064961 ], [ -74.92958360308711, 9.287866990648808 ], [ -74.931239378239979, 9.291674759034834 ], [ -74.941043299026433, 9.291800434341553 ], [ -74.941123944447043, 9.294818787779661 ], [ -74.944511226384861, 9.295801294853504 ], [ -74.942132651805309, 9.298665665251121 ], [ -74.942579982630605, 9.303534122949145 ], [ -74.93727850607786, 9.308911051757661 ], [ -74.938459425104895, 9.313091219736464 ], [ -74.933982439146632, 9.317478839422392 ], [ -74.932871210576536, 9.328404490093021 ], [ -74.944417852724882, 9.335849150093964 ], [ -74.949377042135495, 9.342290188103448 ], [ -74.950514105375476, 9.347947443606301 ], [ -74.94206590872318, 9.351407913145295 ], [ -74.940149592285877, 9.359035661625114 ], [ -74.936293732552713, 9.361375390325861 ], [ -74.932347054868615, 9.366968362335797 ], [ -74.929523220082217, 9.377777154671207 ], [ -74.921984507294439, 9.386795140585889 ], [ -74.924422099438516, 9.391617124803929 ], [ -74.9206917775698, 9.402576183846577 ], [ -74.915787920831463, 9.407732306582318 ], [ -74.915108086062446, 9.413943384678987 ], [ -74.908615791040347, 9.417248938725493 ], [ -74.896945045638233, 9.420900672317259 ], [ -74.892965995340489, 9.420550461129721 ], [ -74.888424724990955, 9.422958445676784 ], [ -74.88653682408534, 9.425701695229804 ], [ -74.890121596304198, 9.428176066227593 ], [ -74.890778329080604, 9.430964062697171 ], [ -74.893909881114553, 9.429325505567078 ], [ -74.901411516807741, 9.433583324879237 ], [ -74.908783864167276, 9.432687923914614 ], [ -74.913897678016042, 9.440419845609426 ], [ -74.925360653707116, 9.444016203409717 ], [ -74.928551700311402, 9.447185288882736 ], [ -74.934417917590565, 9.44684192016814 ], [ -74.935661855281694, 9.448166120597193 ], [ -74.939054171382395, 9.446742729912046 ], [ -74.945764166100616, 9.43706544832537 ], [ -74.954641307744623, 9.43391102516614 ], [ -74.95646114594183, 9.434993143806253 ], [ -74.958698039020192, 9.43376984133198 ], [ -74.966878827660537, 9.43442238076932 ], [ -74.974475630052495, 9.439109975117162 ], [ -74.978704717625703, 9.442717977787765 ], [ -74.97878437489868, 9.444528569618399 ], [ -74.98135182580711, 9.445491937171539 ], [ -74.985659321095795, 9.444257931262143 ], [ -74.987031181680209, 9.446605149223387 ], [ -74.991680250848106, 9.447823687927894 ], [ -74.99799814680199, 9.447224867787384 ], [ -75.013780967830087, 9.456641004421272 ], [ -75.016748032814462, 9.462257626396479 ], [ -75.021493968294919, 9.459258122323035 ], [ -75.02612214263263, 9.463906609382093 ], [ -75.032229271195035, 9.466568755373373 ], [ -75.033645433131312, 9.471199275214133 ], [ -75.035739253216946, 9.472355468093326 ], [ -75.036469484411896, 9.476790613187234 ], [ -75.034149251863312, 9.479257653028128 ], [ -75.034356387363232, 9.481350765240791 ], [ -75.031768214999602, 9.48250877271829 ], [ -75.029055863025405, 9.491648994287743 ], [ -75.025854219885616, 9.495504419235886 ], [ -75.028462201913669, 9.500899818319681 ], [ -75.027449771933846, 9.501674509868394 ], [ -75.028948844843683, 9.509836700672679 ], [ -75.026835648980239, 9.511551187962652 ], [ -75.026784332678744, 9.513902397141919 ], [ -75.021192994705643, 9.517828624662229 ], [ -75.021511234826733, 9.522545194192674 ], [ -75.020048859922156, 9.525599220657455 ], [ -75.01239443235545, 9.528293674583665 ], [ -75.014813082608384, 9.530184733968269 ], [ -75.027006650617352, 9.528991025616335 ], [ -75.027159562865222, 9.531288458904839 ], [ -75.034443684813766, 9.534329534347876 ], [ -75.039885659785568, 9.540426696992597 ], [ -75.042316430117978, 9.540388764701163 ], [ -75.056386668285938, 9.532532738854343 ], [ -75.063828483320094, 9.535623708564628 ], [ -75.069435025291511, 9.535831869043136 ], [ -75.077852678301497, 9.532755737716514 ], [ -75.084996714158024, 9.538293278239337 ], [ -75.085924891080197, 9.541328149013736 ], [ -75.084774524678608, 9.545264858983501 ], [ -75.086649569783958, 9.547973964443656 ], [ -75.093203018566101, 9.551852860592248 ], [ -75.094152710156436, 9.555617773016934 ], [ -75.097337322123224, 9.555876055036606 ], [ -75.100655546916869, 9.558987206314157 ], [ -75.103382365371885, 9.562549319410209 ], [ -75.103475147939946, 9.565844137682177 ], [ -75.111933173067655, 9.56731639855434 ], [ -75.118614593252175, 9.574061104202826 ], [ -75.122071324, 9.573583737283798 ], [ -75.123148049150871, 9.577239638163519 ], [ -75.131971246919079, 9.579991744213942 ], [ -75.131409907216948, 9.586083765796161 ], [ -75.133403476135356, 9.590316734094529 ], [ -75.133387012697995, 9.596426073412601 ], [ -75.144221123171576, 9.599732093685077 ], [ -75.154185434686553, 9.600444934380562 ], [ -75.163111200379035, 9.606309172669626 ], [ -75.16208027856436, 9.610908150839009 ], [ -75.167217386645348, 9.613418444595311 ], [ -75.177759240788077, 9.60281002074538 ], [ -75.181059507346561, 9.601913083660406 ], [ -75.185636589961803, 9.610399889036103 ], [ -75.182365425248406, 9.6171345470201 ], [ -75.187475456288496, 9.623320412979865 ], [ -75.189332587176182, 9.629266062953093 ], [ -75.181322272861451, 9.627704768185481 ], [ -75.178847023310595, 9.631371447060587 ], [ -75.167498019665402, 9.639342256132636 ], [ -75.164505658102428, 9.646466148151205 ], [ -75.167778569142115, 9.646306300903859 ], [ -75.172606949370106, 9.641700529668867 ], [ -75.180173226086026, 9.638956657582867 ], [ -75.188055524980882, 9.644932975166 ], [ -75.197640204561026, 9.645364384238462 ], [ -75.20021172394263, 9.652028309718958 ], [ -75.210423445158767, 9.652070994102019 ], [ -75.213609314767893, 9.647736566401363 ], [ -75.216368247121636, 9.649978628389931 ], [ -75.229297578155467, 9.651231827719016 ], [ -75.230948419756885, 9.647027447429082 ], [ -75.232676227276556, 9.646671534629832 ], [ -75.233557489645648, 9.649791511862077 ], [ -75.237607974031732, 9.65167437860481 ], [ -75.238244653700065, 9.654645916304617 ], [ -75.243852016732319, 9.65871254612415 ], [ -75.247507882577736, 9.6608560520678 ], [ -75.251062725602424, 9.658930518009981 ], [ -75.257196587150645, 9.661719491847407 ], [ -75.26043980974481, 9.665721239895561 ], [ -75.262460706334252, 9.665653067592643 ], [ -75.264960025363962, 9.671180608960015 ], [ -75.270559492198572, 9.670003011007225 ], [ -75.271401366105977, 9.67728153105719 ], [ -75.267232639978033, 9.683549869612307 ], [ -75.276457125384923, 9.686258790019394 ], [ -75.281209178397319, 9.684395548786313 ], [ -75.299788166078997, 9.669953405099363 ], [ -75.302046259414965, 9.66277282125634 ], [ -75.300572870257838, 9.661124589262897 ], [ -75.300724948868435, 9.657171566772945 ], [ -75.314728351427732, 9.652764226355828 ], [ -75.315285679250508, 9.647878966555368 ], [ -75.323957537722208, 9.628747734621072 ], [ -75.327082391912029, 9.616707619646149 ], [ -75.332109013413174, 9.616855236321157 ], [ -75.334329019947347, 9.619935881685649 ], [ -75.331596749612515, 9.623458015228152 ], [ -75.330971151570338, 9.631863522107494 ], [ -75.336194053320867, 9.632191052612654 ], [ -75.344025157186877, 9.643311719602025 ], [ -75.347291238330001, 9.642466899218164 ], [ -75.350575769087129, 9.64490217191036 ], [ -75.354725079013008, 9.645137235156369 ], [ -75.356245832779507, 9.647309143156974 ], [ -75.358895588298196, 9.645804571654878 ], [ -75.362899155436253, 9.647007470677863 ], [ -75.363840616655409, 9.644042146629829 ], [ -75.360706593354166, 9.636947690629938 ], [ -75.36418897192209, 9.635337842780871 ], [ -75.362546511608969, 9.630689168872095 ], [ -75.364347555238851, 9.632529859678584 ], [ -75.36779764922801, 9.629959729093571 ], [ -75.368741602375735, 9.631400745636938 ], [ -75.373218008920219, 9.629393525908654 ], [ -75.374377770808849, 9.630769876276474 ], [ -75.374162941232385, 9.637315238418012 ], [ -75.376945192971164, 9.643670821423029 ], [ -75.374432761222806, 9.645167683577199 ], [ -75.383507087720375, 9.650607013906665 ], [ -75.381075197187897, 9.657458238273136 ], [ -75.374901624682536, 9.658017031249358 ], [ -75.375413891178198, 9.666523004891872 ], [ -75.37142756541914, 9.674629473154596 ], [ -75.378869545743441, 9.676386231602351 ], [ -75.379953882325765, 9.677691025710828 ], [ -75.37804519798118, 9.680316070353001 ], [ -75.380750801805561, 9.682209671971918 ], [ -75.378842110274434, 9.684834724698931 ], [ -75.376139688285321, 9.683774036285286 ], [ -75.375324898605356, 9.69020266136431 ], [ -75.371604892099185, 9.689621758136354 ], [ -75.370116512743039, 9.692423674910685 ], [ -75.37134453137628, 9.699915516264582 ], [ -75.376995689110174, 9.703642361650395 ], [ -75.374135872276383, 9.708472352558999 ], [ -75.374147775861672, 9.711566081896024 ], [ -75.371868107670366, 9.711336728346453 ], [ -75.371581985041189, 9.71490755600604 ], [ -75.377042265896421, 9.715719798960208 ], [ -75.377959707942409, 9.720356970830949 ], [ -75.373288331791628, 9.721981084836386 ], [ -75.372350576125939, 9.727636727862034 ], [ -75.365989410086968, 9.726530352893292 ], [ -75.364055480367824, 9.738317815594939 ], [ -75.359974189132856, 9.737500230355522 ], [ -75.357029312553664, 9.751611826992132 ], [ -75.352512629112994, 9.762516518153859 ], [ -75.349942437442451, 9.764846476769776 ], [ -75.347035797683816, 9.773365270279896 ], [ -75.34575821356691, 9.78443631429343 ], [ -75.342300032038793, 9.789922848433775 ], [ -75.335604809228869, 9.81190182832637 ], [ -75.340854258013849, 9.819973768915361 ], [ -75.338261453034647, 9.828226993266355 ], [ -75.352374707962611, 9.838426750710028 ], [ -75.358802444607079, 9.838905565714413 ], [ -75.361874113998113, 9.846105233382559 ], [ -75.365591786679261, 9.845420257551098 ], [ -75.376768294787837, 9.849402361224975 ], [ -75.379008731722763, 9.860126790908225 ], [ -75.380696531841068, 9.859281756725125 ], [ -75.382735074949949, 9.861621728869466 ], [ -75.384126289752658, 9.871343152806105 ], [ -75.385980589148232, 9.869826623819733 ], [ -75.391747755410336, 9.874164465121169 ], [ -75.390516248616052, 9.876631052210826 ], [ -75.39358453764396, 9.880814634688761 ], [ -75.409320003944117, 9.884798370602766 ], [ -75.421781513564724, 9.884455493267069 ], [ -75.420846732223367, 9.886537375631349 ], [ -75.422049829774153, 9.887305991868971 ], [ -75.418874780381202, 9.888508550430174 ], [ -75.418702748375665, 9.890472539599273 ], [ -75.397283278315399, 9.890557269662736 ], [ -75.396696345590499, 9.893831778806543 ], [ -75.420092610314441, 9.8929062519166 ], [ -75.426339501575058, 9.89460657635658 ], [ -75.427592429612673, 9.892876221212703 ], [ -75.433069850337176, 9.897137737993546 ], [ -75.430853765850657, 9.912734033585707 ], [ -75.434328496156184, 9.911411144697979 ], [ -75.443340054619853, 9.914111295744249 ], [ -75.446096440247743, 9.913207662611853 ], [ -75.446438188400236, 9.908803760948388 ], [ -75.448655006810952, 9.908021298067979 ], [ -75.453779357906399, 9.899433309073004 ], [ -75.448430802408723, 9.897372902749282 ], [ -75.449739902145836, 9.894749854165298 ], [ -75.461495545596392, 9.893749776928814 ], [ -75.462440307228576, 9.890116810056554 ], [ -75.465507150866017, 9.891769970211556 ], [ -75.468892789783922, 9.897883750803942 ], [ -75.463826384562026, 9.905876745586227 ], [ -75.476353995867214, 9.917068916732546 ], [ -75.473376581384173, 9.922435663129249 ], [ -75.480592339688485, 9.926034588316668 ], [ -75.482048903386897, 9.929895499280633 ], [ -75.474660601036874, 9.928082120873796 ], [ -75.471340010977201, 9.923277033081376 ], [ -75.46918593544757, 9.924713811369884 ], [ -75.477750635600216, 9.935089344101868 ], [ -75.475187857731612, 9.939205039941328 ], [ -75.473268177999216, 9.939332035772566 ], [ -75.472221879709593, 9.947308416200428 ], [ -75.466188790351907, 9.953877723853225 ], [ -75.46770235040384, 9.957024549055802 ], [ -75.464180146792728, 9.961382157800813 ], [ -75.469428768228681, 9.967904521256116 ], [ -75.469626981654073, 9.972187163734304 ], [ -75.477314580437394, 9.973582820709566 ], [ -75.48009600033555, 9.978449512318321 ], [ -75.476695850021031, 9.983282682367246 ], [ -75.475947172805377, 9.990662888195118 ], [ -75.477276413685502, 9.992739536970475 ], [ -75.473171645860134, 10.001264188399205 ], [ -75.470182448166156, 10.004013366837796 ], [ -75.484419137102407, 10.006868579802131 ], [ -75.482042979891219, 10.012589875354308 ], [ -75.476109761713133, 10.018560556902855 ], [ -75.487521171370872, 10.033894308864205 ], [ -75.487279990592867, 10.036755306983537 ], [ -75.49082343937738, 10.03825376993683 ], [ -75.501720587379623, 10.0352547752085 ], [ -75.509328580094007, 10.025834649153239 ], [ -75.515545648161719, 10.025131778867035 ], [ -75.520560373264118, 10.02583536421281 ], [ -75.52932241188239, 10.031680466574414 ], [ -75.534464015136621, 10.038873416635511 ], [ -75.539075188844038, 10.037917204169275 ], [ -75.543322736811035, 10.040149365817285 ], [ -75.544816089244591, 10.046447140391081 ], [ -75.497477587586502, 10.145482637293526 ], [ -75.573624494069293, 10.086428060309743 ], [ -75.580853239328064, 10.116043715248225 ], [ -75.580743410315563, 10.125492894639535 ], [ -75.579058693217803, 10.127024564742101 ], [ -75.575981233281823, 10.126733808598999 ], [ -75.570174697422715, 10.121985458445124 ], [ -75.56412369833896, 10.123587263671084 ], [ -75.556482494882061, 10.134289664849348 ], [ -75.55580362041286, 10.140969977410293 ], [ -75.546956077382788, 10.146015881264418 ], [ -75.543222747952029, 10.155384433201448 ], [ -75.533713314913314, 10.160597012402889 ], [ -75.529486898931907, 10.166443551171767 ], [ -75.529909535948661, 10.167852358594985 ], [ -75.531740986676823, 10.166725311578432 ], [ -75.531459226270158, 10.164400785977648 ], [ -75.533995074421682, 10.16299198035108 ], [ -75.536249163064895, 10.166866192680061 ], [ -75.539066773419734, 10.166936636824175 ], [ -75.541673062122129, 10.161864936029474 ], [ -75.544631548188761, 10.159681288835429 ], [ -75.543997591316156, 10.165739149256808 ], [ -75.541461741367982, 10.169683803034957 ], [ -75.543011427197882, 10.173558018058884 ], [ -75.547237842280992, 10.175530343600485 ], [ -75.55301394139741, 10.172360534983113 ], [ -75.554493183083252, 10.17827751520116 ], [ -75.551675577219953, 10.178066195345309 ], [ -75.546885640425216, 10.180531600251072 ], [ -75.542166143282941, 10.179122796421154 ], [ -75.542236582935459, 10.181517767064292 ], [ -75.538151050750628, 10.187716507689004 ], [ -75.536178718920837, 10.186378145308197 ], [ -75.537235323589925, 10.183349210605911 ], [ -75.535122118743288, 10.182363050979234 ], [ -75.540546017800523, 10.178347954853677 ], [ -75.539559852783952, 10.175741664354632 ], [ -75.535791612098535, 10.175177035019374 ], [ -75.536139161575761, 10.172825026338899 ], [ -75.534145489351033, 10.172188114006701 ], [ -75.534641681380151, 10.17521989098077 ], [ -75.532757887575315, 10.175748844594409 ], [ -75.52732557039883, 10.173618680440029 ], [ -75.520850117005068, 10.173352248897629 ], [ -75.523449311706031, 10.17451126338733 ], [ -75.521333672423054, 10.190335899228558 ], [ -75.525320259592036, 10.205061387951616 ], [ -75.524643801592902, 10.221121262210488 ], [ -75.526072608225206, 10.222703660217519 ], [ -75.528140845169503, 10.220600210184386 ], [ -75.529700831988976, 10.226984329095501 ], [ -75.537336026610149, 10.227214398602882 ], [ -75.541683593978917, 10.224418319085885 ], [ -75.543174797640575, 10.22029816220919 ], [ -75.54245026985393, 10.216655392912742 ], [ -75.546225953087458, 10.216778631986472 ], [ -75.544655437106144, 10.224171238168424 ], [ -75.546847416181095, 10.22878899114221 ], [ -75.538265916620901, 10.230370144083281 ], [ -75.536957197769766, 10.233133909377102 ], [ -75.532754887199872, 10.232638542900361 ], [ -75.529462598585781, 10.235083937817251 ], [ -75.526579059023049, 10.234021670164111 ], [ -75.523194649001482, 10.236981608807696 ], [ -75.525740223220396, 10.236362606201567 ], [ -75.524990255124635, 10.237487809873699 ], [ -75.535253704969307, 10.242306102013004 ], [ -75.543252510957757, 10.244287364002162 ], [ -75.548170076896554, 10.240541086244605 ], [ -75.556342761828262, 10.229331844399326 ], [ -75.578293715159987, 10.22316647082414 ], [ -75.580162824193224, 10.220267212528029 ], [ -75.585160800193762, 10.218200502720947 ], [ -75.586978185090004, 10.214071446227592 ], [ -75.603298725499258, 10.199857969776758 ], [ -75.621181175124207, 10.197065873392944 ], [ -75.624339616450982, 10.190987508908847 ], [ -75.638273339333068, 10.177259070995717 ], [ -75.634665045608074, 10.182340989236593 ], [ -75.634760767466048, 10.183827141667393 ], [ -75.636690838917957, 10.184287193545572 ], [ -75.63711985128333, 10.188607702738068 ], [ -75.6412791253303, 10.181541685626144 ], [ -75.639629079636904, 10.174879922392279 ], [ -75.648875963654916, 10.164982408756714 ], [ -75.655163393221642, 10.152377415612989 ], [ -75.669136211714374, 10.138020162788052 ], [ -75.67791535157437, 10.139764511898534 ], [ -75.681926537330412, 10.138125935005462 ], [ -75.682203644460174, 10.139641050042428 ], [ -75.678134386167983, 10.140530545477645 ], [ -75.679983775368385, 10.142878803688802 ], [ -75.680986782911646, 10.140278522025483 ], [ -75.682790481065297, 10.141301356301199 ], [ -75.686378949854486, 10.139669884189402 ], [ -75.686782757269555, 10.138039218765357 ], [ -75.682142636227354, 10.137890823250359 ], [ -75.684863122452953, 10.131682824580935 ], [ -75.690475025574244, 10.130336443831538 ], [ -75.701601148036673, 10.135244674470414 ], [ -75.704523372679603, 10.141415129819222 ], [ -75.70327845851898, 10.144043956371775 ], [ -75.697447159681019, 10.145964238874228 ], [ -75.69401164895379, 10.149889303075327 ], [ -75.693333318864063, 10.145356480489454 ], [ -75.695872185357416, 10.145826302452406 ], [ -75.697414299281775, 10.143974682733415 ], [ -75.694742159524992, 10.143944767013977 ], [ -75.695701611318668, 10.142487483764455 ], [ -75.69105003225593, 10.142576785358017 ], [ -75.691277394238909, 10.14841105133371 ], [ -75.689764955285284, 10.151017520597634 ], [ -75.688213138649814, 10.149917327839603 ], [ -75.685768296197296, 10.153679131192575 ], [ -75.687534317181246, 10.155621820390991 ], [ -75.681469707711756, 10.160500146988568 ], [ -75.680863819620924, 10.158084064122761 ], [ -75.678525735736798, 10.157448247736113 ], [ -75.675438502122745, 10.159826846570184 ], [ -75.672785624955964, 10.158448917861108 ], [ -75.66299179944474, 10.159817813104439 ], [ -75.654122333012651, 10.16381842388455 ], [ -75.649620033407814, 10.171015876305432 ], [ -75.655072037179423, 10.173522512119007 ], [ -75.654812938590453, 10.177602693035396 ], [ -75.647897923008202, 10.177603194295727 ], [ -75.646575067358185, 10.178544274628905 ], [ -75.646941502132677, 10.181101634753702 ], [ -75.639102560459605, 10.188974377362968 ], [ -75.630256341547238, 10.191697042903172 ], [ -75.631740851856421, 10.194561674710712 ], [ -75.621302779262805, 10.205848220241023 ], [ -75.619038598039367, 10.213886329351169 ], [ -75.612979282346032, 10.217724747380828 ], [ -75.607874198332183, 10.224225747983326 ], [ -75.605242860986436, 10.230659027237493 ], [ -75.604940562381103, 10.236559608697007 ], [ -75.599690005074137, 10.23358078655275 ], [ -75.599408787250354, 10.23029411690527 ], [ -75.596026048096519, 10.232467429872088 ], [ -75.587677112667279, 10.229751518769888 ], [ -75.592517775569945, 10.226378603599869 ], [ -75.589197859247236, 10.224995134077744 ], [ -75.586185820970627, 10.226180822264439 ], [ -75.588252805662421, 10.235730357926002 ], [ -75.594379389952735, 10.237124663834038 ], [ -75.593166153109223, 10.238373775825323 ], [ -75.595521511610059, 10.238691593737883 ], [ -75.596042908589538, 10.240452718899689 ], [ -75.598125320061968, 10.239217468822631 ], [ -75.597384477060132, 10.240805142639545 ], [ -75.604914557031179, 10.240495927899303 ], [ -75.605239256044342, 10.239191741052366 ], [ -75.611068683690064, 10.244919623057456 ], [ -75.618027370006359, 10.246100284267868 ], [ -75.621493073134388, 10.24885767870461 ], [ -75.622217627870498, 10.251406880323486 ], [ -75.618701478010905, 10.252938289914368 ], [ -75.616110966432416, 10.255978218207872 ], [ -75.616223626936915, 10.258166129708002 ], [ -75.61383227381225, 10.258240418644561 ], [ -75.612840202367977, 10.260186390289675 ], [ -75.60929160084288, 10.258104484569117 ], [ -75.600328643071407, 10.258614487308421 ], [ -75.595390017910631, 10.261941422174004 ], [ -75.595128795702692, 10.263694695155664 ], [ -75.591357542963692, 10.263335670589811 ], [ -75.590492817693871, 10.261303827121651 ], [ -75.583935021062302, 10.261569931677059 ], [ -75.590744182680396, 10.263916515427184 ], [ -75.594904903016129, 10.267901941971957 ], [ -75.593072700397443, 10.273009563728522 ], [ -75.595887034593829, 10.278711483502946 ], [ -75.591633506537221, 10.292354680210849 ], [ -75.586805615891478, 10.297978586630506 ], [ -75.583192634753573, 10.297305468570244 ], [ -75.578838771087931, 10.299792981931091 ], [ -75.578597700802845, 10.297363875279927 ], [ -75.581247851580542, 10.296942131189269 ], [ -75.581568446187873, 10.295102384512859 ], [ -75.578783804928548, 10.29573985649597 ], [ -75.5785433463966, 10.287728898986984 ], [ -75.57936181917222, 10.28636428242271 ], [ -75.581360141978848, 10.28807101365237 ], [ -75.580822937332755, 10.286203429959755 ], [ -75.582927762687689, 10.284248656614523 ], [ -75.580743275568182, 10.281334051487875 ], [ -75.580961561864569, 10.278302916809707 ], [ -75.572393891879244, 10.269863612587471 ], [ -75.568859841276662, 10.268905227094876 ], [ -75.564367400689946, 10.271061598720223 ], [ -75.566342282838889, 10.269603029980487 ], [ -75.562994923860742, 10.268864303411192 ], [ -75.564056844763911, 10.26710982758442 ], [ -75.561494384000866, 10.263300761131745 ], [ -75.560663315038312, 10.267617701314805 ], [ -75.561933002957574, 10.269510690282232 ], [ -75.556432764108308, 10.274889211805032 ], [ -75.546502561651835, 10.279871512191448 ], [ -75.544840848630201, 10.276201355935086 ], [ -75.540121636254128, 10.275700297728179 ], [ -75.534666665344787, 10.276392585851909 ], [ -75.531890717987665, 10.279576748660645 ], [ -75.535030509375929, 10.285546511231928 ], [ -75.544461185254306, 10.281419094165244 ], [ -75.52821553116172, 10.291282082821965 ], [ -75.530475704099217, 10.304184809329172 ], [ -75.526028846761278, 10.294113988079346 ], [ -75.525244108446429, 10.295945045345093 ], [ -75.520936241254958, 10.294224348894886 ], [ -75.517250181212148, 10.296235238244037 ], [ -75.517175772799533, 10.301304287209916 ], [ -75.512500132342723, 10.302398839441821 ], [ -75.510501384632619, 10.30180694801254 ], [ -75.515694558411781, 10.300346553894713 ], [ -75.514971796714406, 10.296152753970603 ], [ -75.512042086404222, 10.300483372811414 ], [ -75.509308679699643, 10.298416217439581 ], [ -75.508586866623943, 10.300021748880283 ], [ -75.506588989382067, 10.298942388968612 ], [ -75.503126159966939, 10.301087943971027 ], [ -75.503885410361931, 10.308017892260125 ], [ -75.501534980022655, 10.312057426174192 ], [ -75.50448503359695, 10.310502048614126 ], [ -75.506906335678764, 10.316516961445814 ], [ -75.509735040236194, 10.316724449983951 ], [ -75.508447862104447, 10.320246979683759 ], [ -75.509938205179367, 10.33139529414467 ], [ -75.507765161707368, 10.332710738687695 ], [ -75.509711084843445, 10.333208521634447 ], [ -75.511384859553971, 10.337314018892414 ], [ -75.509072565423878, 10.34082359667218 ], [ -75.504295367648297, 10.341106968657698 ], [ -75.504017931734893, 10.34269587137095 ], [ -75.509839677880507, 10.347121884184389 ], [ -75.508151212110079, 10.349280531244176 ], [ -75.509899105975478, 10.354873196030042 ], [ -75.510252543914078, 10.353144857605628 ], [ -75.511804149445311, 10.355132654843658 ], [ -75.508689410293641, 10.360494581775015 ], [ -75.510042158306874, 10.360471451036346 ], [ -75.511034818148175, 10.363998946627021 ], [ -75.5082059878265, 10.370422475559394 ], [ -75.508981156380969, 10.374177876614226 ], [ -75.512809179097871, 10.382694164720988 ], [ -75.517014691266013, 10.384812575308842 ], [ -75.516703327753874, 10.386339243587884 ], [ -75.517492106694135, 10.385097623552042 ], [ -75.519642604231137, 10.386425465754201 ], [ -75.526314437587359, 10.385903315087603 ], [ -75.52452989692074, 10.392082510152818 ], [ -75.527157050808853, 10.389539673102774 ], [ -75.527439136405917, 10.385487689427293 ], [ -75.525339476367947, 10.382807304027949 ], [ -75.523186563259173, 10.382964033220446 ], [ -75.524239236897472, 10.381170871415179 ], [ -75.530409892570731, 10.38493208457453 ], [ -75.532682516167995, 10.389836510845157 ], [ -75.537445840351268, 10.393854469005532 ], [ -75.533529832972022, 10.392359363059143 ], [ -75.528744845000119, 10.396103856761158 ], [ -75.525177556705557, 10.394081830090215 ], [ -75.52467142391157, 10.392169668364375 ], [ -75.524836874854145, 10.394016120071456 ], [ -75.526231715260167, 10.394969807371353 ], [ -75.524617607596667, 10.395876977173884 ], [ -75.530319034195543, 10.397766506726384 ], [ -75.526963356811223, 10.399947890164128 ], [ -75.525620351933355, 10.396551951155004 ], [ -75.524080879058033, 10.396557070657877 ], [ -75.524023303290619, 10.404870279161514 ], [ -75.531281088410708, 10.404915397082618 ], [ -75.532233688748249, 10.403354946732065 ], [ -75.531676895423459, 10.404972980036518 ], [ -75.533870758267085, 10.403545304384011 ], [ -75.533323452057573, 10.405159305147947 ], [ -75.539668313661139, 10.405856235768795 ], [ -75.537465808119293, 10.408178163439686 ], [ -75.544650894322103, 10.414037828402002 ], [ -75.544068904131848, 10.416951121987267 ], [ -75.548040959242883, 10.418600758946923 ], [ -75.549829896268079, 10.420654798905105 ], [ -75.549095811297491, 10.422250092238357 ], [ -75.551741604344272, 10.418896922053989 ], [ -75.547168753695757, 10.413714717611526 ], [ -75.548827798718889, 10.413260584737486 ], [ -75.546646690165858, 10.412990111671377 ], [ -75.54596796391877, 10.41189961713286 ], [ -75.548366470333747, 10.410566116438247 ], [ -75.554566330260172, 10.397918003228199 ], [ -75.545366550339907, 10.39214627891073 ], [ -75.544840523439802, 10.390337209725658 ], [ -75.555832441085101, 10.394671703901736 ], [ -75.559026310198249, 10.392117744801283 ], [ -75.564588590343703, 10.39692912439898 ], [ -75.566424025103288, 10.396584404617101 ], [ -75.564471812856937, 10.39762224526163 ], [ -75.565486824596917, 10.398936943304022 ], [ -75.562555489233091, 10.399085480752944 ], [ -75.557223670260839, 10.402971936230699 ], [ -75.552117342977624, 10.409033461781405 ], [ -75.551339854971161, 10.414736737114595 ], [ -75.55446660281109, 10.421789354046837 ], [ -75.554041005843146, 10.425464315395402 ], [ -75.546825708374968, 10.431978512259946 ], [ -75.531292792569843, 10.439324936914716 ], [ -75.529674981149469, 10.440693297660005 ], [ -75.530406620005579, 10.441837654327571 ], [ -75.529441126138465, 10.440856745357905 ], [ -75.52875408418015, 10.443133271239844 ], [ -75.526927820328581, 10.443203488109987 ], [ -75.518907247245124, 10.451236167798186 ], [ -75.510565396834181, 10.456364890997577 ], [ -75.511429621741968, 10.457240661062656 ], [ -75.497799953672995, 10.4741032633126 ], [ -75.492221125648541, 10.486403879147758 ], [ -75.491580605679246, 10.488981952642916 ], [ -75.49326179509012, 10.492921751023061 ], [ -75.501150127075221, 10.497765979341921 ], [ -75.502430321698398, 10.501484528779486 ], [ -75.500076705032257, 10.507253399147032 ], [ -75.50206497298791, 10.510397129650926 ], [ -75.496706641117214, 10.524161377134817 ], [ -75.494518769142985, 10.534989764437114 ], [ -75.502886164067718, 10.550450565230392 ], [ -75.515324382151164, 10.560499404687675 ], [ -75.512670690211735, 10.57108151596367 ], [ -75.502229719650757, 10.575980281046895 ], [ -75.488906530949862, 10.577380746707718 ], [ -75.476272798880643, 10.580910223085198 ], [ -75.461459417123535, 10.589702946381408 ], [ -75.458191403702699, 10.595674728367044 ], [ -75.451535129179604, 10.627606893232667 ], [ -75.421287543071116, 10.643552301371926 ], [ -75.417876808797473, 10.646897804429216 ], [ -75.41619260823137, 10.652342707012849 ], [ -75.406987739350996, 10.65659764362897 ], [ -75.398643765321026, 10.662792519698257 ], [ -75.395370412309887, 10.675615737154601 ], [ -75.395695053830821, 10.68169231129491 ], [ -75.394244588799722, 10.682668890381422 ], [ -75.365818435399319, 10.686796496094473 ], [ -75.357325858343359, 10.690619104660868 ], [ -75.341655370832768, 10.690694108656942 ], [ -75.319691832093895, 10.693774390203487 ], [ -75.299266024395592, 10.699612845925003 ], [ -75.281915520674829, 10.709405242215496 ], [ -75.275579070902268, 10.715306978909325 ], [ -75.274635946900219, 10.727174063849645 ], [ -75.265819173888019, 10.736844415826681 ], [ -75.265165873577018, 10.739787997932524 ], [ -75.267772062566337, 10.748509615025739 ], [ -75.267445089017087, 10.754395163166976 ], [ -75.270126281104183, 10.757141751760571 ], [ -75.270845625607478, 10.754395163166976 ], [ -75.269145356863135, 10.749163565717538 ], [ -75.270387857248636, 10.742362490740106 ], [ -75.272284311020883, 10.746090003574693 ], [ -75.27083660202328, 10.778479788577044 ], [ -75.265745718588732, 10.776367776694087 ], [ -75.26413031196023, 10.78187637347537 ] ] ] ] } },
{ "type": "Feature", "properties": { "codigo_dane": "20", "nombre entidad": "CESAR" }, "geometry": { "type": "Polygon", "coordinates": [ [ [ -73.369126287899178, 9.172786424633443 ], [ -73.368655813758778, 9.166772782918827 ], [ -73.371701202915233, 9.158101386181556 ], [ -73.376901501238592, 9.156550416658092 ], [ -73.379456034362931, 9.1533268429298 ], [ -73.382276896621704, 9.152606618975085 ], [ -73.393593392007517, 9.156489836023695 ], [ -73.400640706180354, 9.162897796241452 ], [ -73.403106094916438, 9.163141953140325 ], [ -73.406650257862225, 9.16074983465046 ], [ -73.411653294076814, 9.15437965131548 ], [ -73.4151452936091, 9.144670324102094 ], [ -73.415413721209688, 9.132412116866988 ], [ -73.424204449346064, 9.123802570983003 ], [ -73.429434219620703, 9.103629989581918 ], [ -73.428789696755359, 9.10068660241069 ], [ -73.421362871920337, 9.095183517696341 ], [ -73.417944948423724, 9.088826419232191 ], [ -73.415341648418689, 9.071011198678377 ], [ -73.416341375311902, 9.058414067596232 ], [ -73.411891077423718, 9.053120492631024 ], [ -73.416588580197015, 9.04783269293938 ], [ -73.418550905684867, 9.042841946585952 ], [ -73.416476157746217, 9.032126941135857 ], [ -73.4233211037822, 9.027198848730222 ], [ -73.421993590363684, 9.02535960600909 ], [ -73.422770926554733, 9.013474499053189 ], [ -73.433907936607056, 9.000996546656495 ], [ -73.436424701831811, 8.999937638705148 ], [ -73.439295517646713, 8.988961055314007 ], [ -73.4367006177946, 8.98579251691541 ], [ -73.439664751573901, 8.975308064266756 ], [ -73.437183650392626, 8.972025024714185 ], [ -73.437770617253591, 8.965480340801207 ], [ -73.43458192423725, 8.958902857574515 ], [ -73.433817485169016, 8.946792733240386 ], [ -73.430955956144942, 8.936219553920409 ], [ -73.432279305868747, 8.926329425340668 ], [ -73.430251992608191, 8.919723406207879 ], [ -73.436170397555372, 8.914101759052926 ], [ -73.437396221602683, 8.910031511714863 ], [ -73.425684503109551, 8.899569218725276 ], [ -73.430583199920761, 8.877193253229279 ], [ -73.432882949966199, 8.873371459435532 ], [ -73.436588045325038, 8.870370636634163 ], [ -73.447279494234692, 8.870919457404455 ], [ -73.448245940316724, 8.862248706556443 ], [ -73.445449378404078, 8.85435327877326 ], [ -73.44162997323258, 8.851646340051275 ], [ -73.441467254068982, 8.848215989251116 ], [ -73.429822717934485, 8.834540974190531 ], [ -73.430251015240344, 8.827497768016713 ], [ -73.431888090149073, 8.82521348607446 ], [ -73.428501410981255, 8.823148537865052 ], [ -73.428728958915656, 8.812796471841921 ], [ -73.424988318091039, 8.80813267298663 ], [ -73.424547781229649, 8.800282532007941 ], [ -73.417099670796972, 8.786536046028004 ], [ -73.411910426252007, 8.783343918749608 ], [ -73.411758009874632, 8.781140446619759 ], [ -73.415808763755535, 8.774581906182505 ], [ -73.414617947082775, 8.766029819284768 ], [ -73.416137844754132, 8.762545414116005 ], [ -73.425114388656766, 8.762995821673542 ], [ -73.440272950133476, 8.76072740578843 ], [ -73.444186338023258, 8.755411477127893 ], [ -73.449180797116696, 8.754435305876825 ], [ -73.453290116709184, 8.750040349644053 ], [ -73.455092599441286, 8.750985835318943 ], [ -73.458390456716302, 8.749667709302628 ], [ -73.462680913645386, 8.745343122653765 ], [ -73.471337460320797, 8.727118293360149 ], [ -73.473895744812808, 8.715501269949812 ], [ -73.471766222056033, 8.707454445377891 ], [ -73.478050123037576, 8.702148803333841 ], [ -73.48197944795146, 8.702804017057929 ], [ -73.485842366651696, 8.69843924873436 ], [ -73.487068308378412, 8.701218084177412 ], [ -73.489579268685191, 8.700696159886434 ], [ -73.489551066952686, 8.697598771708329 ], [ -73.492874615166954, 8.694868031205658 ], [ -73.492101181260637, 8.693116880944729 ], [ -73.494506788863532, 8.691272014765445 ], [ -73.494211690260897, 8.689883094261802 ], [ -73.496765394239617, 8.688358855927561 ], [ -73.499190669573011, 8.68980852415234 ], [ -73.501926469391435, 8.687980540025649 ], [ -73.502642742552382, 8.689337229849457 ], [ -73.504823674137185, 8.688592874432061 ], [ -73.504735624796126, 8.686760617914445 ], [ -73.50733924999156, 8.684948825933645 ], [ -73.506843832310835, 8.67949278782487 ], [ -73.513848689374584, 8.671080395353385 ], [ -73.515483579578756, 8.661646831389078 ], [ -73.521549747626523, 8.658152460302574 ], [ -73.522742490288749, 8.646084473277085 ], [ -73.519941972192441, 8.644785104098901 ], [ -73.52158612583122, 8.638261668054326 ], [ -73.526201702185347, 8.631417165786445 ], [ -73.534881652687545, 8.624820516089528 ], [ -73.542206722574349, 8.624204894744878 ], [ -73.552241603099333, 8.606874715423601 ], [ -73.550745376952932, 8.605730141363608 ], [ -73.549901799838381, 8.59561137519222 ], [ -73.541973704793861, 8.588226941889161 ], [ -73.547376539239167, 8.582333168766695 ], [ -73.545920978959771, 8.57142819733042 ], [ -73.547197512046921, 8.564321207127364 ], [ -73.538877700022397, 8.560806991342076 ], [ -73.536083120693149, 8.552931820584718 ], [ -73.52596193894999, 8.546454771781725 ], [ -73.522668732256989, 8.538711374998343 ], [ -73.518091140296576, 8.538429693643479 ], [ -73.516990069883832, 8.535425922569004 ], [ -73.518038063295705, 8.533621343167397 ], [ -73.514992898718276, 8.528976117893649 ], [ -73.519490727404389, 8.526183760998208 ], [ -73.52798168659325, 8.528460029063467 ], [ -73.531845855749339, 8.527936231783656 ], [ -73.539534193846748, 8.519975051760866 ], [ -73.546497991581077, 8.517357481107808 ], [ -73.547519664334231, 8.512523180977382 ], [ -73.554614294607404, 8.507027546895984 ], [ -73.558067530007634, 8.507874931972026 ], [ -73.564251496927398, 8.506046486110904 ], [ -73.567521654628536, 8.507771961602259 ], [ -73.568204981151837, 8.506387098792004 ], [ -73.576051109352932, 8.506396332582142 ], [ -73.573375839863218, 8.504954883050459 ], [ -73.568786353300709, 8.497665150220143 ], [ -73.574703120617869, 8.495192396191158 ], [ -73.577727688606103, 8.495809957898416 ], [ -73.576223685738, 8.491841832021521 ], [ -73.573919620182494, 8.490813978854362 ], [ -73.561362581841763, 8.491259469030126 ], [ -73.55884667720369, 8.486059545304499 ], [ -73.559323006567752, 8.479457778799656 ], [ -73.552666742824442, 8.480244620970609 ], [ -73.551343152351933, 8.473512437847205 ], [ -73.547701294846263, 8.47140618416978 ], [ -73.545730991413961, 8.473519969328549 ], [ -73.52946898078369, 8.478288125553547 ], [ -73.522772996201809, 8.482929072148124 ], [ -73.520036556782429, 8.481016209735856 ], [ -73.512856132839602, 8.481623067109638 ], [ -73.503979401726042, 8.478940449395054 ], [ -73.497779789734807, 8.479247057222267 ], [ -73.493731308593397, 8.477533011005448 ], [ -73.486942707631897, 8.470891797648392 ], [ -73.480378444921769, 8.472147711688422 ], [ -73.477671322943308, 8.470115004938577 ], [ -73.472977054107616, 8.460481689631877 ], [ -73.472022737088139, 8.452521672029945 ], [ -73.473293283797489, 8.44682954210333 ], [ -73.480786951427774, 8.44288537611078 ], [ -73.4879098687735, 8.436138074329108 ], [ -73.488317839883223, 8.430381792961953 ], [ -73.491900318701312, 8.427678027990453 ], [ -73.494268377593755, 8.416344439447812 ], [ -73.496950966562281, 8.412137474702718 ], [ -73.507641951042501, 8.401611032967537 ], [ -73.514759732715618, 8.397572280588406 ], [ -73.51948440415805, 8.386904135792463 ], [ -73.524118384312089, 8.38608017071283 ], [ -73.529997834684252, 8.380789826990281 ], [ -73.51493478575793, 8.385016179191268 ], [ -73.48805208117949, 8.383977217448432 ], [ -73.473821157635314, 8.374118114906707 ], [ -73.471185854224473, 8.366518409157493 ], [ -73.469113535332269, 8.367269846898239 ], [ -73.464150378059855, 8.363479364806949 ], [ -73.456699462186293, 8.361634300099809 ], [ -73.461089404917459, 8.35445012389107 ], [ -73.460866717770955, 8.35075879073338 ], [ -73.458492490142532, 8.34708405486208 ], [ -73.441807466101125, 8.340839011437424 ], [ -73.434241644831388, 8.365376585741046 ], [ -73.428825842296249, 8.36603614911121 ], [ -73.426549779047036, 8.360784692589959 ], [ -73.424794974436622, 8.361077495096879 ], [ -73.422180979081304, 8.366074788377318 ], [ -73.410094832597906, 8.368641500870012 ], [ -73.411703026647217, 8.369494001855685 ], [ -73.41089014499039, 8.371174496868264 ], [ -73.406769394326773, 8.371042822607251 ], [ -73.401176424113487, 8.375569790867758 ], [ -73.39565486283567, 8.377123868564638 ], [ -73.393162353041248, 8.382126309195712 ], [ -73.397499331060999, 8.388144035553182 ], [ -73.401782359815058, 8.390671025410654 ], [ -73.398630423194504, 8.391201063291703 ], [ -73.39717865919846, 8.393463413747156 ], [ -73.403996113171559, 8.405734520800024 ], [ -73.402352550624698, 8.407381746679562 ], [ -73.403674369618045, 8.410593339567356 ], [ -73.400369153338374, 8.412990910835333 ], [ -73.398988824329024, 8.417710655912799 ], [ -73.401916675125051, 8.422893257410976 ], [ -73.408605023122618, 8.425157901267198 ], [ -73.411163949910531, 8.433760671153607 ], [ -73.413219173849257, 8.435953915057496 ], [ -73.415582892977113, 8.454402427730088 ], [ -73.414398769656884, 8.459258383564361 ], [ -73.402247645282216, 8.455008569146059 ], [ -73.394873336000501, 8.459263179673485 ], [ -73.382828524629531, 8.459005477067592 ], [ -73.378789184751724, 8.460663201566206 ], [ -73.370354149327113, 8.459076246402049 ], [ -73.35949685331758, 8.45201664685959 ], [ -73.349536305746653, 8.441121848852049 ], [ -73.345368026081758, 8.439483554928529 ], [ -73.342055118420546, 8.435568791716946 ], [ -73.343453860213003, 8.428867045336233 ], [ -73.339286898377679, 8.419411469935028 ], [ -73.350054680791061, 8.406100916946968 ], [ -73.350568913700442, 8.397658205412142 ], [ -73.348080599940033, 8.392410893720921 ], [ -73.347860769438398, 8.388345319422626 ], [ -73.349422526838737, 8.386713620036858 ], [ -73.348189600705155, 8.382656224905816 ], [ -73.351312710365278, 8.368859226617246 ], [ -73.35387449379806, 8.365292186257875 ], [ -73.350673381563013, 8.331082008797353 ], [ -73.358442888799232, 8.329612542586233 ], [ -73.359990396212822, 8.32702322486972 ], [ -73.359318624728246, 8.321213174798402 ], [ -73.361744427373196, 8.321659600121166 ], [ -73.370477653404066, 8.318321639325006 ], [ -73.371590338144415, 8.314950510007122 ], [ -73.376591241756842, 8.310519913087148 ], [ -73.375272224611081, 8.307936141573578 ], [ -73.377520554150408, 8.302842085286954 ], [ -73.375695996200932, 8.300486023404687 ], [ -73.376258491137378, 8.293461908242534 ], [ -73.372320093231849, 8.29112033170577 ], [ -73.373562277410144, 8.284289130802904 ], [ -73.370938413155216, 8.279466289591369 ], [ -73.374673584133745, 8.270116772072072 ], [ -73.374178503321502, 8.266005731306109 ], [ -73.376799416608378, 8.2649062841503 ], [ -73.382713813269618, 8.266892630608027 ], [ -73.385299081377582, 8.26601387813389 ], [ -73.388302902757744, 8.268698527839263 ], [ -73.391798570114247, 8.268646551275481 ], [ -73.394012152790708, 8.263877174239042 ], [ -73.397977632228674, 8.263885722614077 ], [ -73.406242858979795, 8.255454115163332 ], [ -73.408623126885004, 8.260715051613317 ], [ -73.418452269689794, 8.265561151124416 ], [ -73.427210559635398, 8.264838339121354 ], [ -73.435235333244464, 8.25841999976052 ], [ -73.440633791094285, 8.257243321683291 ], [ -73.442116854216351, 8.249436957439912 ], [ -73.434925331579393, 8.247122031243919 ], [ -73.431208642554282, 8.247512018965665 ], [ -73.428031555780649, 8.244506302138689 ], [ -73.430807705258815, 8.240310775651267 ], [ -73.428859637842493, 8.234189251574946 ], [ -73.431385117630782, 8.229225922724197 ], [ -73.429339765286613, 8.22486113014611 ], [ -73.432282907217598, 8.22019200158195 ], [ -73.432266400661092, 8.213427172756781 ], [ -73.433583770295286, 8.213114957641096 ], [ -73.434175114650088, 8.209813287912993 ], [ -73.436088654392677, 8.209485229198037 ], [ -73.435038629888254, 8.207149624666044 ], [ -73.436373398106753, 8.203784107128229 ], [ -73.448903706156557, 8.192518656752554 ], [ -73.445556772980183, 8.193397943724733 ], [ -73.440290065748229, 8.18935524594167 ], [ -73.434727923045159, 8.181172227680975 ], [ -73.428084261776974, 8.180522132561464 ], [ -73.431861535928135, 8.171226747564333 ], [ -73.430618999609976, 8.172488000296312 ], [ -73.429705999736655, 8.170462000373732 ], [ -73.428771000104462, 8.167257000227039 ], [ -73.42992127577611, 8.165465665596457 ], [ -73.426512186319087, 8.16448923024052 ], [ -73.429926987269255, 8.161920509113259 ], [ -73.429000412044559, 8.160327089667192 ], [ -73.431025216308512, 8.155419028810002 ], [ -73.434141267001564, 8.155378824677427 ], [ -73.437658063648655, 8.152719867707958 ], [ -73.435915787851513, 8.151046143303063 ], [ -73.436244752967355, 8.146238722583973 ], [ -73.433010288055868, 8.141282757229476 ], [ -73.434879602803392, 8.140140429857752 ], [ -73.435521155836113, 8.139370058310703 ], [ -73.430029045848357, 8.13912616372005 ], [ -73.425774553000338, 8.134554074843493 ], [ -73.422399475583688, 8.135121144903337 ], [ -73.422606974003259, 8.132459556766321 ], [ -73.424883216017349, 8.130411452880253 ], [ -73.431625118021543, 8.128013039890163 ], [ -73.429664204686389, 8.123275652784741 ], [ -73.423467846395738, 8.122341520925829 ], [ -73.415365767304934, 8.114551529389871 ], [ -73.409609199375041, 8.117194967950468 ], [ -73.405571292311265, 8.113071540305157 ], [ -73.396552813221092, 8.121900015679842 ], [ -73.395460961327103, 8.115298919318718 ], [ -73.396452839633412, 8.106569186838783 ], [ -73.393464639968499, 8.108659025587883 ], [ -73.393395892743342, 8.112755712162482 ], [ -73.389815251879781, 8.110539466877412 ], [ -73.384604233053267, 8.111824375862966 ], [ -73.382783945698009, 8.108719178623858 ], [ -73.377572926871551, 8.105542597602152 ], [ -73.373789582799191, 8.093799958173975 ], [ -73.375110184574396, 8.089838154645122 ], [ -73.37428926927754, 8.083877606101055 ], [ -73.371239558322827, 8.081608368256809 ], [ -73.372169052176275, 8.072076276993641 ], [ -73.368782072072577, 8.068213437345207 ], [ -73.370680255103139, 8.060838981638028 ], [ -73.374457314556764, 8.057146718723232 ], [ -73.374844029713245, 8.051549786936391 ], [ -73.371583366313928, 8.04357306514845 ], [ -73.369992208827568, 8.031309174268017 ], [ -73.365717066389664, 8.022334049704625 ], [ -73.367025599289377, 8.012629640771422 ], [ -73.364273938803649, 8.012546522286868 ], [ -73.354314265294192, 8.017231354313026 ], [ -73.343452635808262, 8.017424866850774 ], [ -73.342051366154635, 8.015910959150517 ], [ -73.332363132299292, 8.021630920703444 ], [ -73.329380159036816, 8.020657928592698 ], [ -73.323499672007927, 8.014097339994919 ], [ -73.309288826724696, 8.015515331800941 ], [ -73.303315926335642, 8.008294224923134 ], [ -73.301149687607335, 8.001595221999537 ], [ -73.303592187251752, 7.998789720046034 ], [ -73.299199104007869, 7.993732276424566 ], [ -73.298362075616978, 7.985009370247894 ], [ -73.296413885131358, 7.985028902332658 ], [ -73.288984787556842, 7.992346697656501 ], [ -73.281939577240053, 7.993373774678673 ], [ -73.278378944568772, 7.985676217164155 ], [ -73.275493258030792, 7.951810076765298 ], [ -73.276177270867549, 7.945544015441214 ], [ -73.279769041866359, 7.943170754400853 ], [ -73.277136313029132, 7.940372790216884 ], [ -73.278618430224469, 7.936208906910565 ], [ -73.286469721047638, 7.93320901925614 ], [ -73.288917042852347, 7.928199737948717 ], [ -73.294044635071941, 7.926850676624326 ], [ -73.296007848095996, 7.92402206459343 ], [ -73.302776978956501, 7.922427179993974 ], [ -73.302348687040535, 7.915374332194574 ], [ -73.304682220055838, 7.914613171081442 ], [ -73.303055137116019, 7.912237142329445 ], [ -73.304688918798263, 7.911015390348609 ], [ -73.303334384034486, 7.906592188365892 ], [ -73.308503561996645, 7.908534594594755 ], [ -73.314499725176859, 7.904392814353571 ], [ -73.316133131363017, 7.908577282571116 ], [ -73.317221099836956, 7.906665536765615 ], [ -73.31952220993287, 7.907856228572427 ], [ -73.327950223221308, 7.906857162839742 ], [ -73.330105582444503, 7.903732074189463 ], [ -73.333400591159432, 7.907278363449223 ], [ -73.334881288117174, 7.905740439270687 ], [ -73.333877782906882, 7.903403901388344 ], [ -73.338359011611601, 7.903718050578391 ], [ -73.339859484996111, 7.901835673417906 ], [ -73.346552530288022, 7.899579648903682 ], [ -73.348061572708843, 7.898252236994949 ], [ -73.347231218805803, 7.895648101555992 ], [ -73.351689723709001, 7.892450345429552 ], [ -73.34964449892567, 7.882112591376938 ], [ -73.350067991139269, 7.87865065039631 ], [ -73.35269477132789, 7.875342033092295 ], [ -73.349851131368666, 7.872316983606709 ], [ -73.350233299249567, 7.86984174214075 ], [ -73.353239771560254, 7.868890067966959 ], [ -73.352988342793367, 7.861707115264664 ], [ -73.355539580894629, 7.860383844592661 ], [ -73.353392780826255, 7.856744036145756 ], [ -73.349885341038544, 7.85612797462619 ], [ -73.348613137834491, 7.849672867191487 ], [ -73.346828024042281, 7.848473678213622 ], [ -73.348137837042259, 7.847100446798947 ], [ -73.346264641569576, 7.844830608879647 ], [ -73.347975763767863, 7.8403003941051 ], [ -73.345784295834733, 7.834854382101241 ], [ -73.349246289815937, 7.827002059112999 ], [ -73.343095332415885, 7.812147918063999 ], [ -73.348583860817769, 7.811314174814754 ], [ -73.347702353208433, 7.807843989089918 ], [ -73.349715817131255, 7.805216050971922 ], [ -73.348656326172829, 7.800639176766026 ], [ -73.351243125011308, 7.799339880351397 ], [ -73.35420393502136, 7.789752269566179 ], [ -73.359476448967996, 7.788822298706975 ], [ -73.363932597588303, 7.784834859036096 ], [ -73.36689451432369, 7.777908442925479 ], [ -73.37124897716609, 7.776923723299319 ], [ -73.375554763857735, 7.773637085991197 ], [ -73.38544994905817, 7.759824887297555 ], [ -73.385118686948374, 7.757061348379352 ], [ -73.391017127720772, 7.754845322283415 ], [ -73.390829380575099, 7.752299703148708 ], [ -73.392635267026549, 7.750886423010115 ], [ -73.391093677718743, 7.749046722147853 ], [ -73.39592171389171, 7.742158725215916 ], [ -73.399361459280556, 7.740341337624727 ], [ -73.399281874771191, 7.736110574692191 ], [ -73.406012004344234, 7.729766284417565 ], [ -73.406084767940229, 7.726974675819292 ], [ -73.403437586096857, 7.724082012959286 ], [ -73.410231533835201, 7.725043584778746 ], [ -73.410753282954545, 7.722668920568765 ], [ -73.407429380803762, 7.721252071420736 ], [ -73.40774785718196, 7.71912540530883 ], [ -73.410546604697458, 7.72034192100574 ], [ -73.414327746098934, 7.713978500193605 ], [ -73.429844150855956, 7.706083966234814 ], [ -73.439307200246333, 7.696547151626135 ], [ -73.443844957281954, 7.697002427158054 ], [ -73.447853604397039, 7.694436667778689 ], [ -73.462742997162422, 7.692269357359351 ], [ -73.466800757908118, 7.684601999432175 ], [ -73.476903596936836, 7.679622402078621 ], [ -73.480745168055705, 7.680542795092663 ], [ -73.481015518052516, 7.676293719090097 ], [ -73.486557648071766, 7.676074104184352 ], [ -73.488298206288732, 7.674626780564267 ], [ -73.489536884339657, 7.677166671137854 ], [ -73.490727768386137, 7.674354993261886 ], [ -73.494948250092079, 7.679653322115371 ], [ -73.496978664339508, 7.678425246888196 ], [ -73.497031910223768, 7.680273345208434 ], [ -73.498482972634974, 7.679209548621429 ], [ -73.503395174728894, 7.680246012147506 ], [ -73.505992897988222, 7.682463519566568 ], [ -73.508058217202176, 7.682024888931778 ], [ -73.51541372832321, 7.693381129410682 ], [ -73.517799226224156, 7.692957229361639 ], [ -73.520349665722506, 7.703951851836393 ], [ -73.522510447181105, 7.704866113843707 ], [ -73.521816421714277, 7.707428535979204 ], [ -73.526342889612749, 7.708477421418877 ], [ -73.530387162143711, 7.704061674560648 ], [ -73.532266245179471, 7.706174062838045 ], [ -73.536953784730031, 7.705816477374412 ], [ -73.542753821272868, 7.711098740744603 ], [ -73.546047046830552, 7.709784093906194 ], [ -73.551341521010102, 7.711910795950701 ], [ -73.557194702825825, 7.720530184683128 ], [ -73.558771176438881, 7.728235262000851 ], [ -73.561707751679933, 7.726917082085606 ], [ -73.580080736638138, 7.738263386291237 ], [ -73.583411900775445, 7.737938317171881 ], [ -73.588222801570737, 7.741325969215893 ], [ -73.593203920671556, 7.740114575716859 ], [ -73.603918432047863, 7.743200710690417 ], [ -73.608351682593309, 7.741276819652569 ], [ -73.614029526600575, 7.741692711214455 ], [ -73.628809028369744, 7.745365761844994 ], [ -73.633547912069616, 7.749258225260121 ], [ -73.75333096741042, 7.751617201279487 ], [ -73.757620321207412, 7.750589345417382 ], [ -73.756722489399749, 7.757955886062291 ], [ -73.76179435907784, 7.759976027167909 ], [ -73.761140388623119, 7.762056880062119 ], [ -73.757832592379884, 7.761705919679002 ], [ -73.756178483603207, 7.763654433558429 ], [ -73.758395372980829, 7.766858618932474 ], [ -73.76345389188657, 7.767092052633302 ], [ -73.758494760866483, 7.768652949446903 ], [ -73.761964183921009, 7.77067981983771 ], [ -73.759922028683491, 7.773491690851642 ], [ -73.754955668016237, 7.774980767301031 ], [ -73.749876578572412, 7.773326167145456 ], [ -73.748017565712757, 7.776468260019328 ], [ -73.74427408710784, 7.778431839556333 ], [ -73.740576659774376, 7.776749500301037 ], [ -73.737476134676797, 7.784498191758871 ], [ -73.737647314180492, 7.786393058206727 ], [ -73.742725639157413, 7.789138712551676 ], [ -73.741563589257908, 7.796084984140805 ], [ -73.745852194757674, 7.79764234338603 ], [ -73.74660513088952, 7.802326753203602 ], [ -73.750875470031758, 7.80304211816707 ], [ -73.75265982744196, 7.810648457979994 ], [ -73.750776283368964, 7.814352180711978 ], [ -73.751167881771266, 7.81974044267514 ], [ -73.748174723401974, 7.82224385622925 ], [ -73.743614323413226, 7.830808050629969 ], [ -73.736264521090334, 7.833491558575702 ], [ -73.731274595797743, 7.833499513163929 ], [ -73.730905131003396, 7.837887576617959 ], [ -73.724783099378556, 7.834626445196022 ], [ -73.724744991915486, 7.837413695165026 ], [ -73.720692442300901, 7.840826412920364 ], [ -73.724490036359953, 7.843521059984539 ], [ -73.722280285899558, 7.846435074917565 ], [ -73.725100516642215, 7.848718180065873 ], [ -73.720449151378659, 7.84931240172682 ], [ -73.718623873878016, 7.847414349850396 ], [ -73.718479466886095, 7.853483804836401 ], [ -73.711564683069355, 7.857684372673248 ], [ -73.709910548241453, 7.863065646636301 ], [ -73.70105722544622, 7.865390543241574 ], [ -73.699115359105235, 7.869561331903014 ], [ -73.696945531604513, 7.869299603044851 ], [ -73.697382932444725, 7.872505788968681 ], [ -73.692906721733152, 7.871578645109878 ], [ -73.693305493188689, 7.876084762557753 ], [ -73.689816239808465, 7.884110041020392 ], [ -73.683645249961614, 7.887788706125889 ], [ -73.676109098272718, 7.888312373149859 ], [ -73.671384566967618, 7.891225573310294 ], [ -73.670600476338564, 7.894258815437809 ], [ -73.674067035561734, 7.902213347922213 ], [ -73.670777971902055, 7.903500483833113 ], [ -73.671917061742931, 7.907064504952359 ], [ -73.677821729641892, 7.913767862013628 ], [ -73.677548078333757, 7.919463619340263 ], [ -73.672573554668986, 7.927270491132163 ], [ -73.676249948831639, 7.935562325104911 ], [ -73.674440700881746, 7.941673208628174 ], [ -73.676791837297344, 7.942677754986789 ], [ -73.683885529728684, 7.939688171915179 ], [ -73.685743010959527, 7.946307204951893 ], [ -73.68287083239926, 7.948629804563154 ], [ -73.682853453577934, 7.951749350603677 ], [ -73.68651636042415, 7.950671495371296 ], [ -73.68803597422766, 7.952548488924037 ], [ -73.690860363275021, 7.950010499187158 ], [ -73.697075770356491, 7.950596927058484 ], [ -73.697556480807691, 7.956270718762255 ], [ -73.702977109994663, 7.959222965125946 ], [ -73.703585110026438, 7.965671015390114 ], [ -73.70839528767732, 7.969823581711523 ], [ -73.715525822742734, 7.966183991555397 ], [ -73.723558797976864, 7.967827265742812 ], [ -73.723786973834137, 7.97039201721168 ], [ -73.721326983078882, 7.97341378964046 ], [ -73.722407362579247, 7.978428997138565 ], [ -73.719574290409412, 7.983688734336681 ], [ -73.726824729999521, 7.984554977760524 ], [ -73.727850692211575, 7.985943384427401 ], [ -73.724046702142573, 7.988954459709305 ], [ -73.719227173920501, 7.989581883129574 ], [ -73.721730226351497, 7.992397396814908 ], [ -73.727279674052909, 7.991397367189165 ], [ -73.720746655671519, 7.997468238819465 ], [ -73.720663860580771, 8.001407482938703 ], [ -73.725652680944677, 8.007059275781955 ], [ -73.724856622051561, 8.00870091683089 ], [ -73.720859257785492, 8.009195111903523 ], [ -73.721168920785431, 8.010589127655521 ], [ -73.726805067658916, 8.015139337147559 ], [ -73.72960909457754, 8.019878478664111 ], [ -73.737094117712957, 8.023736343438543 ], [ -73.737018987952638, 8.027492202634562 ], [ -73.732312010640442, 8.030741820340324 ], [ -73.733676405320637, 8.035120878176485 ], [ -73.740583520213704, 8.03579883277007 ], [ -73.74502835274734, 8.042039194171707 ], [ -73.749829381049778, 8.044267897303087 ], [ -73.748055074897309, 8.047912355433596 ], [ -73.742416905016171, 8.047914966838221 ], [ -73.742723594590188, 8.05148932218475 ], [ -73.74528558822891, 8.053321515820244 ], [ -73.74887317307514, 8.05136510574323 ], [ -73.748436793620272, 8.056733091815943 ], [ -73.750897008954496, 8.059835486309169 ], [ -73.756290606016421, 8.059717741336101 ], [ -73.758506403940146, 8.062389283712719 ], [ -73.762704840971423, 8.06205521616198 ], [ -73.764475129854759, 8.063556548336578 ], [ -73.764470933820689, 8.069011009900748 ], [ -73.769320761343181, 8.073923704271863 ], [ -73.764933163216824, 8.076611720865628 ], [ -73.769856499039292, 8.079672825162163 ], [ -73.770644806363578, 8.084747499382786 ], [ -73.775251713069963, 8.08742074855985 ], [ -73.773296549855559, 8.092184773429551 ], [ -73.776089179839119, 8.094282506579702 ], [ -73.779445104260333, 8.094292143713744 ], [ -73.780759505858441, 8.099058580561973 ], [ -73.78658768304831, 8.096220716774553 ], [ -73.78696004042024, 8.099185051776658 ], [ -73.791422514083536, 8.102805376647837 ], [ -73.790901945351379, 8.105697310973596 ], [ -73.788034150573196, 8.107776593611391 ], [ -73.785146827303493, 8.106942014029926 ], [ -73.782434219309266, 8.103552548285904 ], [ -73.775405430208934, 8.103411041956292 ], [ -73.773977430264381, 8.106158740868466 ], [ -73.774973951067864, 8.112209624967761 ], [ -73.769612475091151, 8.116511752818326 ], [ -73.773288800981732, 8.121667536888936 ], [ -73.772462618858242, 8.128484981878842 ], [ -73.775704576623468, 8.136805439792624 ], [ -73.775489818014023, 8.144671168350499 ], [ -73.771212382175349, 8.154609033442455 ], [ -73.771002567897142, 8.162217619045407 ], [ -73.776258526778122, 8.188097080721775 ], [ -73.775289295018183, 8.197854119294504 ], [ -73.77955551717821, 8.208128716342458 ], [ -73.774148227983801, 8.227494975590105 ], [ -73.764605840222657, 8.240468928674602 ], [ -73.764773103966888, 8.250197749345148 ], [ -73.762189312690396, 8.260323423566604 ], [ -73.752456218730629, 8.268164205889207 ], [ -73.750266650735853, 8.271879639966869 ], [ -73.751137003955364, 8.277049610243751 ], [ -73.758735134058384, 8.29082107569667 ], [ -73.760327241064772, 8.299872526577303 ], [ -73.757022868303807, 8.307554268340311 ], [ -73.749251090124801, 8.312190214908014 ], [ -73.746749943021996, 8.316851220000615 ], [ -73.748272590438603, 8.32132125209472 ], [ -73.756326795574807, 8.327670250443475 ], [ -73.757632357743489, 8.334247863027713 ], [ -73.748474198600206, 8.362683996718829 ], [ -73.750488741400488, 8.380882202621194 ], [ -73.749023602377576, 8.38854495128902 ], [ -73.74996505641019, 8.407958145751024 ], [ -73.748374153147267, 8.429877288814907 ], [ -73.749631182895769, 8.441861362346174 ], [ -73.746735696628548, 8.449219881927547 ], [ -73.746004312894172, 8.462057962022129 ], [ -73.746875250917469, 8.465927236308062 ], [ -73.754977314736834, 8.476717551181707 ], [ -73.764837540173573, 8.484335343625276 ], [ -73.774301532795732, 8.497054660954802 ], [ -73.78020328925254, 8.514579921273537 ], [ -73.778032140328946, 8.548362971933955 ], [ -73.774904433087556, 8.560550084644206 ], [ -73.78274458119904, 8.566419549335762 ], [ -73.794206426808557, 8.590245283667855 ], [ -73.798364834878896, 8.608617887740138 ], [ -73.802304087082916, 8.612611729709158 ], [ -73.803305130009107, 8.611738968104419 ], [ -73.814032731646137, 8.62496653016882 ], [ -73.817950442232529, 8.638683429212961 ], [ -73.820289660689753, 8.661899541154639 ], [ -73.81847730276985, 8.665003993689766 ], [ -73.816198286755991, 8.679654772166032 ], [ -73.808883684047203, 8.696108988284266 ], [ -73.811701545930589, 8.710996641011604 ], [ -73.815786534634242, 8.721261494025896 ], [ -73.810255806041653, 8.733171104347264 ], [ -73.794253980962651, 8.743017715805024 ], [ -73.789270677157333, 8.74920532539619 ], [ -73.789944395292707, 8.755960041878154 ], [ -73.794801709380693, 8.766883001194003 ], [ -73.791935289026014, 8.790269241609678 ], [ -73.794470220895221, 8.801250003966857 ], [ -73.795277155700148, 8.816771946842039 ], [ -73.797562503045185, 8.819839599862178 ], [ -73.80225632092629, 8.821869773360959 ], [ -73.807880885811585, 8.831721625594184 ], [ -73.819822847187083, 8.836477349125801 ], [ -73.849285307806554, 8.869412855708219 ], [ -73.860032489139144, 8.878741693094923 ], [ -73.866556746244555, 8.887049172139086 ], [ -73.87020509228671, 8.895532213570732 ], [ -73.873364898155444, 8.911815277134792 ], [ -73.87175944396995, 8.91186302712174 ], [ -73.869739352271665, 8.918496205940528 ], [ -73.869055093296367, 8.927366782691195 ], [ -73.867114330087418, 8.931354333753234 ], [ -73.867655127997523, 8.936489178976217 ], [ -73.863127467135428, 8.946555992838398 ], [ -73.850586531109002, 8.954699952319402 ], [ -73.848638063942019, 8.959368839236561 ], [ -73.850467565324493, 8.964639465821222 ], [ -73.840309778102664, 8.966809275355615 ], [ -73.836850730597916, 8.974701128739468 ], [ -73.832108333584188, 8.979427580644199 ], [ -73.83639012895037, 8.98404390799044 ], [ -73.831554209156195, 8.988784845240673 ], [ -73.830424259680683, 8.997076317192068 ], [ -73.82815575665893, 8.997596482580263 ], [ -73.825843902703639, 9.000703031784951 ], [ -73.82435565270498, 9.009777042075314 ], [ -73.825801643224054, 9.02271316258151 ], [ -73.819533955948032, 9.028274442002896 ], [ -73.814525357360765, 9.026005989286887 ], [ -73.80824798533996, 9.028078563300824 ], [ -73.808119632153193, 9.031348887190404 ], [ -73.811960257345277, 9.031555103713004 ], [ -73.811043169235859, 9.037158348864693 ], [ -73.806923213581911, 9.036779787722537 ], [ -73.803990001635952, 9.034555571679562 ], [ -73.802690972021196, 9.036525321749195 ], [ -73.809821647223885, 9.04463520271446 ], [ -73.803406629835649, 9.047107354871684 ], [ -73.800723553979878, 9.045261617325878 ], [ -73.79636580599589, 9.045945887979315 ], [ -73.797868209861463, 9.049403417329984 ], [ -73.797707069937417, 9.057355374342421 ], [ -73.809231347610591, 9.070713936032462 ], [ -73.823130020897338, 9.079362069978572 ], [ -73.861065039600703, 9.109165700235053 ], [ -73.875325679438163, 9.130541568731587 ], [ -73.875497650358227, 9.145983824689324 ], [ -73.864104318411705, 9.163035484728027 ], [ -73.861931438433203, 9.170575698601851 ], [ -73.864037534007025, 9.180742044978501 ], [ -73.866622261328757, 9.182968075619783 ], [ -73.874390784010643, 9.186025042272831 ], [ -73.878908519379252, 9.185847992274091 ], [ -73.892829302917733, 9.173587285025519 ], [ -73.903400915574593, 9.178268487855007 ], [ -73.906439128982811, 9.177521457252567 ], [ -73.962032682166694, 9.187675889264142 ], [ -73.955941356779363, 9.196243041819457 ], [ -73.95986038699192, 9.198991337213442 ], [ -73.960382126229774, 9.205045987053438 ], [ -73.964036924875813, 9.20657864530358 ], [ -73.965726773154529, 9.217818119973856 ], [ -73.963447440933408, 9.223712951312621 ], [ -73.954055010858781, 9.230629552422613 ], [ -73.949452127709719, 9.237385275018482 ], [ -73.94870053995021, 9.247111743897733 ], [ -73.950978424984271, 9.256601472374996 ], [ -73.945156262020021, 9.263089553396753 ], [ -73.943183403777027, 9.268369581756701 ], [ -73.946123440229655, 9.280811482037393 ], [ -73.942791437065182, 9.289562937594894 ], [ -73.954674577607364, 9.298109497154257 ], [ -73.957850939439936, 9.303765197672135 ], [ -73.97493433608463, 9.304062278858169 ], [ -73.978860441433994, 9.305965844598177 ], [ -73.980645033304654, 9.310159650810476 ], [ -73.985573373645536, 9.311415934956699 ], [ -73.984844544721852, 9.3122090078474 ], [ -73.989070771158651, 9.316715472045189 ], [ -73.991690771756453, 9.324019727950258 ], [ -73.991735709116028, 9.328839563396457 ], [ -73.990485347567187, 9.32888226933909 ], [ -73.991806973422626, 9.331196894599202 ], [ -73.990489463651102, 9.331803182440694 ], [ -73.98917124331166, 9.32932854284644 ], [ -73.988072187821672, 9.331385596654798 ], [ -73.989699092894966, 9.351120434957295 ], [ -73.984555164798905, 9.36503577919234 ], [ -73.983945090555494, 9.382950161256133 ], [ -73.981999258149358, 9.386654440045731 ], [ -73.978094793232458, 9.389381325874524 ], [ -73.983102447689589, 9.390579145818776 ], [ -73.982913406968862, 9.392784082203775 ], [ -73.990577363871694, 9.397668726657741 ], [ -73.99457694877492, 9.398312690770581 ], [ -73.99988394278455, 9.39480230540471 ], [ -74.004080096296605, 9.397341868991248 ], [ -74.00494490600812, 9.400176676707645 ], [ -74.008347267078307, 9.398881721854252 ], [ -74.011326919266537, 9.40358122427898 ], [ -74.010843768090751, 9.405155134098152 ], [ -74.016454620182344, 9.411286518989186 ], [ -74.021989045345265, 9.413645493211902 ], [ -74.023653745267609, 9.417873723791672 ], [ -74.032638285979317, 9.420125201928613 ], [ -74.034011522783828, 9.424034754907325 ], [ -74.038505592915783, 9.422045676670677 ], [ -74.043454480438584, 9.422053290797066 ], [ -74.049258005142462, 9.424443187751478 ], [ -74.058390220919705, 9.43261824603411 ], [ -74.061107544174604, 9.436962563295594 ], [ -74.06390219896241, 9.436981816902403 ], [ -74.069526389249972, 9.449285648708837 ], [ -74.091748558555139, 9.46538046656184 ], [ -74.097410470029843, 9.476703047140177 ], [ -74.104205185828334, 9.47670098460668 ], [ -74.104951108807143, 9.475522605118897 ], [ -74.111344715731832, 9.480297506798763 ], [ -74.114284402739486, 9.48014630135134 ], [ -74.115502034144868, 9.478474177745568 ], [ -74.120786726561448, 9.480133966574385 ], [ -74.123053767124759, 9.482969098582771 ], [ -74.122935160666657, 9.485405362117547 ], [ -74.13216470808419, 9.48626819643215 ], [ -74.134826725616222, 9.492146621825839 ], [ -74.139159989997665, 9.493779959739982 ], [ -74.137503204239295, 9.496319615853054 ], [ -74.132359795369894, 9.497216492750795 ], [ -74.130601533141203, 9.499443321096692 ], [ -74.124558926125474, 9.500720791127435 ], [ -74.123867202144254, 9.50264224683059 ], [ -74.119409429368602, 9.504000072125848 ], [ -74.116752242979942, 9.511518588075035 ], [ -74.113342554346161, 9.512012335786324 ], [ -74.110748351587233, 9.514463505078425 ], [ -74.111254091817102, 9.518209360627452 ], [ -74.103596088054417, 9.517950220715989 ], [ -74.099891376276503, 9.522310185743891 ], [ -74.097508578713416, 9.533036718384892 ], [ -74.095235416126627, 9.536123455230154 ], [ -74.08302007203946, 9.547447643794158 ], [ -74.079983530397271, 9.548610865996068 ], [ -74.077268408914847, 9.55576516241797 ], [ -74.073831055741493, 9.55660168326034 ], [ -74.071706732437747, 9.561690216700242 ], [ -74.066788032824206, 9.565352254874881 ], [ -74.065914405242836, 9.567804770742669 ], [ -74.063896992322896, 9.568656606974514 ], [ -74.060161971363129, 9.564933209325545 ], [ -74.053672380272133, 9.566776666945316 ], [ -74.048082899118185, 9.578431985566738 ], [ -74.036739418319769, 9.591322591096173 ], [ -74.014091457112102, 9.591842735823093 ], [ -74.010293041992213, 9.589591826320202 ], [ -74.010363388219844, 9.595641148248035 ], [ -74.003962357611726, 9.595359783100378 ], [ -73.994395984813366, 9.590506258109258 ], [ -73.997139284672073, 9.582909434157727 ], [ -73.994536664692248, 9.580658521061594 ], [ -73.989261095572942, 9.579814430110275 ], [ -73.985322000574172, 9.581924657937691 ], [ -73.986869502597926, 9.585441707011626 ], [ -73.984548247765701, 9.586567161313894 ], [ -73.948791200695894, 9.591044572175633 ], [ -73.946100690376966, 9.594767765906909 ], [ -73.940724334694039, 9.597851839245266 ], [ -73.930498525188057, 9.599387195138377 ], [ -73.929449016317051, 9.601306352949166 ], [ -73.926910220790717, 9.599678197420019 ], [ -73.918706847587771, 9.60561133115641 ], [ -73.915185561157273, 9.605244384341745 ], [ -73.909791663159467, 9.601759981867929 ], [ -73.905226517367282, 9.606799310048928 ], [ -73.901026316941682, 9.607929608969357 ], [ -73.899534411695186, 9.611111833212192 ], [ -73.893397316209359, 9.616429466876525 ], [ -73.882268456578061, 9.614031893811898 ], [ -73.882972445267683, 9.607070160407773 ], [ -73.879384237888473, 9.600862280316051 ], [ -73.875815815020815, 9.599662643078489 ], [ -73.871541075926757, 9.603933019950034 ], [ -73.867892949073678, 9.600995157422119 ], [ -73.803264147934897, 9.636416579261265 ], [ -73.80564755904777, 9.638563932692307 ], [ -73.803691148072403, 9.638018085347994 ], [ -73.803581800557311, 9.640851208721813 ], [ -73.808249502595629, 9.64221194995082 ], [ -73.803341164158837, 9.64302892613199 ], [ -73.806626517773395, 9.644081251223668 ], [ -73.803921349632276, 9.645505586937247 ], [ -73.807636731607602, 9.646468782912052 ], [ -73.804602347720504, 9.647787715616062 ], [ -73.805923775048086, 9.649246528697745 ], [ -73.807803406954918, 9.648568850785466 ], [ -73.806775204342784, 9.650658197257428 ], [ -73.80850569333569, 9.650973896042558 ], [ -73.809081891184405, 9.653214644693151 ], [ -73.80605702765024, 9.655504259937572 ], [ -73.80805202399273, 9.656965377199754 ], [ -73.806294925981604, 9.658379717351238 ], [ -73.808252022372017, 9.659469317167009 ], [ -73.807740525733209, 9.66158452795321 ], [ -73.810744512403517, 9.661716560642276 ], [ -73.810589534028907, 9.664352183853623 ], [ -73.808216629619949, 9.663969599154086 ], [ -73.80625197659532, 9.666516988869603 ], [ -73.80934950041916, 9.666926080179394 ], [ -73.807040379141142, 9.667928958365167 ], [ -73.809769641914045, 9.669133133895173 ], [ -73.807410786268974, 9.672019762766581 ], [ -73.812020979015301, 9.672114792022967 ], [ -73.809751583067452, 9.676154408582079 ], [ -73.81354566920254, 9.679996686675622 ], [ -73.810337579747113, 9.682571494792114 ], [ -73.813649411225811, 9.683509416646189 ], [ -73.810597204749229, 9.685403763867441 ], [ -73.814658468927348, 9.685530724664318 ], [ -73.813836360666869, 9.687200819872601 ], [ -73.811002234772332, 9.686495337283475 ], [ -73.8093637090833, 9.688845457703678 ], [ -73.815124205349093, 9.689603394760695 ], [ -73.809116284110814, 9.69196713814307 ], [ -73.813275861788554, 9.692877260710247 ], [ -73.810397658222882, 9.696457323058326 ], [ -73.811987788934061, 9.696791308862259 ], [ -73.811654689767977, 9.698650782558047 ], [ -73.813292132986248, 9.697944215701511 ], [ -73.81273081394545, 9.700355190742584 ], [ -73.814887148739842, 9.699600740049959 ], [ -73.814973864980004, 9.704244148928694 ], [ -73.818089365903575, 9.704143709115044 ], [ -73.815496674112183, 9.706220444128689 ], [ -73.818746065442326, 9.706714190941682 ], [ -73.818637177865014, 9.708196000014652 ], [ -73.817011886167279, 9.708315810216163 ], [ -73.817792264056266, 9.710806025711577 ], [ -73.819151166432448, 9.709031648592145 ], [ -73.820717122561746, 9.711380593116758 ], [ -73.822169542328425, 9.709688996715045 ], [ -73.824503836217389, 9.709972081239471 ], [ -73.822012113347739, 9.713518039918938 ], [ -73.825219386233925, 9.712441706433822 ], [ -73.823786232650491, 9.716655060900621 ], [ -73.826874004355773, 9.713962094585725 ], [ -73.829169974287538, 9.716070716224124 ], [ -73.825054187718138, 9.719580178121134 ], [ -73.829507168876262, 9.720670714880498 ], [ -73.828999505351817, 9.72458326284476 ], [ -73.833394890979605, 9.722808186835493 ], [ -73.832317363632569, 9.724061802983215 ], [ -73.834740961809985, 9.725575404357699 ], [ -73.83245765184563, 9.726124626675244 ], [ -73.832936735446538, 9.728549230966621 ], [ -73.834121062684517, 9.729170501820647 ], [ -73.833815958638297, 9.72784817707543 ], [ -73.835726949858326, 9.727330721008229 ], [ -73.835820855321401, 9.7293653528493 ], [ -73.839019674155679, 9.731024290074458 ], [ -73.834633184551251, 9.731609049772999 ], [ -73.835626537892495, 9.734456228199008 ], [ -73.839905514343059, 9.736218375644398 ], [ -73.836621897173359, 9.735684587294031 ], [ -73.838122836783839, 9.736904972037905 ], [ -73.835953098216407, 9.739130575979061 ], [ -73.836269742928266, 9.742336007317476 ], [ -73.834637952812614, 9.741832457181999 ], [ -73.834310927161027, 9.743862353999361 ], [ -73.832605190367133, 9.743757996629654 ], [ -73.834095334914252, 9.745941244073094 ], [ -73.831748663129133, 9.74491094209651 ], [ -73.830073440333194, 9.747260610663773 ], [ -73.830958324712356, 9.74932712912954 ], [ -73.828085994336675, 9.749534037355545 ], [ -73.829427844878524, 9.750626163235893 ], [ -73.827433456695985, 9.752937204215186 ], [ -73.829426983393489, 9.754887306317244 ], [ -73.830242743254757, 9.759330632374997 ], [ -73.832763652411245, 9.760777176256738 ], [ -73.832054747238146, 9.766758881040914 ], [ -73.837030220422946, 9.77484682512943 ], [ -73.837273756585489, 9.783673264021729 ], [ -73.839858554874183, 9.787203740224925 ], [ -73.839394013212711, 9.788939193312046 ], [ -73.841172540552009, 9.789742274341336 ], [ -73.838856851685762, 9.791175567163748 ], [ -73.84078015432658, 9.793059430138953 ], [ -73.842160132992717, 9.791597690343735 ], [ -73.841792117182081, 9.79734287211835 ], [ -73.845584503703265, 9.799440507352074 ], [ -73.850885550860937, 9.799509851957396 ], [ -73.849977040770966, 9.801419615179441 ], [ -73.851438612581092, 9.800377788706896 ], [ -73.853665181313659, 9.802365345196279 ], [ -73.851644911748792, 9.803754491177187 ], [ -73.853640801017434, 9.80552238874327 ], [ -73.852725428691542, 9.807630254897902 ], [ -73.854359945196279, 9.805899059828619 ], [ -73.856892836091561, 9.807772853579763 ], [ -73.856907156146917, 9.809638319043245 ], [ -73.858876225292988, 9.809926734174837 ], [ -73.858580119678152, 9.807906742189687 ], [ -73.860232863912813, 9.807174551767559 ], [ -73.861625975958873, 9.809637216809506 ], [ -73.862993925275475, 9.808578905340028 ], [ -73.864120374013567, 9.810509803242667 ], [ -73.866802462620058, 9.810635703128355 ], [ -73.865447574818063, 9.81396080812425 ], [ -73.866961626248894, 9.815953121196856 ], [ -73.868547724419557, 9.815345563136589 ], [ -73.869505351733494, 9.816727625895851 ], [ -73.871402513378712, 9.813225992822765 ], [ -73.872543587599637, 9.814623502125698 ], [ -73.874403655980586, 9.812731380931496 ], [ -73.8758100379506, 9.816825934903932 ], [ -73.87823899637965, 9.816904464790355 ], [ -73.88035185627291, 9.819128251438258 ], [ -73.87897450697767, 9.819855853262197 ], [ -73.88153219139457, 9.82368232728237 ], [ -73.880843309685133, 9.825069295745266 ], [ -73.885007556809455, 9.828492165369767 ], [ -73.883332586440304, 9.830211317614783 ], [ -73.886485295612601, 9.830572211576225 ], [ -73.885375678621415, 9.831951405114182 ], [ -73.886288222150256, 9.833424708931204 ], [ -73.890012839712369, 9.831561111066719 ], [ -73.891762014576443, 9.832225458867867 ], [ -73.891704098347248, 9.831045378867941 ], [ -73.894963436730507, 9.832090918978849 ], [ -73.894743902673156, 9.835791320636588 ], [ -73.897818725153343, 9.835943082141625 ], [ -73.896795145275348, 9.840381224916086 ], [ -73.89852599179801, 9.844438724251802 ], [ -73.900134416714536, 9.843587496179907 ], [ -73.899484926161733, 9.845254476028231 ], [ -73.901641729877042, 9.844909906265173 ], [ -73.900981988640353, 9.848500020769279 ], [ -73.906159094241218, 9.854686696111798 ], [ -73.905848036156499, 9.85906336532571 ], [ -73.903427105977585, 9.858665964700378 ], [ -73.904373680411425, 9.861254772173368 ], [ -73.90604869928967, 9.861005154411544 ], [ -73.905265680351647, 9.862591169038808 ], [ -73.911922325879232, 9.863666658106865 ], [ -73.910922345660879, 9.864721193055857 ], [ -73.913054946946545, 9.866634319573052 ], [ -73.912322296586638, 9.870402409341409 ], [ -73.913720457168608, 9.869569258980675 ], [ -73.916175623966978, 9.871648786858771 ], [ -73.915583788233334, 9.874844601724362 ], [ -73.917460092777674, 9.874601347633018 ], [ -73.91774111387025, 9.877552036316786 ], [ -73.922850140593084, 9.876933457715779 ], [ -73.921965579607672, 9.878376102007792 ], [ -73.923242163000509, 9.879781900970727 ], [ -73.92115779140255, 9.881817986287047 ], [ -73.923140803311298, 9.883610794155857 ], [ -73.922283502623202, 9.885606995140051 ], [ -73.923715322207443, 9.888338727383655 ], [ -73.925354166798627, 9.888388690821273 ], [ -73.926836019889095, 9.892419711394552 ], [ -73.928308875446476, 9.891973383089976 ], [ -73.932471908047603, 9.895689663381347 ], [ -73.930623772896354, 9.898728507407384 ], [ -73.937017548704489, 9.903646448842267 ], [ -73.936981280094301, 9.906729934681948 ], [ -73.944725063153498, 9.909826549409956 ], [ -73.948518473754916, 9.914705061958955 ], [ -73.950136902318434, 9.913524204915689 ], [ -73.952666123592849, 9.926935131242033 ], [ -73.956308706937875, 9.927024793060298 ], [ -73.955411920770018, 9.928971794175538 ], [ -73.959230155435819, 9.931670135115041 ], [ -73.960757094107976, 9.931829984159037 ], [ -73.961547563678891, 9.929922906901822 ], [ -73.966424136763692, 9.930257913192747 ], [ -73.967465215837365, 9.933724401448899 ], [ -73.971291132003216, 9.933289129617663 ], [ -73.970943549288279, 9.935314215054575 ], [ -73.972658606110656, 9.934764524714353 ], [ -73.974206276119446, 9.936670797080467 ], [ -73.975807835206808, 9.934847688114701 ], [ -73.976068560646013, 9.936474713562291 ], [ -73.97745835700772, 9.934735548633455 ], [ -73.977960744722282, 9.935956583758127 ], [ -73.982700815995884, 9.935560698591871 ], [ -73.982803899553517, 9.933548169816049 ], [ -73.98569883605137, 9.932486578594819 ], [ -73.986122437859478, 9.934324463062183 ], [ -73.988116559242144, 9.93475143894517 ], [ -73.985501317024216, 9.935855517818254 ], [ -73.990526132011894, 9.934449434089174 ], [ -73.99099919599729, 9.936565890839688 ], [ -73.993323567986067, 9.936018924193604 ], [ -73.993588095098573, 9.937843515380791 ], [ -73.998290802714791, 9.938504019287791 ], [ -73.999376897301545, 9.940670708072389 ], [ -74.001831222377746, 9.940197452745736 ], [ -74.002842806143917, 9.942827040171892 ], [ -74.001804706784412, 9.946934440063103 ], [ -74.003499095152222, 9.947332226964306 ], [ -74.002594046273828, 9.948445139876924 ], [ -74.005405772658833, 9.955009324433604 ], [ -74.005202905058241, 9.959651033698492 ], [ -74.007636852734379, 9.960154494002381 ], [ -74.006753772173738, 9.961557518965492 ], [ -74.008934822336244, 9.963865265820004 ], [ -74.008589905823158, 9.966975767615054 ], [ -74.01028942896528, 9.968160474840715 ], [ -74.011758352593517, 9.976095317136696 ], [ -74.016825454010302, 9.977266393315404 ], [ -74.017319068770803, 9.978757526908396 ], [ -74.018887686610412, 9.978069203053224 ], [ -74.018945866046181, 9.98061504856355 ], [ -74.024843222551226, 9.982707370258083 ], [ -74.026074182271032, 9.987525265341731 ], [ -74.028057611896713, 9.988014216943895 ], [ -74.027366372107792, 9.989199676958322 ], [ -74.031989656911492, 9.991143486356805 ], [ -74.030691033335586, 9.992430564775532 ], [ -74.034207883881663, 9.995087893098059 ], [ -74.034810098758385, 10.001723465928933 ], [ -74.036664222982381, 10.002498762942651 ], [ -74.03709107759272, 10.006383007664738 ], [ -74.041039867217705, 10.006283504794681 ], [ -74.042171678902321, 10.009509223701571 ], [ -74.04880836205183, 10.011925440416462 ], [ -74.051093417444179, 10.010254520554156 ], [ -74.054543284159422, 10.016152592118715 ], [ -74.054344448200993, 10.018759317402669 ], [ -74.055840111103294, 10.019375431922867 ], [ -74.05683791560034, 10.028025002276252 ], [ -74.059412738089861, 10.032488295203734 ], [ -74.058999933141763, 10.034784027980095 ], [ -74.062154189214198, 10.038900502659544 ], [ -74.061780348722607, 10.04160133462932 ], [ -74.066963718280931, 10.044835663895128 ], [ -74.070147439118216, 10.050866366427158 ], [ -74.073826093443927, 10.051133725031718 ], [ -74.073840598552351, 10.058451665882728 ], [ -74.075423691856031, 10.057624642935423 ], [ -74.076894919664824, 10.058823750166596 ], [ -74.075912490744486, 10.059897670774888 ], [ -74.082975579346282, 10.067102800204282 ], [ -74.084028641955399, 10.074111566739248 ], [ -74.076037062020816, 10.085043408603724 ], [ -74.076201583206341, 10.088341400626121 ], [ -74.067301568640346, 10.098062858698711 ], [ -74.068806899219453, 10.101557442686101 ], [ -74.066991768198022, 10.105124026700935 ], [ -74.068322034056735, 10.11278906337958 ], [ -74.072476379942145, 10.114836528562989 ], [ -74.071487893676988, 10.118461696255736 ], [ -74.074413696312604, 10.12014510001552 ], [ -74.073095720315052, 10.124712274205251 ], [ -74.070526781795365, 10.124822752700197 ], [ -74.069423309285582, 10.126771351919615 ], [ -74.066034120222866, 10.125467067156251 ], [ -74.064794986725758, 10.128889861322193 ], [ -74.062910735678031, 10.128806467952984 ], [ -74.062627449930801, 10.131676672912988 ], [ -74.064475618319761, 10.133249590092987 ], [ -74.06255184496132, 10.133768121444405 ], [ -74.062999657283967, 10.135793278746576 ], [ -74.061206260119832, 10.136906931871579 ], [ -74.061700377937314, 10.139460908040007 ], [ -74.060413227653385, 10.140368836919492 ], [ -74.063220752614484, 10.142217270311676 ], [ -74.061231658208101, 10.143718599791271 ], [ -74.060724448333247, 10.14780922632616 ], [ -74.062663403232079, 10.153022862845489 ], [ -74.062475488101313, 10.158983199386967 ], [ -74.065580672763986, 10.160781177064337 ], [ -74.063470685685274, 10.164066192912117 ], [ -74.065729204823015, 10.166521606747324 ], [ -74.060218480829406, 10.172431825340823 ], [ -74.060628013212352, 10.174268240163201 ], [ -74.058437844244111, 10.176648623951166 ], [ -74.059654784844497, 10.180289443003574 ], [ -74.057810455858146, 10.182965190397397 ], [ -74.05492032085931, 10.184068235308757 ], [ -74.053095718892337, 10.182886166437186 ], [ -74.053061999703004, 10.184863114712925 ], [ -74.051381428333571, 10.184314239145351 ], [ -74.047614924092954, 10.190042194812349 ], [ -74.04873763942976, 10.192229505339071 ], [ -74.04709908768956, 10.195190416858907 ], [ -74.040966780227961, 10.197640993262496 ], [ -74.040921753036798, 10.200018974953423 ], [ -74.038932000164777, 10.201534208568148 ], [ -74.038056851734439, 10.204677876189919 ], [ -74.039594600741339, 10.206568355262448 ], [ -74.037669256228241, 10.213270814007728 ], [ -74.038832721873746, 10.215064513904338 ], [ -74.042559694820454, 10.215802511939387 ], [ -74.040711952233323, 10.220034310630297 ], [ -74.038555455742028, 10.219836567922471 ], [ -74.034091050699317, 10.225966357404275 ], [ -74.029069740940656, 10.227255400440072 ], [ -74.0284998070494, 10.229036785322592 ], [ -74.024886754944589, 10.227645709758917 ], [ -74.017308851324628, 10.23528617569832 ], [ -74.014033389067549, 10.234487517078776 ], [ -74.012800093726071, 10.236288899373733 ], [ -74.010370847835929, 10.236252127706621 ], [ -74.007981526702054, 10.241485320565232 ], [ -74.01075487882423, 10.24532643444121 ], [ -74.009630549213568, 10.247504920809888 ], [ -74.012321383824599, 10.252252861331669 ], [ -74.007731547817173, 10.254183506807465 ], [ -74.007735403389461, 10.257464057126413 ], [ -74.002604988661005, 10.260507679295301 ], [ -74.003270745021666, 10.262035880101394 ], [ -74.001157736906237, 10.26291277306143 ], [ -74.000669508448482, 10.265655893256962 ], [ -73.991393739079456, 10.267612693203091 ], [ -73.987647308608189, 10.272826087177123 ], [ -73.985315452748864, 10.272801247841414 ], [ -73.973736081355355, 10.280382063801824 ], [ -73.970016624618665, 10.285767556256758 ], [ -73.970009571939727, 10.288569727254526 ], [ -73.965092437192652, 10.288102542747367 ], [ -73.962969597008623, 10.293008338949903 ], [ -73.964014190294449, 10.297932941397903 ], [ -73.961758277171441, 10.301220990858837 ], [ -73.963135309361121, 10.308637508416098 ], [ -73.95772583186897, 10.309739891268521 ], [ -73.957826748688376, 10.311948612258789 ], [ -73.963291466326325, 10.315779514976782 ], [ -73.960311791680226, 10.316725604320027 ], [ -73.961531777571849, 10.31959975198896 ], [ -73.955521721934701, 10.326074458882147 ], [ -73.958308538915389, 10.329517501989017 ], [ -73.957664779618653, 10.33124632011419 ], [ -73.960432421145981, 10.33171889990723 ], [ -73.961321958802046, 10.336777424202864 ], [ -73.958211091392343, 10.339682235888461 ], [ -73.956640322085946, 10.338605525110665 ], [ -73.95332252219572, 10.339668297617379 ], [ -73.952613284645736, 10.342158838303192 ], [ -73.954615163885421, 10.344174824697348 ], [ -73.948033509777474, 10.343418557609766 ], [ -73.948614149798857, 10.346933332147614 ], [ -73.946037427370982, 10.347149934999834 ], [ -73.943694810584248, 10.352029824667227 ], [ -73.932881328140979, 10.355225292782848 ], [ -73.931629107078038, 10.360560137283414 ], [ -73.92929074202101, 10.362127123781192 ], [ -73.932866352314988, 10.365820955155698 ], [ -73.930158993181124, 10.366496042324684 ], [ -73.928730924066201, 10.368985240028053 ], [ -73.924202100783191, 10.36933379831413 ], [ -73.9217654042601, 10.375133936366694 ], [ -73.918259523050722, 10.373694413722831 ], [ -73.917077812607261, 10.37841948042427 ], [ -73.909968491274185, 10.379709311283193 ], [ -73.907018311935644, 10.383711108738737 ], [ -73.90069492367769, 10.381091326431715 ], [ -73.897605209813207, 10.385974767142272 ], [ -73.893168703770527, 10.385313198730785 ], [ -73.893741815005455, 10.390633954941563 ], [ -73.888025507802013, 10.389825959225448 ], [ -73.88393194018056, 10.393660704939293 ], [ -73.884011536368064, 10.387523652572611 ], [ -73.880115849795061, 10.39013044792523 ], [ -73.87200695877408, 10.388990419344168 ], [ -73.870248009333636, 10.393514041377557 ], [ -73.86740859864608, 10.39456607002495 ], [ -73.864426572208686, 10.391228334706113 ], [ -73.861101723232878, 10.392562216286706 ], [ -73.85826605313315, 10.388227696957813 ], [ -73.856519384570788, 10.387941265307973 ], [ -73.855543993956303, 10.390609804614201 ], [ -73.848256471881655, 10.394447866910753 ], [ -73.842810759915324, 10.400941307285791 ], [ -73.839402462772966, 10.397837321874988 ], [ -73.837791097668173, 10.401283158744604 ], [ -73.834042425000177, 10.399870106778337 ], [ -73.830520171981675, 10.402644615033182 ], [ -73.828877286765078, 10.40113822713613 ], [ -73.830468764051943, 10.39634524055856 ], [ -73.826964553710297, 10.397971744982897 ], [ -73.823272416559746, 10.395668934374783 ], [ -73.823088275254463, 10.390858812419481 ], [ -73.820215517280417, 10.391748259345661 ], [ -73.816511972414958, 10.388724772031594 ], [ -73.819621825625916, 10.387153984758811 ], [ -73.818073778324333, 10.385117052330543 ], [ -73.813494750855, 10.38815811609544 ], [ -73.813568859230088, 10.390196861325421 ], [ -73.80648186374458, 10.396357014786361 ], [ -73.799066512201478, 10.39237863014074 ], [ -73.797107591331212, 10.39583031774248 ], [ -73.796202792184658, 10.392974987098796 ], [ -73.794457778320293, 10.393961560849164 ], [ -73.792695373058223, 10.391873993042907 ], [ -73.789988819713813, 10.39699178014331 ], [ -73.787892786177565, 10.395931919977045 ], [ -73.785985106150292, 10.398335589912392 ], [ -73.779030705699597, 10.396173316350882 ], [ -73.776200509039313, 10.403796070193778 ], [ -73.770665416427562, 10.403880645746824 ], [ -73.765082746305552, 10.41125111742258 ], [ -73.765302259701627, 10.413556912236402 ], [ -73.761623874870736, 10.411916441693222 ], [ -73.75987866068192, 10.412892841116616 ], [ -73.760486284319313, 10.415759740273757 ], [ -73.753553658150167, 10.416210131661614 ], [ -73.754428170572794, 10.41878607704615 ], [ -73.74998744693653, 10.423043384318191 ], [ -73.746278441208119, 10.431273761798366 ], [ -73.740674350741074, 10.429441412754215 ], [ -73.741909913432096, 10.433754437177868 ], [ -73.740717982847514, 10.435749348180309 ], [ -73.738119616393931, 10.432941985814409 ], [ -73.736604251625124, 10.4356351991662 ], [ -73.731572921151439, 10.435569906864373 ], [ -73.729891637417438, 10.433252530062362 ], [ -73.729222748628899, 10.436325894575646 ], [ -73.727460726049401, 10.434088265776495 ], [ -73.723898927363962, 10.436330026829239 ], [ -73.716975893413064, 10.43287891055644 ], [ -73.712930915704078, 10.434381427609821 ], [ -73.710647790792791, 10.42951816038169 ], [ -73.706813540949383, 10.43188916934389 ], [ -73.704625747128659, 10.431736913765008 ], [ -73.704173961554318, 10.430109517312928 ], [ -73.703312772056279, 10.435931933602262 ], [ -73.700421562671579, 10.436567305322569 ], [ -73.699436763993617, 10.439374071206657 ], [ -73.70149042665912, 10.44210457904552 ], [ -73.702687803733625, 10.441400676594242 ], [ -73.70459492231339, 10.443039758340888 ], [ -73.704012146096602, 10.446951549024789 ], [ -73.699166841595229, 10.451350693206678 ], [ -73.704209618411312, 10.460179498263358 ], [ -73.703319997211906, 10.46359868299561 ], [ -73.696638806097894, 10.462752383983627 ], [ -73.69101552760111, 10.465367231840844 ], [ -73.689014118180694, 10.463821106935541 ], [ -73.685517593830753, 10.464455595611184 ], [ -73.682657893778014, 10.461204990656142 ], [ -73.670075719657291, 10.459419239957811 ], [ -73.667417587341902, 10.456408302118291 ], [ -73.664777993573864, 10.456814302322698 ], [ -73.661623051187917, 10.454824282650861 ], [ -73.654818364081848, 10.460100277571939 ], [ -73.652263274899894, 10.46045499740751 ], [ -73.651026073680441, 10.462292764195467 ], [ -73.651669700924799, 10.465801399641748 ], [ -73.643919310751357, 10.468626181253228 ], [ -73.647106473935537, 10.471115614315352 ], [ -73.646664276087904, 10.473562033312476 ], [ -73.649370764753598, 10.47522393228553 ], [ -73.650853166715081, 10.473324397289446 ], [ -73.651914483051598, 10.474884771283143 ], [ -73.650147493682994, 10.47580585779707 ], [ -73.653216037832635, 10.476852575600276 ], [ -73.651722829129653, 10.479318096388852 ], [ -73.649856590216075, 10.479434750806263 ], [ -73.650210620144946, 10.480989212084069 ], [ -73.647714129912288, 10.479784364613693 ], [ -73.647374328410535, 10.482469868617613 ], [ -73.644804976665455, 10.483161462343048 ], [ -73.646029118166837, 10.486683174575319 ], [ -73.647585007767077, 10.486109362653906 ], [ -73.647501022407596, 10.488810109283691 ], [ -73.645472612303195, 10.490068420929106 ], [ -73.648054447945754, 10.491278363647837 ], [ -73.639835950694589, 10.500767711239064 ], [ -73.637636190406454, 10.501154489277724 ], [ -73.633797187573066, 10.496325184682576 ], [ -73.629456012620949, 10.494608239599984 ], [ -73.623979278209845, 10.495093155068332 ], [ -73.624150297813287, 10.497865413939962 ], [ -73.61925124526897, 10.498193335212591 ], [ -73.615398235892542, 10.500933422693265 ], [ -73.610412141019367, 10.498836295008118 ], [ -73.607274641235222, 10.500710351965836 ], [ -73.603961648233962, 10.499254456614551 ], [ -73.601470423929698, 10.50062049790796 ], [ -73.600085436253551, 10.497651502442466 ], [ -73.592355964266517, 10.493839116712138 ], [ -73.590012521029109, 10.498648641287275 ], [ -73.584433558257217, 10.501863887626257 ], [ -73.580190901620824, 10.499397849407728 ], [ -73.57862995989143, 10.500294783797699 ], [ -73.57463812835357, 10.498867245587576 ], [ -73.566927258694307, 10.500775847287059 ], [ -73.563096993780619, 10.503811935279657 ], [ -73.56069003870374, 10.509624424278911 ], [ -73.564688925615428, 10.51239577225806 ], [ -73.566335522673739, 10.516298672308551 ], [ -73.565278939564223, 10.530498733308207 ], [ -73.568782438439598, 10.536465143364182 ], [ -73.571669142769565, 10.537723725402714 ], [ -73.569960823317217, 10.539131264403693 ], [ -73.570474128266142, 10.541776798735498 ], [ -73.577770042408872, 10.544171784650075 ], [ -73.578539939645054, 10.546156419815816 ], [ -73.58319367915783, 10.545860102198333 ], [ -73.584438266331404, 10.547673814778761 ], [ -73.590457162296275, 10.549091741906011 ], [ -73.593416419118, 10.551351048866877 ], [ -73.593267746023344, 10.553137703271034 ], [ -73.595812035650397, 10.553798606928694 ], [ -73.594255203716671, 10.558604393610949 ], [ -73.597835299302403, 10.562299134081286 ], [ -73.613429517089685, 10.564226379431034 ], [ -73.612160932302459, 10.567083949576499 ], [ -73.606374970574677, 10.569235215173705 ], [ -73.603805293639198, 10.573221225623854 ], [ -73.600173302338135, 10.574725905822163 ], [ -73.595944219256523, 10.585117931635921 ], [ -73.59702095967873, 10.588754440568209 ], [ -73.594292483830657, 10.601989563758366 ], [ -73.599288134091125, 10.607809567170932 ], [ -73.59889781489079, 10.610045420897677 ], [ -73.601200744076607, 10.613959713391637 ], [ -73.599312470369853, 10.615487676144028 ], [ -73.60053957361913, 10.619352493884321 ], [ -73.595359312234166, 10.630943145431786 ], [ -73.598500054040755, 10.639577566584194 ], [ -73.614623315273207, 10.642854785049053 ], [ -73.616881440050236, 10.644687932696172 ], [ -73.612391978279334, 10.654142713087708 ], [ -73.613070147570511, 10.66576018565604 ], [ -73.611659024288656, 10.672737199415337 ], [ -73.603131931236987, 10.675204667753007 ], [ -73.596686088135186, 10.685801986620561 ], [ -73.597358103063414, 10.691067021188132 ], [ -73.594616955569848, 10.695244967631481 ], [ -73.593785469788713, 10.705264795973562 ], [ -73.585514246778303, 10.709095102209744 ], [ -73.5860527827287, 10.714307163981118 ], [ -73.582913921995839, 10.716716506782006 ], [ -73.579437994235093, 10.713109298222719 ], [ -73.575344249645411, 10.712086876274043 ], [ -73.569594439746709, 10.712222681890296 ], [ -73.568697351744731, 10.714200152087642 ], [ -73.563131527742655, 10.715958865270977 ], [ -73.562287323603528, 10.718187069836972 ], [ -73.564742200245803, 10.725961735203612 ], [ -73.560736084585244, 10.72826386309157 ], [ -73.558248357425157, 10.731980114636826 ], [ -73.562315658286821, 10.74085248801947 ], [ -73.55827146480766, 10.741887996635626 ], [ -73.557160179643631, 10.74419489098824 ], [ -73.552860798843426, 10.746179783072364 ], [ -73.550732909225133, 10.749975726026605 ], [ -73.544194331166068, 10.75062420687226 ], [ -73.541907340801004, 10.754718292822076 ], [ -73.548283115254833, 10.759498436175818 ], [ -73.562371526355491, 10.760026767256477 ], [ -73.568225136667934, 10.766151319556002 ], [ -73.573738322945644, 10.766506634975087 ], [ -73.58502142792571, 10.775528904060423 ], [ -73.588994322063968, 10.781709464565949 ], [ -73.600371569662514, 10.782449510761467 ], [ -73.604512536029404, 10.783801541020239 ], [ -73.607118901986951, 10.787397285270742 ], [ -73.612564864583476, 10.788653478687024 ], [ -73.618445282441996, 10.786398840274387 ], [ -73.627665948209255, 10.78869764079991 ], [ -73.630470020043617, 10.787395598233275 ], [ -73.638662119380797, 10.787793089588547 ], [ -73.633808286267254, 10.797730731898127 ], [ -73.638736181941738, 10.80214714440848 ], [ -73.635216811619273, 10.807864940121533 ], [ -73.630720793938224, 10.810829325429324 ], [ -73.620562564744944, 10.822576836425185 ], [ -73.596113372159323, 10.837434648891644 ], [ -73.584570831721805, 10.842104870706351 ], [ -73.569374361309883, 10.843179948345664 ], [ -73.561872819041525, 10.847074522803439 ], [ -73.544310158234453, 10.845018750891938 ], [ -73.538394944105676, 10.845731977863295 ], [ -73.533028474390335, 10.848421696765854 ], [ -73.519793174231893, 10.847671655008185 ], [ -73.508438577671313, 10.852933761065628 ], [ -73.507289483285149, 10.855690778209635 ], [ -73.500688880099517, 10.859334735978166 ], [ -73.494463837680655, 10.857461118296953 ], [ -73.479406662842621, 10.867173370427167 ], [ -73.46858573156311, 10.86766639140086 ], [ -73.467013806123987, 10.866429889071242 ], [ -73.453983454964316, 10.867787983861319 ], [ -73.450881159285927, 10.865533358025175 ], [ -73.448719396866238, 10.867126684944651 ], [ -73.441996283141179, 10.86530464317832 ], [ -73.415935595194924, 10.867488414339959 ], [ -73.400191956914114, 10.865645926901436 ], [ -73.393160842073712, 10.867486396722256 ], [ -73.384128133658123, 10.860051582264703 ], [ -73.377921039592877, 10.861348233138642 ], [ -73.373592565930721, 10.858095085050991 ], [ -73.364944036725547, 10.860409564783936 ], [ -73.358551037960808, 10.858471693254216 ], [ -73.354199341033336, 10.860958516708365 ], [ -73.344754674781598, 10.860237763645557 ], [ -73.337548012825096, 10.862564454187918 ], [ -73.331519275808432, 10.858215996588001 ], [ -73.325160390593794, 10.858238782373292 ], [ -73.312318648963185, 10.846152619720215 ], [ -73.305536523961734, 10.849044077938458 ], [ -73.299339249388765, 10.855427627317226 ], [ -73.295390888260442, 10.855259761701291 ], [ -73.289471101703214, 10.862269234312635 ], [ -73.284742379753993, 10.857035397361415 ], [ -73.279589499938993, 10.85669919181862 ], [ -73.277153004638706, 10.847587488188879 ], [ -73.274655451698266, 10.847810594848966 ], [ -73.273629569436366, 10.845999759574681 ], [ -73.267843862830318, 10.844439540091344 ], [ -73.264999485353599, 10.844982150803162 ], [ -73.26440333321159, 10.841751729211978 ], [ -73.266768813038823, 10.839342302867749 ], [ -73.264431737963491, 10.831228143223427 ], [ -73.262332799273281, 10.829034159107096 ], [ -73.258569626886754, 10.829418827899815 ], [ -73.255804057774412, 10.827725298322093 ], [ -73.255815952376565, 10.823360407827522 ], [ -73.252202760134423, 10.813161967315182 ], [ -73.254419056623476, 10.812175309123063 ], [ -73.255842954857201, 10.808998084907103 ], [ -73.251728661289008, 10.805172293607143 ], [ -73.251999619445769, 10.798968845806598 ], [ -73.256188888263978, 10.795650693776565 ], [ -73.259313881692719, 10.785097026778374 ], [ -73.256344803582181, 10.777861315079065 ], [ -73.252305594858512, 10.775918056348246 ], [ -73.252435820135759, 10.770733101262181 ], [ -73.260540018353993, 10.757839111776377 ], [ -73.263501847054442, 10.75738767744366 ], [ -73.265060315719893, 10.753488418267978 ], [ -73.268137587009505, 10.753266845033295 ], [ -73.268344444031413, 10.748254263312845 ], [ -73.2710954074239, 10.74701770169446 ], [ -73.270018437032775, 10.744527476317558 ], [ -73.275057442718321, 10.741459940078471 ], [ -73.275587597380479, 10.738533791591237 ], [ -73.273971773933397, 10.734932411306147 ], [ -73.277825236061119, 10.726427661170078 ], [ -73.271511077101763, 10.727073892632461 ], [ -73.269900347106386, 10.730250759318665 ], [ -73.267937690139888, 10.729330810971078 ], [ -73.264326487667688, 10.73214366923429 ], [ -73.248311036931625, 10.731515417566641 ], [ -73.244139847621227, 10.73561090039783 ], [ -73.240995923081073, 10.735235967553933 ], [ -73.239351480184553, 10.739819456958855 ], [ -73.237058092012944, 10.740441097919074 ], [ -73.233605420755168, 10.738279180090728 ], [ -73.22951373959728, 10.731975388596311 ], [ -73.227571087229819, 10.731300402038755 ], [ -73.221876271338374, 10.733552155060408 ], [ -73.215103176209368, 10.730510307065629 ], [ -73.212688080592841, 10.715665318958372 ], [ -73.207626614312346, 10.707460894725727 ], [ -73.203874025884886, 10.708934257831629 ], [ -73.195971409777087, 10.707454257967129 ], [ -73.189046862163707, 10.710208994286802 ], [ -73.182108441856371, 10.710278730557889 ], [ -73.177736900230229, 10.712593392648955 ], [ -73.174132498908421, 10.711771647308183 ], [ -73.162495325371935, 10.715795118433846 ], [ -73.15741840985288, 10.715542875792607 ], [ -73.160372963092016, 10.712408502148151 ], [ -73.157279629013999, 10.703667297274592 ], [ -73.146144144302241, 10.69150836743222 ], [ -73.133802967703048, 10.683969790290121 ], [ -73.107185215140589, 10.677545554383073 ], [ -73.104092131692767, 10.673862336612103 ], [ -73.101004297105305, 10.668557562341334 ], [ -73.101366713712366, 10.664095842365157 ], [ -73.096448694123978, 10.659531520328756 ], [ -73.098322560638735, 10.651214385285869 ], [ -73.091834121188867, 10.646362883302345 ], [ -73.091412062687652, 10.642271811202761 ], [ -73.082193692117755, 10.629399481912344 ], [ -73.083747135603517, 10.624061300167853 ], [ -73.086217279126174, 10.623561214837196 ], [ -73.08565759861375, 10.62175727413819 ], [ -73.088819852393613, 10.615183393158645 ], [ -73.086913845030722, 10.612582703659882 ], [ -73.089397420174237, 10.608232692871582 ], [ -73.084990395066029, 10.603531364170408 ], [ -73.086934025699634, 10.599542971386256 ], [ -73.084912847937346, 10.595800753118681 ], [ -73.085076542672141, 10.591030649344589 ], [ -73.086694523874257, 10.587189739386304 ], [ -73.089112757308556, 10.588316937319973 ], [ -73.089190810189166, 10.581978472624598 ], [ -73.092084461196805, 10.578735435981855 ], [ -73.094137829214617, 10.57910110089955 ], [ -73.093235982832766, 10.577142230334971 ], [ -73.099968150684788, 10.577458073749028 ], [ -73.101663921560942, 10.570321116622551 ], [ -73.098794231336001, 10.559362766351228 ], [ -73.095381403087742, 10.557751156006134 ], [ -73.097901556760462, 10.556346694635749 ], [ -73.097613493768733, 10.55500858468173 ], [ -73.099322742978188, 10.555569687228399 ], [ -73.10022468188663, 10.551802528115445 ], [ -73.098732037326045, 10.549951448284332 ], [ -73.101410733891328, 10.549420354881988 ], [ -73.101226138936454, 10.547220031349696 ], [ -73.103036118115597, 10.548413681311104 ], [ -73.105895707675415, 10.540272626085709 ], [ -73.10767572981257, 10.53899111363296 ], [ -73.110535028318054, 10.540946823921843 ], [ -73.111741658047379, 10.539311124334915 ], [ -73.114839018377666, 10.540052286238961 ], [ -73.115058671911072, 10.536574749594251 ], [ -73.117468024593393, 10.533211515575772 ], [ -73.119465858716126, 10.533935903225085 ], [ -73.12080983736854, 10.531536308051159 ], [ -73.12334244259938, 10.531646792834295 ], [ -73.124520842748382, 10.528847261987266 ], [ -73.123378052743931, 10.52714093410151 ], [ -73.126272775442544, 10.527379239369964 ], [ -73.127288356714814, 10.525643517686376 ], [ -73.128921909326493, 10.528893957351272 ], [ -73.131375204932624, 10.528853454977764 ], [ -73.132219665990078, 10.531871442801275 ], [ -73.135234866339033, 10.529861822772602 ], [ -73.137551272061501, 10.530335089777452 ], [ -73.136586185131534, 10.52738802669711 ], [ -73.139371934912788, 10.524504708120105 ], [ -73.137603341151816, 10.521921200711461 ], [ -73.139832118843401, 10.519380627417775 ], [ -73.139500165030256, 10.51416475409161 ], [ -73.143271133003054, 10.513917575257665 ], [ -73.143410956786738, 10.509211084832771 ], [ -73.149484620383191, 10.508085020573901 ], [ -73.147595666651284, 10.504530179345863 ], [ -73.14405182620095, 10.504830703777145 ], [ -73.144875026813679, 10.499490021120891 ], [ -73.146608450604958, 10.498466666720219 ], [ -73.14878965437947, 10.499635427938529 ], [ -73.153007820226776, 10.496854193991794 ], [ -73.156055271916784, 10.497666671406421 ], [ -73.15689898916861, 10.491847646259941 ], [ -73.161616095891986, 10.491913888980093 ], [ -73.160520703734619, 10.488031342973613 ], [ -73.164048368208739, 10.491533429696233 ], [ -73.168014567197815, 10.492200138271812 ], [ -73.1678924510191, 10.487674620791665 ], [ -73.163986894648247, 10.484477638115266 ], [ -73.174934021359434, 10.481165229917735 ], [ -73.174270355380145, 10.476686008050933 ], [ -73.170995529130721, 10.475997444345353 ], [ -73.17069483581605, 10.473030833010512 ], [ -73.172303064001369, 10.471768579554521 ], [ -73.17478298030386, 10.474071692895109 ], [ -73.176364950712468, 10.473530859052346 ], [ -73.176424692319756, 10.470416974199225 ], [ -73.178805276432172, 10.46694371174209 ], [ -73.181674327056157, 10.466279091751176 ], [ -73.179852093948455, 10.464673887297522 ], [ -73.180415243757295, 10.460427729923651 ], [ -73.177889078553903, 10.4565818576678 ], [ -73.175327153187141, 10.460851290409209 ], [ -73.174327638296518, 10.459218603774161 ], [ -73.171545516813524, 10.461890626749835 ], [ -73.168687157048282, 10.461867069311097 ], [ -73.164357945868687, 10.457321090887376 ], [ -73.162810286639626, 10.457462249568664 ], [ -73.163214618671248, 10.455412427204067 ], [ -73.154311176131387, 10.452376909642169 ], [ -73.154635443054531, 10.44971128267639 ], [ -73.152123623059367, 10.448440028094069 ], [ -73.153156564288395, 10.447021544909205 ], [ -73.150397534916522, 10.446410684639318 ], [ -73.151159241307482, 10.444345420222646 ], [ -73.146131719693642, 10.4414333240926 ], [ -73.146215607136696, 10.43969417982504 ], [ -73.145068560911, 10.440504507569472 ], [ -73.142330756949605, 10.436776225776327 ], [ -73.145110664083631, 10.422981080713669 ], [ -73.143734286766289, 10.420195973228317 ], [ -73.143775022701959, 10.412453508896988 ], [ -73.145834088738184, 10.407132202916841 ], [ -73.146009618786309, 10.400628477721909 ], [ -73.144318653002415, 10.398094297743171 ], [ -73.141940815042005, 10.396759352556444 ], [ -73.127428273923442, 10.39920010407792 ], [ -73.123099431053333, 10.403989227896716 ], [ -73.117234137242974, 10.40483539755121 ], [ -73.116302497312631, 10.409228714357255 ], [ -73.113036285913722, 10.408953522437173 ], [ -73.109374599878947, 10.41262312892411 ], [ -73.099695510880508, 10.415765883856864 ], [ -73.098613056270153, 10.418344149591633 ], [ -73.084468215653317, 10.426336160717881 ], [ -73.078054896980632, 10.423914045660126 ], [ -73.071050445057438, 10.42393367476302 ], [ -73.064753817633118, 10.417418036999607 ], [ -73.051828288272588, 10.414110671049798 ], [ -73.048279622068719, 10.410158819065543 ], [ -73.039264157727075, 10.406128225192333 ], [ -73.036856855900169, 10.403462344901413 ], [ -73.024732716938161, 10.41137808720265 ], [ -73.016178526184376, 10.411821654083838 ], [ -73.013347353054542, 10.410640984788643 ], [ -73.010452012314545, 10.404489638417772 ], [ -72.999524571300128, 10.40442174279616 ], [ -72.99377139271644, 10.401047092977933 ], [ -72.986749588921384, 10.40049421900585 ], [ -72.981407468959503, 10.403343147351393 ], [ -72.976185900309929, 10.403484489289156 ], [ -72.97280693408328, 10.409290114255839 ], [ -72.970112338223203, 10.410692171732649 ], [ -72.957648032144846, 10.413107964442361 ], [ -72.954892617596556, 10.417214914277281 ], [ -72.948974303379259, 10.420063723146825 ], [ -72.942510200208119, 10.426982006802689 ], [ -72.93564141915374, 10.426484766438762 ], [ -72.926725214238502, 10.4318376859556 ], [ -72.917872926303289, 10.434170600929463 ], [ -72.901846125344548, 10.434202557622882 ], [ -72.900750254384775, 10.436109721118441 ], [ -72.896355660173413, 10.43076807456913 ], [ -72.894927982724255, 10.426056743119318 ], [ -72.896834169750377, 10.420576365138515 ], [ -72.896025152648974, 10.413890079674502 ], [ -72.894192967996673, 10.411439234674447 ], [ -72.895120957170775, 10.408988389674391 ], [ -72.898499791344932, 10.407465537441738 ], [ -72.899713318344482, 10.398923270934517 ], [ -72.887601860909456, 10.394122707959809 ], [ -72.887690955890321, 10.386053243129709 ], [ -72.885751099980553, 10.384567270362083 ], [ -72.892450075056388, 10.374549065276994 ], [ -72.893449449809793, 10.365304859138973 ], [ -72.892373931995621, 10.363810558982038 ], [ -72.898511388604504, 10.363206391166329 ], [ -72.900659166939022, 10.361474445104875 ], [ -72.90642703029431, 10.353226714854486 ], [ -72.907876385905126, 10.344275001304368 ], [ -72.904709770801105, 10.335432991900859 ], [ -72.906463916047585, 10.323175371266075 ], [ -72.903458608852759, 10.318023890129098 ], [ -72.896099268210548, 10.311066684237574 ], [ -72.900455775620173, 10.302129037417728 ], [ -72.900020573857546, 10.291593737388496 ], [ -72.902457141921445, 10.290889415423635 ], [ -72.906035851405591, 10.285844957858274 ], [ -72.903599283341691, 10.279220540315521 ], [ -72.9059787427625, 10.275070759672019 ], [ -72.906987636072245, 10.267970448448409 ], [ -72.906435601127271, 10.261707706401978 ], [ -72.903675426402515, 10.258623924118012 ], [ -72.903237604252126, 10.251923362616139 ], [ -72.900705855116485, 10.248306583398175 ], [ -72.903085318130536, 10.243166944761015 ], [ -72.901981250037238, 10.231421926592077 ], [ -72.902990137058737, 10.228528503756763 ], [ -72.897199718785316, 10.217923245572365 ], [ -72.899668412425967, 10.208673088989201 ], [ -72.90927548343069, 10.205133644897387 ], [ -72.909364713158993, 10.195883488314166 ], [ -72.907193458234133, 10.188893819977352 ], [ -72.908502161813885, 10.185592316437749 ], [ -72.908204730284638, 10.17556883913602 ], [ -72.917043911789392, 10.160959172989863 ], [ -72.919983058010814, 10.146896336047405 ], [ -72.919209736394009, 10.144308669435702 ], [ -72.921999058778056, 10.137956997698495 ], [ -72.911492461741659, 10.112440515873288 ], [ -72.913229468017164, 10.109870699698831 ], [ -72.916822457132469, 10.110989045626582 ], [ -72.921985887668825, 10.108324048380325 ], [ -72.925745436248633, 10.092191303625839 ], [ -72.932669666756453, 10.087479970379377 ], [ -72.932788639727505, 10.084243904668767 ], [ -72.935477431567961, 10.081745467785368 ], [ -72.940117380133472, 10.082483103799063 ], [ -72.944709741307179, 10.071371021117443 ], [ -72.948922577445614, 10.069932634843269 ], [ -72.950855889123375, 10.066155241216109 ], [ -72.954692769236033, 10.066006524104012 ], [ -72.955019944008086, 10.057351235969293 ], [ -72.958982222746101, 10.053171712981339 ], [ -72.954413655268297, 10.045557438343224 ], [ -72.955041833274038, 10.040303586911534 ], [ -72.953271518339591, 10.037353055433073 ], [ -72.952906270240533, 10.026789438686933 ], [ -72.956267255774094, 10.022298207233518 ], [ -72.963197434930407, 10.017450054172059 ], [ -72.96118203513663, 10.006929266437794 ], [ -72.967049785841255, 9.99589332681694 ], [ -72.970257294984492, 9.995861203935078 ], [ -72.97555160117895, 9.992660432161813 ], [ -72.975760993248684, 9.988091868277252 ], [ -72.984212836165625, 9.974519423835829 ], [ -72.983089729163055, 9.967381039285215 ], [ -72.980291487399484, 9.963669079893805 ], [ -72.980596055151068, 9.958910156560648 ], [ -72.986554227649265, 9.955426629046542 ], [ -72.988895618234665, 9.941611475791603 ], [ -72.994082837975327, 9.936329075877438 ], [ -72.994154222656277, 9.931831891283935 ], [ -72.999151094626484, 9.922670967123963 ], [ -72.994392173089921, 9.919530077095203 ], [ -72.99336900464067, 9.915770529413749 ], [ -72.986516157017206, 9.917531332978399 ], [ -72.981543083234442, 9.916270215892098 ], [ -72.985754729104258, 9.913367272703795 ], [ -72.986135441713259, 9.911225758326736 ], [ -72.983637009321399, 9.907133085428029 ], [ -72.988705259684366, 9.898590819819105 ], [ -72.98375598229245, 9.892761140644893 ], [ -72.977902507625686, 9.890572038876087 ], [ -72.977212462597038, 9.889001592065085 ], [ -72.97821183824874, 9.886503157876632 ], [ -72.990085347046715, 9.881696648049967 ], [ -72.992964494742523, 9.876366657150754 ], [ -72.991084721800064, 9.874106169802701 ], [ -72.983664372026738, 9.872817688214411 ], [ -72.97997620812788, 9.869545930612503 ], [ -72.972094243406616, 9.868058765779551 ], [ -72.97094615423606, 9.854668349804115 ], [ -72.964926118308199, 9.854555328176616 ], [ -72.95868640369406, 9.850517555860222 ], [ -72.950292431192167, 9.849171795847155 ], [ -72.946247348380155, 9.844740049082645 ], [ -72.94368942680785, 9.845245686006194 ], [ -72.945678656859911, 9.837488641107825 ], [ -72.950925369374374, 9.835454202404776 ], [ -72.95014014686717, 9.831528090767165 ], [ -72.953602263019377, 9.830528717810409 ], [ -72.956314847657438, 9.827316445795702 ], [ -72.955636700824186, 9.823782945860899 ], [ -72.957135761157588, 9.821177437795086 ], [ -72.960562186316849, 9.821177437795086 ], [ -72.961525868280546, 9.818679002708336 ], [ -72.966094433063461, 9.817751015330828 ], [ -72.967165189802813, 9.815002735208225 ], [ -72.97005623479572, 9.813218139744322 ], [ -72.974517724802979, 9.80326009488175 ], [ -72.980656733701892, 9.797370930120337 ], [ -72.984725612904754, 9.796942629221178 ], [ -72.987866500238511, 9.79408727342468 ], [ -72.990900313694965, 9.786806124902057 ], [ -72.994398121738527, 9.783379700641149 ], [ -72.994647964079377, 9.779739124134096 ], [ -73.001714963949041, 9.765676509075661 ], [ -73.003035564825893, 9.761107944292803 ], [ -73.000287287398237, 9.758966429017448 ], [ -73.004891544970747, 9.752256348060882 ], [ -73.004427550383696, 9.745796111241816 ], [ -73.005855226036203, 9.741227545560605 ], [ -73.011494549355064, 9.735017152879095 ], [ -73.014207133094772, 9.736087909618448 ], [ -73.017026796101675, 9.734196241175539 ], [ -73.020167683435432, 9.730020287197078 ], [ -73.019775072631035, 9.727057855726628 ], [ -73.02814889321013, 9.718692514352256 ], [ -73.027841444559101, 9.714208766769445 ], [ -73.03173186520371, 9.713530621732843 ], [ -73.034194605704215, 9.710354041609435 ], [ -73.033944763363365, 9.705749783138629 ], [ -73.035872127290816, 9.700752915659962 ], [ -73.040083773160632, 9.699360931000513 ], [ -73.044830797400039, 9.693364690565147 ], [ -73.045830171255091, 9.688332129398532 ], [ -73.05214763961061, 9.683763563717378 ], [ -73.055074377393112, 9.678267010658658 ], [ -73.058143880944272, 9.664097319028031 ], [ -73.061142003407724, 9.65975480289012 ], [ -73.058143880944272, 9.65104597422345 ], [ -73.060570931350128, 9.650189367933649 ], [ -73.066281639349938, 9.637054744744319 ], [ -73.074704929292807, 9.626918241323494 ], [ -73.076989213031766, 9.620350927033883 ], [ -73.077560284191065, 9.610928263235905 ], [ -73.067709314104093, 9.60678799935215 ], [ -73.074133859930157, 9.60122006071424 ], [ -73.081272242684122, 9.585658388915647 ], [ -73.082557151669675, 9.574950811640576 ], [ -73.085412504771284, 9.568954571205211 ], [ -73.084127595785731, 9.557390392131936 ], [ -73.085698039901786, 9.556105479553082 ], [ -73.10154525132242, 9.557104854306488 ], [ -73.110539612424589, 9.553678430045579 ], [ -73.114965411438902, 9.55510610569803 ], [ -73.126883897122354, 9.555239669117555 ], [ -73.131875398061197, 9.550466325117611 ], [ -73.136991346308776, 9.54975746396201 ], [ -73.140947094289515, 9.544636646841752 ], [ -73.145081406829831, 9.542881791925595 ], [ -73.146598314007178, 9.537438774907287 ], [ -73.150613653576443, 9.534702395675026 ], [ -73.158436130913913, 9.519265641004495 ], [ -73.164325298370272, 9.517243098700192 ], [ -73.16691774132812, 9.510309134938552 ], [ -73.176692546794698, 9.501050866561854 ], [ -73.176514086439852, 9.496839221590392 ], [ -73.172302440570093, 9.486595641597319 ], [ -73.173956164867548, 9.479671410191202 ], [ -73.175288664838149, 9.478219938147902 ], [ -73.183140886316664, 9.478029581394253 ], [ -73.186710076346174, 9.475388382335439 ], [ -73.19720349957845, 9.476554319248294 ], [ -73.202742886140641, 9.469807355233399 ], [ -73.203327278427935, 9.467954893792296 ], [ -73.200482396995938, 9.46165770042893 ], [ -73.193552216941271, 9.458653631113577 ], [ -73.191172756622166, 9.45133678800471 ], [ -73.187157416154605, 9.449076299758303 ], [ -73.187127672911856, 9.447351190779898 ], [ -73.202157240702547, 9.436410132193259 ], [ -73.202690239433139, 9.431365673729601 ], [ -73.207430123857023, 9.423713327561074 ], [ -73.215006326964783, 9.422266615694241 ], [ -73.221231000175749, 9.42437957889382 ], [ -73.223705637075057, 9.416936624795028 ], [ -73.240799686849186, 9.403478394046431 ], [ -73.242320836773047, 9.397254806899525 ], [ -73.241156602169042, 9.392247339292055 ], [ -73.245379318885171, 9.383819211917512 ], [ -73.249675076776953, 9.377851599016424 ], [ -73.258550463111533, 9.373473390987215 ], [ -73.26119166396694, 9.369713843305703 ], [ -73.262833497255485, 9.358030685871483 ], [ -73.25933568921198, 9.345490929333948 ], [ -73.264475321560894, 9.328097066594864 ], [ -73.27361245471991, 9.319293062246345 ], [ -73.27868070687947, 9.323766448652407 ], [ -73.282654406807183, 9.323219172985603 ], [ -73.288745823822751, 9.314843470434482 ], [ -73.287889220227896, 9.309542547244405 ], [ -73.290387655314646, 9.307038839042661 ], [ -73.289768994966948, 9.301756433738603 ], [ -73.29271952464876, 9.296212288796539 ], [ -73.29130717786046, 9.291679186834415 ], [ -73.296288717373216, 9.286861008781216 ], [ -73.295624010245604, 9.282322190834407 ], [ -73.297765521927715, 9.280623257885907 ], [ -73.295571977087945, 9.277882793112497 ], [ -73.298706223171564, 9.270516695337392 ], [ -73.298383706167954, 9.266673545877325 ], [ -73.303404043050421, 9.266051183569346 ], [ -73.305760034864022, 9.263818197267312 ], [ -73.311327975298582, 9.252158835325588 ], [ -73.316515201327491, 9.24792339306498 ], [ -73.316515201327491, 9.243592777817469 ], [ -73.32138899412422, 9.232864780023078 ], [ -73.32633536097228, 9.229408923336734 ], [ -73.329726094240186, 9.22009928116637 ], [ -73.332343497806448, 9.218284944256311 ], [ -73.333295285168049, 9.212782440752449 ], [ -73.35125343228907, 9.217877253421193 ], [ -73.356211363158991, 9.21558492256753 ], [ -73.358415254802424, 9.20541681818645 ], [ -73.361613250779271, 9.200372360621088 ], [ -73.364849318286531, 9.198449756870104 ], [ -73.364868350907614, 9.194471296765926 ], [ -73.362393714008306, 9.192643868696848 ], [ -73.362051072031363, 9.190035980093626 ], [ -73.366429280060572, 9.185048630273059 ], [ -73.366456534967995, 9.175841654841633 ], [ -73.369126287899178, 9.172786424633443 ] ] ] } },
{ "type": "Feature", "properties": { "codigo_dane": "23", "nombre entidad": "CÓRDOBA" }, "geometry": { "type": "Polygon", "coordinates": [ [ [ -75.881190882855833, 9.423628171695839 ], [ -75.860745964383, 9.424887636779033 ], [ -75.850101046445559, 9.427108697037852 ], [ -75.850787082289912, 9.42443737744361 ], [ -75.853798251894943, 9.424072385364582 ], [ -75.850923953308893, 9.423524902186784 ], [ -75.849463992179381, 9.420650600007491 ], [ -75.847137177669481, 9.421928069139938 ], [ -75.846544068123706, 9.425988585020832 ], [ -75.842985410849337, 9.42667294281091 ], [ -75.842985410849337, 9.423479279412106 ], [ -75.84211856016384, 9.425988585020832 ], [ -75.837282439146861, 9.427448547048641 ], [ -75.839746121980909, 9.428087280267391 ], [ -75.832263820742924, 9.429912230780985 ], [ -75.827290826910314, 9.428999754625863 ], [ -75.826788965608955, 9.424939236948376 ], [ -75.821998465570061, 9.422612426930016 ], [ -75.819032919638005, 9.42411800993591 ], [ -75.816249868397961, 9.429455995847547 ], [ -75.818546547999347, 9.43038939198567 ], [ -75.816551352230761, 9.431123900063028 ], [ -75.800531128741738, 9.432827380287108 ], [ -75.793918108134051, 9.429343173646146 ], [ -75.791226040135143, 9.418049542199185 ], [ -75.79150581167022, 9.409866329902229 ], [ -75.793076297108769, 9.410467563817861 ], [ -75.793235271192998, 9.415196477108452 ], [ -75.797777696776905, 9.410009356182513 ], [ -75.802909599116617, 9.414657922293429 ], [ -75.806879529710386, 9.414769717719594 ], [ -75.806600162417567, 9.417351660261772 ], [ -75.813798401763222, 9.418432043355381 ], [ -75.816581788075155, 9.416728220872926 ], [ -75.823977423378665, 9.416429688008179 ], [ -75.827190181382321, 9.414686625286208 ], [ -75.827068535022875, 9.412119470822063 ], [ -75.828800868258554, 9.412612964309915 ], [ -75.834356949125265, 9.408230156902789 ], [ -75.832084481835011, 9.405912289620233 ], [ -75.836558514130274, 9.405398047727715 ], [ -75.836682363160548, 9.404569535372502 ], [ -75.830871891779054, 9.403483285377092 ], [ -75.83769405202969, 9.398689192972483 ], [ -75.833026128107292, 9.397534367330252 ], [ -75.834160444296913, 9.395396237807915 ], [ -75.829392451565411, 9.397500068727084 ], [ -75.828259641851673, 9.39371568620146 ], [ -75.826589877223739, 9.394912626694406 ], [ -75.825232712190768, 9.393382781969933 ], [ -75.822784363610822, 9.39455546613425 ], [ -75.822333827594093, 9.399537081105507 ], [ -75.820602611863535, 9.399767199121982 ], [ -75.817778933384091, 9.397050745436957 ], [ -75.812955437300218, 9.397076471410571 ], [ -75.808233679994885, 9.398863795958448 ], [ -75.805126166897139, 9.402826276817621 ], [ -75.805373741888445, 9.40018522328603 ], [ -75.802145842768596, 9.395662946930031 ], [ -75.800388292904472, 9.397181622891594 ], [ -75.797538527328413, 9.395732206195305 ], [ -75.794875068897511, 9.396560235256516 ], [ -75.795016065881896, 9.393510702168385 ], [ -75.791205811855491, 9.394463415693735 ], [ -75.784203381143243, 9.392998761761419 ], [ -75.781727715672105, 9.395674579223908 ], [ -75.777580300294687, 9.396481870660239 ], [ -75.776318570556839, 9.400838167863924 ], [ -75.779394318302536, 9.401501896725335 ], [ -75.779728249309187, 9.403347611813274 ], [ -75.776141683153298, 9.405500405445991 ], [ -75.775817616554605, 9.401937285337681 ], [ -75.772492218707725, 9.401141996301419 ], [ -75.764205983938609, 9.404037325363333 ], [ -75.759764956671518, 9.406696610218148 ], [ -75.755699379678276, 9.412785396964466 ], [ -75.748914967564303, 9.41691953433309 ], [ -75.745753748644518, 9.421292289584187 ], [ -75.739090363051957, 9.418882561405781 ], [ -75.731897174038806, 9.421099201051561 ], [ -75.728500213644395, 9.420457746833677 ], [ -75.722530363038175, 9.413229013253044 ], [ -75.700909109644783, 9.413523105741774 ], [ -75.700468775802847, 9.409552728684957 ], [ -75.706269822951185, 9.406828569245249 ], [ -75.704979083894841, 9.405517238989546 ], [ -75.705775004447219, 9.399631020704589 ], [ -75.70149930325681, 9.396258543014426 ], [ -75.70440410236597, 9.37220840934549 ], [ -75.698289463881792, 9.371678958963116 ], [ -75.689203003830016, 9.364606740775798 ], [ -75.687601071043218, 9.35598060299526 ], [ -75.685688278699558, 9.354717100879952 ], [ -75.682342516028939, 9.355656460938008 ], [ -75.682044306557998, 9.350002247133148 ], [ -75.678675239773725, 9.348027054166835 ], [ -75.679832686702014, 9.344594614782011 ], [ -75.677795298827505, 9.347484467709592 ], [ -75.671502520687284, 9.343088906910225 ], [ -75.661013272827802, 9.357844580847427 ], [ -75.661009650817675, 9.361146727581342 ], [ -75.652544874845262, 9.359312666346852 ], [ -75.64882663442836, 9.362379297981761 ], [ -75.645785316440026, 9.353146536389602 ], [ -75.640959227816211, 9.348877522263422 ], [ -75.637177645341524, 9.348621592035045 ], [ -75.634844256056795, 9.352334587184771 ], [ -75.631103213684867, 9.353418856393432 ], [ -75.625877146268749, 9.353087254720094 ], [ -75.624987308575157, 9.347026190903875 ], [ -75.619564790229617, 9.340446601126132 ], [ -75.614926803586286, 9.337724102672723 ], [ -75.613671538130404, 9.331290728197018 ], [ -75.611757855555595, 9.331326429071453 ], [ -75.607512584819631, 9.3270340470512 ], [ -75.604354553125006, 9.327632886056392 ], [ -75.599720954755298, 9.325432902087584 ], [ -75.597559412423038, 9.318154730584183 ], [ -75.599076307922303, 9.317017802989938 ], [ -75.595564364876566, 9.310195611298298 ], [ -75.587665219861776, 9.302527141255837 ], [ -75.590834184062089, 9.296509034910741 ], [ -75.59574538633035, 9.297117329590151 ], [ -75.594689564992791, 9.298509648423192 ], [ -75.59832048280623, 9.302444868984992 ], [ -75.603011062258133, 9.29940864265177 ], [ -75.603894131140692, 9.292549028912163 ], [ -75.607945005395948, 9.283797673067738 ], [ -75.609943894141622, 9.282974921613061 ], [ -75.60936712855721, 9.280988187082812 ], [ -75.58923951236352, 9.27867753417604 ], [ -75.585957769080949, 9.275180960418709 ], [ -75.585220717870982, 9.276314098017735 ], [ -75.584235691020751, 9.272962343579366 ], [ -75.578796428064948, 9.273678190040187 ], [ -75.576860514864109, 9.276167219758463 ], [ -75.569326656575981, 9.279685922632154 ], [ -75.558263206925915, 9.271427751254862 ], [ -75.556376628341468, 9.265206909361609 ], [ -75.548337555338321, 9.259783663380119 ], [ -75.544028837441601, 9.25856097894723 ], [ -75.543622617149765, 9.260673713974597 ], [ -75.538309314266883, 9.258471237178867 ], [ -75.537501454196502, 9.260183574798702 ], [ -75.531421514066153, 9.2602741816454 ], [ -75.529545179877346, 9.258928490802646 ], [ -75.516564417557561, 9.26452173679894 ], [ -75.512307419306183, 9.258100528216801 ], [ -75.509792198286618, 9.260367865224396 ], [ -75.50959681275998, 9.264147225265276 ], [ -75.50635063380787, 9.267053141879558 ], [ -75.507781308937467, 9.273477939234112 ], [ -75.502123966297972, 9.279166024942072 ], [ -75.501124102860672, 9.283189050502983 ], [ -75.498875289129046, 9.285459487599098 ], [ -75.496468970958119, 9.28493063100359 ], [ -75.495734871614502, 9.282464887432639 ], [ -75.498108176672417, 9.278195337910176 ], [ -75.494304822611184, 9.277594368099415 ], [ -75.49311701170376, 9.276479928947936 ], [ -75.494535700602967, 9.274960235194328 ], [ -75.490734326430186, 9.273658588785054 ], [ -75.493924742416652, 9.272698542306159 ], [ -75.499769094684382, 9.259515878973787 ], [ -75.497502210428081, 9.258672165315204 ], [ -75.495967469881464, 9.262326068340144 ], [ -75.489331155041555, 9.258871747774208 ], [ -75.487262209325934, 9.254161196960979 ], [ -75.487059471981183, 9.255553840984419 ], [ -75.48293313918191, 9.255801944185521 ], [ -75.479924487556616, 9.251218823090142 ], [ -75.480687706711706, 9.248373726960665 ], [ -75.477719196336864, 9.24724645626344 ], [ -75.475077975718477, 9.248825586196858 ], [ -75.473468326397267, 9.242854278522088 ], [ -75.472943956890163, 9.244426353979975 ], [ -75.46907462331535, 9.245767899094403 ], [ -75.464127865699822, 9.239744204325405 ], [ -75.457335889765147, 9.237595010244888 ], [ -75.45923250703089, 9.233138407974991 ], [ -75.45973053431959, 9.224751013841114 ], [ -75.462170877107326, 9.224182057317705 ], [ -75.466181737672969, 9.213331542695641 ], [ -75.466203610769242, 9.208508820960162 ], [ -75.465452605118514, 9.204728569789779 ], [ -75.462349537786679, 9.201605584995605 ], [ -75.463810369384362, 9.200924739621087 ], [ -75.462516111624211, 9.199009264007543 ], [ -75.463969138652544, 9.195841526906861 ], [ -75.460044420303063, 9.194799273734191 ], [ -75.460988308772073, 9.193075189734316 ], [ -75.459299402826787, 9.192039865272989 ], [ -75.460925625179925, 9.189225241818804 ], [ -75.459324323909243, 9.187318234630197 ], [ -75.458870730923195, 9.181303616446087 ], [ -75.457026332766475, 9.181610809975382 ], [ -75.45434689419227, 9.178675649582033 ], [ -75.454416751736005, 9.176010504113663 ], [ -75.458137141823045, 9.174876284043819 ], [ -75.457822302726299, 9.171678193743787 ], [ -75.460144983186012, 9.16646313159697 ], [ -75.461206623814576, 9.167112443384951 ], [ -75.463012023378781, 9.164547440387594 ], [ -75.467401274406598, 9.164747779228662 ], [ -75.466046191670046, 9.1576956294208 ], [ -75.46411952483578, 9.156694746394862 ], [ -75.461637871190192, 9.157737956274104 ], [ -75.459794384824249, 9.15482355506515 ], [ -75.457758690275398, 9.155267201896493 ], [ -75.454748402816676, 9.14820871087602 ], [ -75.447596165335028, 9.144452309097119 ], [ -75.448856774872752, 9.140080697402311 ], [ -75.433754126380506, 9.140818066616134 ], [ -75.430984718763909, 9.148779639203042 ], [ -75.428288623614378, 9.151454756877342 ], [ -75.427094814651014, 9.147602847938003 ], [ -75.422455399685191, 9.151174251418126 ], [ -75.416441549561284, 9.14445492140004 ], [ -75.41316672870181, 9.15099775927365 ], [ -75.410520402953637, 9.144818967552339 ], [ -75.402708322725573, 9.150004702376691 ], [ -75.398318581217211, 9.156178114981799 ], [ -75.390866245106054, 9.161267825215646 ], [ -75.386789167871427, 9.155475761227308 ], [ -75.378768576821642, 9.148499684411547 ], [ -75.383546567810242, 9.141385888566504 ], [ -75.381688896136382, 9.138074360718633 ], [ -75.379372358361479, 9.136832295118097 ], [ -75.365105890249822, 9.139278812031648 ], [ -75.363995542029386, 9.136942534660932 ], [ -75.355549849882095, 9.136695541778465 ], [ -75.355939116256025, 9.128705212299735 ], [ -75.34647944543218, 9.12374651875956 ], [ -75.340465954634624, 9.125145556097948 ], [ -75.338393943864844, 9.129187936775395 ], [ -75.335153199724516, 9.131341960202747 ], [ -75.328152429998568, 9.131296432649549 ], [ -75.328107645352702, 9.126454304593494 ], [ -75.320996110569013, 9.11562681291224 ], [ -75.31007915829224, 9.117559545176107 ], [ -75.311951821063531, 9.107481957810137 ], [ -75.30667172982146, 9.103269749594574 ], [ -75.308905653067143, 9.098077650201333 ], [ -75.311989048176883, 9.096296245555834 ], [ -75.308039276692512, 9.092787124120605 ], [ -75.309974832363594, 9.088795345583435 ], [ -75.302761547123225, 9.090275083139716 ], [ -75.297342245647258, 9.096540791425582 ], [ -75.293565962338675, 9.096201572930909 ], [ -75.29525670803514, 9.086620267425701 ], [ -75.299126551853419, 9.082513646374423 ], [ -75.291617722445665, 9.0798899033922 ], [ -75.287250084900847, 9.081382132032445 ], [ -75.281085232348914, 9.072889438195375 ], [ -75.271373126644164, 9.076762497086634 ], [ -75.256902862971515, 9.071464532949449 ], [ -75.251668720592818, 9.070829617573679 ], [ -75.24849471683973, 9.073530861870552 ], [ -75.247820024031512, 9.07195773358626 ], [ -75.245072271220408, 9.071876545582825 ], [ -75.241671343862549, 9.068967434556839 ], [ -75.240184204182412, 9.070237159307055 ], [ -75.236189119842379, 9.067119164658209 ], [ -75.223698698819589, 9.072729529862556 ], [ -75.216265120444803, 9.063225213631767 ], [ -75.216059892069779, 9.05844139436897 ], [ -75.209079906681154, 9.049934072354176 ], [ -75.207178949650768, 9.044276071248987 ], [ -75.210055066428424, 9.042338329076756 ], [ -75.211895185007677, 9.035277302110217 ], [ -75.208348408860672, 9.034548485762969 ], [ -75.209966302027794, 9.025745723785462 ], [ -75.207977340572199, 9.022807162367712 ], [ -75.208142318102261, 9.015361357912241 ], [ -75.203722479414637, 9.014356453125572 ], [ -75.207578870052544, 9.006669095090956 ], [ -75.200554471022485, 9.002113866707361 ], [ -75.202290323860268, 8.99986017781481 ], [ -75.190859524051689, 8.992109476824055 ], [ -75.192222183185379, 8.989696697066165 ], [ -75.18767659283418, 8.988706706121775 ], [ -75.186371787945859, 8.986416614769894 ], [ -75.187616711987914, 8.983215641773825 ], [ -75.18597879715378, 8.976115828217303 ], [ -75.187834175426929, 8.967480019166715 ], [ -75.180372798663541, 8.967236591700384 ], [ -75.168389050322673, 8.952432567701067 ], [ -75.157791814100165, 8.946048556587868 ], [ -75.156108513646757, 8.943597352261463 ], [ -75.167658908959311, 8.944463015373174 ], [ -75.171749225575184, 8.928278259918898 ], [ -75.187974689117311, 8.944173648026606 ], [ -75.192030649637729, 8.936017861317112 ], [ -75.180524129875209, 8.929685866293596 ], [ -75.186344966925049, 8.914250151872977 ], [ -75.192299634194228, 8.920068143057733 ], [ -75.200121531219565, 8.921745583795939 ], [ -75.200252222722838, 8.918902758609249 ], [ -75.203590739576612, 8.915395697012627 ], [ -75.20970567720002, 8.917644593389355 ], [ -75.216988066297006, 8.915760892111052 ], [ -75.22536996273692, 8.907850448975921 ], [ -75.227626845142879, 8.90100036277579 ], [ -75.231785861373169, 8.8952924332674 ], [ -75.237353144240444, 8.893271206996019 ], [ -75.242075551926519, 8.886274632405787 ], [ -75.241058837877745, 8.884808650762466 ], [ -75.244646197246652, 8.882265814610719 ], [ -75.251360526339568, 8.890573037634852 ], [ -75.25325570629974, 8.890117622863897 ], [ -75.258842777271809, 8.896081507753593 ], [ -75.260411857744145, 8.896999879556574 ], [ -75.263543177114229, 8.894905618397786 ], [ -75.265230599939798, 8.895488164645656 ], [ -75.267305426031953, 8.899660352883473 ], [ -75.267097585353952, 8.904970823376004 ], [ -75.2726886008316, 8.913643315160471 ], [ -75.277781605190285, 8.903549679379182 ], [ -75.281784582134719, 8.903430474642619 ], [ -75.28129703729536, 8.904920865328279 ], [ -75.283378347432404, 8.906360446362726 ], [ -75.287503215976585, 8.903911982798377 ], [ -75.285723157906773, 8.900016353717604 ], [ -75.286427114257037, 8.898338476397896 ], [ -75.293182350863958, 8.897345427585776 ], [ -75.287185361233014, 8.890040912965731 ], [ -75.296215133951989, 8.872249824772894 ], [ -75.301846755109466, 8.864655084914489 ], [ -75.298196703165218, 8.861860034867675 ], [ -75.299762526343727, 8.857992822216943 ], [ -75.303963726595043, 8.85692568928431 ], [ -75.309148945786035, 8.859747556758691 ], [ -75.319040272719292, 8.858220728579397 ], [ -75.331632429825731, 8.865540616081148 ], [ -75.333727388976058, 8.855868218638591 ], [ -75.335029150369735, 8.856768950210324 ], [ -75.335730856438431, 8.853380281272564 ], [ -75.350835132679265, 8.850438501188648 ], [ -75.3484985319148, 8.842665274924173 ], [ -75.353526941963139, 8.840709225970215 ], [ -75.355505210763397, 8.836308541176322 ], [ -75.363261103122341, 8.829208571312847 ], [ -75.371610465251649, 8.826524067134642 ], [ -75.370728323431251, 8.814801196946689 ], [ -75.368621281032404, 8.813283527997328 ], [ -75.368842656637526, 8.810305405641259 ], [ -75.367255677218907, 8.810042618566854 ], [ -75.368845141379609, 8.79122519536088 ], [ -75.361719212878654, 8.784602938268051 ], [ -75.344192644611837, 8.77713190281105 ], [ -75.340510151781871, 8.77248618526022 ], [ -75.335552043943665, 8.771576833448137 ], [ -75.339290544979576, 8.76591848469468 ], [ -75.332604649384734, 8.763778864866083 ], [ -75.333357685229601, 8.757844009956273 ], [ -75.324186628963503, 8.755530959444116 ], [ -75.323730556625208, 8.74748882228505 ], [ -75.331449190429737, 8.745855565219358 ], [ -75.328008721896481, 8.736497041183782 ], [ -75.329003038232429, 8.732939936199443 ], [ -75.33257219592258, 8.732287715664256 ], [ -75.329921554664338, 8.730387006569117 ], [ -75.329675125025972, 8.72563600458642 ], [ -75.336172667111839, 8.721672700869817 ], [ -75.336807066854192, 8.715121258925592 ], [ -75.339777496930367, 8.715957993567145 ], [ -75.338469497630342, 8.717866908778944 ], [ -75.339473453795335, 8.719990472107384 ], [ -75.343172819694701, 8.71519009867734 ], [ -75.342683203338709, 8.713173122338958 ], [ -75.335867201942563, 8.711336738957641 ], [ -75.338007109232308, 8.704881311722431 ], [ -75.340263278375346, 8.705681067185878 ], [ -75.3403104633216, 8.701809360260199 ], [ -75.336748183138752, 8.696180490644622 ], [ -75.341218308657687, 8.69473591766814 ], [ -75.343664230886077, 8.698390114442418 ], [ -75.349110495316779, 8.700748793119203 ], [ -75.354452778772156, 8.694527576628161 ], [ -75.34828069387811, 8.690736360612732 ], [ -75.351985458656657, 8.680051155897615 ], [ -75.353699893844293, 8.680613476560779 ], [ -75.354296256192299, 8.679266171444226 ], [ -75.359184180398017, 8.680953940121412 ], [ -75.35961557958899, 8.679696862762171 ], [ -75.354785297626051, 8.67727645540316 ], [ -75.357165254713948, 8.67027285688016 ], [ -75.353847815048482, 8.670986454856006 ], [ -75.3514607630608, 8.657985737344575 ], [ -75.345366312432134, 8.658625705747795 ], [ -75.34603917177742, 8.649310522764324 ], [ -75.338968340589986, 8.646015284080477 ], [ -75.341045011823212, 8.638085968224516 ], [ -75.337145988904581, 8.630908672218027 ], [ -75.337493707265253, 8.627035961873389 ], [ -75.330452251909321, 8.614218393926365 ], [ -75.330079892740798, 8.610587184160181 ], [ -75.324322677125053, 8.604536811202649 ], [ -75.323207027941919, 8.598620900878984 ], [ -75.318344147887956, 8.590370119049112 ], [ -75.317759436698509, 8.574224462798782 ], [ -75.320523946696255, 8.571962790571888 ], [ -75.321996054854708, 8.565656688608726 ], [ -75.325690339878804, 8.561857476682576 ], [ -75.328299829281093, 8.5624041298164 ], [ -75.330318630997624, 8.552782320141034 ], [ -75.322510312916961, 8.547158985948613 ], [ -75.323672973671307, 8.541539518108323 ], [ -75.326421200793277, 8.539392160185685 ], [ -75.324415077908782, 8.537733452031091 ], [ -75.326405103868865, 8.534413136856074 ], [ -75.318265036791104, 8.537687779849023 ], [ -75.315687947850279, 8.536961355717267 ], [ -75.313249390016495, 8.528267910712145 ], [ -75.306677974914294, 8.524599224100768 ], [ -75.308242367075479, 8.521476226730158 ], [ -75.304311168274353, 8.517750177252253 ], [ -75.311846188085099, 8.509939443599876 ], [ -75.314363822879727, 8.502373041119711 ], [ -75.306900615348411, 8.496568534556445 ], [ -75.298424128928616, 8.499431965315466 ], [ -75.294261497874743, 8.498368635852842 ], [ -75.286697086961112, 8.499453416203266 ], [ -75.279338367055288, 8.495329233074187 ], [ -75.279641891862013, 8.491516417948844 ], [ -75.273355254609953, 8.488187162733027 ], [ -75.254647045968284, 8.488438118087458 ], [ -75.250091504072486, 8.486478538751555 ], [ -75.247198763058975, 8.488206279795861 ], [ -75.241400082973257, 8.487281767104662 ], [ -75.235775409391749, 8.483677508615131 ], [ -75.235589204654616, 8.477945160182855 ], [ -75.242110048159248, 8.474383009357553 ], [ -75.241530508575011, 8.471380021614607 ], [ -75.233944776131125, 8.470266316387267 ], [ -75.231940881968626, 8.467925244704077 ], [ -75.23066779661832, 8.468990348340867 ], [ -75.231199859303615, 8.471201211814787 ], [ -75.224068098036867, 8.481477011707852 ], [ -75.219681243716138, 8.482844263931213 ], [ -75.219837991773318, 8.486366550187427 ], [ -75.216293465907881, 8.485366483730729 ], [ -75.213460659639566, 8.474033401838312 ], [ -75.206969536919814, 8.462063060863727 ], [ -75.201808680058775, 8.45307855518638 ], [ -75.192454105020374, 8.443412805282208 ], [ -75.199601532918109, 8.437373439390626 ], [ -75.207714507683647, 8.434136250785002 ], [ -75.211397329297313, 8.425335695071567 ], [ -75.205948476818207, 8.42043307621276 ], [ -75.196465205436368, 8.421354458272674 ], [ -75.196112109756143, 8.409032709553628 ], [ -75.189090243977262, 8.403186787029483 ], [ -75.185139265156181, 8.396640496029192 ], [ -75.182760895392676, 8.398956662799606 ], [ -75.177311740181096, 8.399761059861817 ], [ -75.16919470323063, 8.408389939302765 ], [ -75.171351804288577, 8.410329246341462 ], [ -75.165351981368985, 8.415813927255897 ], [ -75.162826264425291, 8.414965769628054 ], [ -75.158787397061701, 8.41634498292899 ], [ -75.156561961105638, 8.418995283725451 ], [ -75.156535368257096, 8.433321503325828 ], [ -75.144768113173882, 8.430183047733522 ], [ -75.136206089104576, 8.429929830419439 ], [ -75.13606598235134, 8.431864050294621 ], [ -75.139864126179759, 8.434182354158736 ], [ -75.129708740156616, 8.450666984561849 ], [ -75.134837934971927, 8.456533719271079 ], [ -75.134847130134517, 8.459927784393017 ], [ -75.128046121632451, 8.46828291730435 ], [ -75.085261472137802, 8.465838506941793 ], [ -75.062376517202949, 8.453264019711071 ], [ -75.057317020929418, 8.459450837885868 ], [ -75.056344675606226, 8.466002766717338 ], [ -75.051621539385849, 8.463769489360914 ], [ -75.049670638680823, 8.466418636719652 ], [ -75.046884550234438, 8.466712310593095 ], [ -75.046418308060709, 8.460359836659734 ], [ -75.040873056393366, 8.458474825636699 ], [ -75.032795313581346, 8.470902794832853 ], [ -75.034952410147753, 8.490155285952369 ], [ -75.033487336701853, 8.498919395189034 ], [ -75.024099845568571, 8.497026198710614 ], [ -75.020688439354558, 8.502132290635075 ], [ -75.007614882788573, 8.510983924596246 ], [ -75.008519407948768, 8.518695877624623 ], [ -75.00572085806283, 8.522802908307995 ], [ -75.002527942961251, 8.522350846950701 ], [ -74.997589381580951, 8.512933322418576 ], [ -74.993905485581365, 8.509516137337755 ], [ -74.925994027572585, 8.499607675026766 ], [ -74.927451777048134, 8.453343679679051 ], [ -74.899767580561445, 8.454291221599192 ], [ -74.90059367824324, 8.448301573904985 ], [ -74.895084961087605, 8.445359786634469 ], [ -74.892596288899085, 8.438847444792486 ], [ -74.89077198068145, 8.437018158107549 ], [ -74.885596438150458, 8.436825098321037 ], [ -74.882749300148646, 8.434936758138917 ], [ -74.882909006360421, 8.433021914041547 ], [ -74.886263223082892, 8.432831764798891 ], [ -74.886198036782389, 8.43097848589025 ], [ -74.882106753578512, 8.420843956069689 ], [ -74.877902769445882, 8.415516251384645 ], [ -74.875446106053118, 8.404359947301259 ], [ -74.858290306037134, 8.396410060008861 ], [ -74.860105896098048, 8.39402351017992 ], [ -74.852274553279983, 8.384710584664504 ], [ -74.847961308768902, 8.385859537116744 ], [ -74.849586981352616, 8.390927869226402 ], [ -74.840308242150968, 8.393989226848078 ], [ -74.83863563794614, 8.392377774606643 ], [ -74.841987952933664, 8.386869553321446 ], [ -74.839353458905521, 8.384697806119391 ], [ -74.830128507272605, 8.390504217112607 ], [ -74.826335476658869, 8.385404258889821 ], [ -74.815278528121723, 8.387171578838718 ], [ -74.808181131035212, 8.3866116908153 ], [ -74.805533876428285, 8.382574986596637 ], [ -74.803802484627795, 8.379916934231403 ], [ -74.806155184113265, 8.377565382793762 ], [ -74.803737041408851, 8.368808710715257 ], [ -74.813126954402094, 8.364545520371735 ], [ -74.813645438142771, 8.368880249008271 ], [ -74.815917120304846, 8.371447557982776 ], [ -74.819339927047224, 8.371411302847321 ], [ -74.819109189192716, 8.368451510629257 ], [ -74.828023662154692, 8.359747601141009 ], [ -74.822126256242314, 8.352254371888932 ], [ -74.812316921305296, 8.348699327641441 ], [ -74.810728949247448, 8.342348211961848 ], [ -74.804872005284324, 8.34101334223368 ], [ -74.802105730095604, 8.338730901839199 ], [ -74.799407228357495, 8.333819123750402 ], [ -74.799428370224575, 8.330474503737719 ], [ -74.795556740554105, 8.328202447876208 ], [ -74.800299239077503, 8.319402906361518 ], [ -74.798337456172476, 8.316637957985563 ], [ -74.790209926891123, 8.318209945408512 ], [ -74.788819444216017, 8.312889943783205 ], [ -74.798072037032171, 8.307999508784235 ], [ -74.795902249955702, 8.303383617121199 ], [ -74.801109477888645, 8.302686542769834 ], [ -74.800557382756551, 8.296213873257329 ], [ -74.798434721337401, 8.292734159993017 ], [ -74.794830238268901, 8.29152958830565 ], [ -74.794697125804021, 8.281906146390156 ], [ -74.790889170568221, 8.283310535895282 ], [ -74.790879800233995, 8.280217590788084 ], [ -74.788758382084211, 8.282246987243468 ], [ -74.780945392760316, 8.277881791321533 ], [ -74.795131351097098, 8.268924324955776 ], [ -74.801385215984851, 8.27071692621189 ], [ -74.805551158231481, 8.274808796016089 ], [ -74.808772998209918, 8.274282126820026 ], [ -74.807270583564559, 8.258940440931781 ], [ -74.804860065766377, 8.256230256594108 ], [ -74.796969986556633, 8.252593919240212 ], [ -74.794919713237448, 8.246557221347132 ], [ -74.797075194631645, 8.243616981875107 ], [ -74.806115677073876, 8.240709005422275 ], [ -74.809602833784595, 8.23063594826391 ], [ -74.817071981879678, 8.224695785204801 ], [ -74.819826321143694, 8.228265851092431 ], [ -74.82583417860161, 8.230044179005631 ], [ -74.826464449683613, 8.225125135337009 ], [ -74.829696207070697, 8.225129949412462 ], [ -74.832975888718011, 8.222994518431392 ], [ -74.833551014875752, 8.214998041776312 ], [ -74.830583445936099, 8.199945328873866 ], [ -74.833859963714474, 8.201932674258956 ], [ -74.860838100893204, 8.201150699164145 ], [ -74.865138965711481, 8.199782244993969 ], [ -74.867875877645076, 8.196067861946005 ], [ -74.868732032081937, 8.187571934171331 ], [ -74.866415624562876, 8.178433613438528 ], [ -74.870256442892867, 8.166521740259157 ], [ -74.867356509961439, 8.166085233243393 ], [ -74.868252300795177, 8.16521221472027 ], [ -74.865541321447836, 8.163315718727176 ], [ -74.867110425276451, 8.15915840660233 ], [ -74.874729464582629, 8.155664328366868 ], [ -74.875780923697675, 8.150309972442756 ], [ -74.883464668705358, 8.138630681360553 ], [ -74.885996639725079, 8.130428407696456 ], [ -74.892745948344725, 8.124300119300642 ], [ -74.893848404859057, 8.115735160432962 ], [ -74.898763816636063, 8.112610184970492 ], [ -74.903050017343958, 8.106022133954355 ], [ -74.911564686685324, 8.103612049144488 ], [ -74.914447217439147, 8.097248843029831 ], [ -74.921842340702597, 8.088830642047071 ], [ -74.925246311555043, 8.077188722707149 ], [ -74.92792783781573, 8.074597632613177 ], [ -74.942942401034259, 8.076874652568904 ], [ -74.94507833507231, 8.07917862469958 ], [ -74.954435075950585, 8.078604634911585 ], [ -74.968359277581385, 8.09057864460874 ], [ -74.976586335783963, 8.081880752939412 ], [ -74.985103365899818, 8.07872241581731 ], [ -74.98991255091147, 8.074833490868855 ], [ -75.002977135097296, 8.075173511559683 ], [ -75.013436218403797, 8.070625151700312 ], [ -75.019987363903738, 8.058975535588843 ], [ -75.023869503871424, 8.055088399187582 ], [ -75.03962053888614, 8.049947993388571 ], [ -75.042556340677152, 8.050558417975196 ], [ -75.047405906789663, 8.042404003892614 ], [ -75.058058638279647, 8.048619084885331 ], [ -75.062913223283715, 8.048585848990001 ], [ -75.069159339297642, 8.051996831198835 ], [ -75.080892594018565, 8.053219657565649 ], [ -75.081959233775649, 8.063612853885104 ], [ -75.088577051390814, 8.063612853885104 ], [ -75.090800426609974, 8.069289008160013 ], [ -75.0929976473588, 8.070596875407546 ], [ -75.095404126328276, 8.070047570444956 ], [ -75.096513363331781, 8.062057307441648 ], [ -75.100750858244453, 8.05570106507264 ], [ -75.106110254619637, 8.051933587057476 ], [ -75.115096831813673, 8.048978159756871 ], [ -75.121458052649928, 8.041599604135456 ], [ -75.12550815435344, 8.040137066635623 ], [ -75.128352866901992, 8.040731725776482 ], [ -75.131004717293592, 8.043688940725929 ], [ -75.130490418807142, 8.05111412433763 ], [ -75.133544067080891, 8.053926694241454 ], [ -75.140904960911485, 8.051548063067969 ], [ -75.144081134996043, 8.052492176116004 ], [ -75.152579522359872, 8.050528992736304 ], [ -75.155003832003615, 8.05107618485971 ], [ -75.155470567352779, 8.053226730905806 ], [ -75.159139722885129, 8.055540667157572 ], [ -75.163115906656515, 8.052829153312189 ], [ -75.170494691348551, 8.052595865138585 ], [ -75.173982911665405, 8.049973425612848 ], [ -75.179083666694453, 8.049874441071097 ], [ -75.180963706436785, 8.047331817820293 ], [ -75.18765586509079, 8.044288644809399 ], [ -75.193421078413905, 8.047687070357256 ], [ -75.192621171135102, 8.049155135195406 ], [ -75.194438998901092, 8.050132275729425 ], [ -75.195599123709428, 8.056215227015002 ], [ -75.20266182693365, 8.055517269619031 ], [ -75.209023439435668, 8.056935141050701 ], [ -75.211620783605667, 8.059908913760637 ], [ -75.215003818305433, 8.06017566330695 ], [ -75.219481233658769, 8.068053316111445 ], [ -75.220432837763894, 8.065999858261989 ], [ -75.226761549442415, 8.06297671410465 ], [ -75.230156152655638, 8.057534219007948 ], [ -75.230501178763234, 8.05298210688261 ], [ -75.247059613012254, 8.042105461146434 ], [ -75.247838699122838, 8.037742558625212 ], [ -75.243723092216612, 8.033403658209181 ], [ -75.236894440734602, 8.031363225941732 ], [ -75.235816085140186, 8.029131049920693 ], [ -75.236282768387071, 8.025433765419507 ], [ -75.241161050068854, 8.021926963436158 ], [ -75.244027576424855, 8.007604295777242 ], [ -75.251556501161474, 8.001236220789906 ], [ -75.255910231876328, 8.002025139867442 ], [ -75.266858733909373, 7.999321803392604 ], [ -75.268344149721031, 7.992314033988407 ], [ -75.274223779756483, 7.992120005817242 ], [ -75.278995939775882, 7.981019124237775 ], [ -75.287040373030663, 7.974361207593063 ], [ -75.289942779924331, 7.967863625082941 ], [ -75.288316435400191, 7.96489396935516 ], [ -75.291790493765347, 7.960168668193262 ], [ -75.301473538049152, 7.957923719017003 ], [ -75.302998788785544, 7.953748926561161 ], [ -75.308825995794109, 7.950090893079221 ], [ -75.309284569942463, 7.947435992904843 ], [ -75.315152589243553, 7.944828928057404 ], [ -75.317904635106856, 7.94842547091082 ], [ -75.321179526933292, 7.948163427642044 ], [ -75.326797879065111, 7.943513756602499 ], [ -75.328997282721843, 7.946493073718784 ], [ -75.335920460403258, 7.946520395101629 ], [ -75.336715725185002, 7.948100172720899 ], [ -75.338150072630413, 7.944473626113108 ], [ -75.337345677364851, 7.938782707116445 ], [ -75.329873107584149, 7.937211464397478 ], [ -75.328606281699649, 7.934870391815991 ], [ -75.329145997138994, 7.92693550190927 ], [ -75.335425340963468, 7.920954973020741 ], [ -75.335497439805636, 7.907238097332822 ], [ -75.33771449088016, 7.902858068417061 ], [ -75.342121991197473, 7.899164069955759 ], [ -75.344380257010073, 7.891579702053889 ], [ -75.343464659206859, 7.881319717014037 ], [ -75.346754324738242, 7.874967567372721 ], [ -75.354518966695025, 7.868817563984294 ], [ -75.364949576079255, 7.868215377853687 ], [ -75.376329133248248, 7.863267093101001 ], [ -75.391109836964233, 7.862867475431756 ], [ -75.404348103362054, 7.857527887822698 ], [ -75.407409983803632, 7.853284228665643 ], [ -75.405378328083486, 7.841833868924482 ], [ -75.409080273048119, 7.839814627931503 ], [ -75.416145837408806, 7.839057196626413 ], [ -75.417758450274562, 7.826287104679921 ], [ -75.422436270944274, 7.819389264001302 ], [ -75.427929970951368, 7.817996494213617 ], [ -75.432959411368131, 7.819234511103957 ], [ -75.44650022610324, 7.829370773776077 ], [ -75.458658010592671, 7.833844361404942 ], [ -75.465569886560502, 7.827691736730401 ], [ -75.467377274996295, 7.820664502615102 ], [ -75.455651770945849, 7.809047415424345 ], [ -75.45387264981963, 7.803225477937417 ], [ -75.454346921141735, 7.797536649322069 ], [ -75.461278103717063, 7.785718282753407 ], [ -75.474555630117322, 7.777179092080189 ], [ -75.477288393627703, 7.773308402946554 ], [ -75.479586425194668, 7.765717857325569 ], [ -75.479320045754548, 7.749008066712065 ], [ -75.483664690901378, 7.743025697174005 ], [ -75.488617840035261, 7.729528538799912 ], [ -75.496894608350317, 7.720724618893087 ], [ -75.501744825741923, 7.718742585250482 ], [ -75.520081154915829, 7.725599154597148 ], [ -75.530706124848166, 7.724949316396021 ], [ -75.533735843780278, 7.723015406439856 ], [ -75.537930613885692, 7.713833249682921 ], [ -75.534198987662137, 7.702426991867469 ], [ -75.537425444086466, 7.698077662901028 ], [ -75.537906463558329, 7.694760853853381 ], [ -75.534120606896181, 7.691458516676505 ], [ -75.533988616427962, 7.68883956171851 ], [ -75.535534701807364, 7.685028011422105 ], [ -75.539669628795764, 7.68243551636192 ], [ -75.540228504417087, 7.677890602442687 ], [ -75.545554357672813, 7.675358044822644 ], [ -75.551026946355535, 7.668399468999212 ], [ -75.54968622679354, 7.660259388446661 ], [ -75.551797465226457, 7.653826505349798 ], [ -75.548322935245437, 7.645489038720939 ], [ -75.558118271724197, 7.642795319617221 ], [ -75.551684027678562, 7.632667154365492 ], [ -75.552978530679013, 7.627342117679007 ], [ -75.557028266767873, 7.62401316160242 ], [ -75.564132041897949, 7.626076191008849 ], [ -75.570898535302661, 7.624923534799791 ], [ -75.576061568783416, 7.61684213314669 ], [ -75.586718976906525, 7.610099665203393 ], [ -75.592367448675532, 7.60387473776899 ], [ -75.601444395560861, 7.602151268217256 ], [ -75.603049784169343, 7.599575046151415 ], [ -75.601211961685806, 7.591101498123294 ], [ -75.605180481923412, 7.585517199354342 ], [ -75.610963251934436, 7.585884359069837 ], [ -75.619385267166933, 7.582678509116249 ], [ -75.633181527039767, 7.583121026764388 ], [ -75.640453335770871, 7.586423556180875 ], [ -75.646409486159826, 7.585842218168011 ], [ -75.650716250219205, 7.588395906875292 ], [ -75.65096087963235, 7.591256551956462 ], [ -75.653439529309253, 7.59269420430644 ], [ -75.658957129013459, 7.592121868318202 ], [ -75.666961660868139, 7.593982205295674 ], [ -75.671296190078465, 7.59796997105525 ], [ -75.67724214008922, 7.595185672952653 ], [ -75.680648567835988, 7.585058178742997 ], [ -75.682790334639776, 7.583446757044271 ], [ -75.687397023055382, 7.585309184403059 ], [ -75.697157934268432, 7.580995518581801 ], [ -75.711868757084403, 7.581286821799324 ], [ -75.72373113305224, 7.5910485208355 ], [ -75.74307770839971, 7.612216881929271 ], [ -75.751710476650658, 7.613615370396587 ], [ -75.752120557006322, 7.610608096788042 ], [ -75.755043713202951, 7.607790092970788 ], [ -75.761857394248864, 7.60262725622124 ], [ -75.765253723127103, 7.601943785069068 ], [ -75.765548140806231, 7.598347671610725 ], [ -75.761004662395919, 7.588699774838744 ], [ -75.76214027844884, 7.585821310761389 ], [ -75.760894255766289, 7.577312092401542 ], [ -75.768086476394785, 7.566807664798262 ], [ -75.773873444236472, 7.564880460771064 ], [ -75.773267520212983, 7.548778141979483 ], [ -75.776398344610925, 7.544913898263133 ], [ -75.772888982426991, 7.540292581669746 ], [ -75.772240888755562, 7.534956796632343 ], [ -75.76863886437792, 7.533495876999666 ], [ -75.766781663421625, 7.529083543742217 ], [ -75.769796773938936, 7.524083871721018 ], [ -75.776919439756227, 7.523170999408592 ], [ -75.787253859259806, 7.512223404674728 ], [ -75.781394550928951, 7.504823579625338 ], [ -75.775125624875159, 7.50137744990468 ], [ -75.78289054261495, 7.49097673468026 ], [ -75.781510310623673, 7.484547523000913 ], [ -75.787494283655747, 7.476292845174555 ], [ -75.787779235779169, 7.459836914171092 ], [ -75.790993841618842, 7.45466327337499 ], [ -75.794342018064583, 7.453309751911718 ], [ -75.801207558893111, 7.446399686948894 ], [ -75.811269899141621, 7.447156587349241 ], [ -75.814582454662968, 7.444796838778132 ], [ -75.825081124959013, 7.442187750923097 ], [ -75.823620750604107, 7.437005204222203 ], [ -75.827467591244613, 7.432374747263566 ], [ -75.827467591244613, 7.426034582954344 ], [ -75.821252662067252, 7.422708851832169 ], [ -75.817658880637225, 7.41582357859437 ], [ -75.822206737439672, 7.410746485208733 ], [ -75.828745958693048, 7.408512923086107 ], [ -75.832109755955685, 7.402072374658815 ], [ -75.835724716083746, 7.38941552532566 ], [ -75.833733348039573, 7.371340718397278 ], [ -75.841528389908035, 7.358378883595606 ], [ -75.84561876760938, 7.354279535310695 ], [ -75.845496013626303, 7.347087268868052 ], [ -76.383933823921609, 7.392293844774144 ], [ -76.396831088667568, 7.404352441702429 ], [ -76.403049479056449, 7.412764581747126 ], [ -76.412821505133365, 7.414924033698071 ], [ -76.416286210232272, 7.418504610781213 ], [ -76.419072899652065, 7.426026050748931 ], [ -76.424136695265986, 7.433209411286725 ], [ -76.422986859769139, 7.440985264227152 ], [ -76.427322544213837, 7.449578429318933 ], [ -76.437623945214568, 7.457248897216118 ], [ -76.438836697865725, 7.469737479386083 ], [ -76.441513592409081, 7.471581560437187 ], [ -76.445027719261077, 7.479581435421721 ], [ -76.45573018781306, 7.483870593385859 ], [ -76.451931220228857, 7.488854183753972 ], [ -76.453436960440058, 7.491779350381819 ], [ -76.452542281721549, 7.501125871118973 ], [ -76.461146411658376, 7.508911468093061 ], [ -76.462497946945007, 7.516773209026269 ], [ -76.470531008417538, 7.518029562342804 ], [ -76.474338145287447, 7.521646343357361 ], [ -76.476298820568843, 7.532249222800942 ], [ -76.480315350406784, 7.537826678198599 ], [ -76.484636451589552, 7.538987855833227 ], [ -76.488557803050639, 7.537807642882569 ], [ -76.494363689427303, 7.54182417272051 ], [ -76.492269763340346, 7.549210019074565 ], [ -76.501578215242034, 7.55463519014728 ], [ -76.509109915775184, 7.579593085608963 ], [ -76.51453012814352, 7.586664648923886 ], [ -76.508271377315054, 7.602142011969192 ], [ -76.508322554377571, 7.60620108605292 ], [ -76.511879062880155, 7.610076120341034 ], [ -76.511219547120731, 7.613402158687279 ], [ -76.509987050382222, 7.615797482368635 ], [ -76.503773643850479, 7.618855732715247 ], [ -76.500830612412358, 7.630253458325342 ], [ -76.492298682827368, 7.64046914380998 ], [ -76.492182665315966, 7.644220517714189 ], [ -76.495561910918866, 7.652982083818245 ], [ -76.490452887789274, 7.662502761976612 ], [ -76.487937703600664, 7.683256933817347 ], [ -76.485563114849242, 7.689319446617276 ], [ -76.489346874841885, 7.70410828727961 ], [ -76.487999661353513, 7.713826273360837 ], [ -76.491311739869104, 7.717208095334058 ], [ -76.490987995765863, 7.730255397716576 ], [ -76.495682428993405, 7.739456267294145 ], [ -76.496631204301423, 7.749715600156605 ], [ -76.487895574376921, 7.756837721594366 ], [ -76.483497340189103, 7.758035070821052 ], [ -76.480415935747601, 7.777995772715371 ], [ -76.483518751550946, 7.803332275133357 ], [ -76.47914054442009, 7.812926260368954 ], [ -76.481272542037402, 7.82172074885608 ], [ -76.4736011578579, 7.838814795935264 ], [ -76.465168350256931, 7.848732389628367 ], [ -76.463539856062653, 7.873088240893367 ], [ -76.460506961583462, 7.87579102580213 ], [ -76.448127798793905, 7.879690461047801 ], [ -76.448086534648439, 7.887468705305423 ], [ -76.437722732126815, 7.905191005848849 ], [ -76.432643804379893, 7.908794301343619 ], [ -76.425532728635687, 7.907706363412444 ], [ -76.421117385121306, 7.911825226714143 ], [ -76.42252966184094, 7.919407320978223 ], [ -76.420198165308022, 7.922058052966406 ], [ -76.419208371993079, 7.926827490190021 ], [ -76.422932475718483, 7.950497503240229 ], [ -76.417173797644296, 7.952406322332195 ], [ -76.415492511215291, 7.95452462242713 ], [ -76.416905400586415, 7.982326079694587 ], [ -76.414121459115279, 8.0007076848932 ], [ -76.411573710971652, 8.006952016851528 ], [ -76.412669698712477, 8.010344857568782 ], [ -76.427648595192579, 8.019794602899196 ], [ -76.422493963661395, 8.027723998705312 ], [ -76.42479382060651, 8.032673472828378 ], [ -76.428776734561382, 8.035635368902547 ], [ -76.427123027331959, 8.039850147200184 ], [ -76.429277851158815, 8.043753111031094 ], [ -76.427762509746231, 8.048490244811376 ], [ -76.429329217766053, 8.057642343016653 ], [ -76.424870187347949, 8.058486901990591 ], [ -76.423709528041627, 8.060205577229794 ], [ -76.424678017792644, 8.063861961403518 ], [ -76.423316604623267, 8.070300636841921 ], [ -76.424971537155727, 8.074293808667221 ], [ -76.418741273724265, 8.074768394399939 ], [ -76.41747888102924, 8.07237995361578 ], [ -76.414248631914745, 8.071003896098944 ], [ -76.408723798071776, 8.073925120017861 ], [ -76.409008273189386, 8.081452234647827 ], [ -76.406265129637632, 8.088491973321823 ], [ -76.408526641065976, 8.099717150394611 ], [ -76.402377124564794, 8.100572352616496 ], [ -76.40167998463636, 8.102148519005482 ], [ -76.392369129739336, 8.105596027641241 ], [ -76.383726644404248, 8.106646581253756 ], [ -76.377359065287294, 8.10898004689534 ], [ -76.374852223759433, 8.111544446224343 ], [ -76.372017637028762, 8.146425502243346 ], [ -76.36815124274392, 8.152946085236351 ], [ -76.357335131828052, 8.146242279017031 ], [ -76.352931446658772, 8.147706281670253 ], [ -76.349265116330287, 8.155161985568043 ], [ -76.335334066836595, 8.147747832378514 ], [ -76.331147758867928, 8.151459392019262 ], [ -76.332520303969147, 8.155661366618972 ], [ -76.349582370998746, 8.172130406747897 ], [ -76.353000892773764, 8.181584660726287 ], [ -76.353356158785459, 8.194239021724115 ], [ -76.350841704029449, 8.204425809281361 ], [ -76.347575510596812, 8.209037770811904 ], [ -76.343059365247484, 8.210933620017443 ], [ -76.339504726140547, 8.220416953383108 ], [ -76.333218956661767, 8.23013724544154 ], [ -76.334075564748161, 8.237085273238506 ], [ -76.328041252782441, 8.242091656578509 ], [ -76.328383894759327, 8.246431794873956 ], [ -76.324215079698149, 8.253741500862191 ], [ -76.324119900423, 8.264744126434209 ], [ -76.31412616366913, 8.271254332979083 ], [ -76.313593161345239, 8.275137612909759 ], [ -76.308910385564445, 8.282961279617609 ], [ -76.303275822422052, 8.284522207872271 ], [ -76.303085464770049, 8.293868728609425 ], [ -76.299754216191047, 8.298894152655407 ], [ -76.303639673639736, 8.307900388596806 ], [ -76.303430392961218, 8.311179062333622 ], [ -76.294745395719758, 8.315085570021097 ], [ -76.288024827822198, 8.328230273214274 ], [ -76.28596897416395, 8.328901282926893 ], [ -76.277345807114443, 8.340379801281415 ], [ -76.271064026158683, 8.345790696316215 ], [ -76.268214388143463, 8.351430016940128 ], [ -76.250168556397682, 8.362380299435472 ], [ -76.248388123730138, 8.365845982800522 ], [ -76.242877291938612, 8.369986245785981 ], [ -76.237242728796218, 8.370129013351232 ], [ -76.226002154587206, 8.381236335856386 ], [ -76.219853627131954, 8.382102458905933 ], [ -76.218009546080793, 8.384370085171213 ], [ -76.212464211768406, 8.386097098579569 ], [ -76.199879674178248, 8.387394964875114 ], [ -76.194297317568555, 8.391364113933889 ], [ -76.183828904352026, 8.392747100162012 ], [ -76.180445273170449, 8.397311061075413 ], [ -76.180710886347015, 8.399909169712316 ], [ -76.18870459888376, 8.407264106809464 ], [ -76.196940317750887, 8.423434107423418 ], [ -76.199766346224976, 8.424795216961968 ], [ -76.203260020218238, 8.423551191235902 ], [ -76.205308923605571, 8.426819749934566 ], [ -76.21187008532894, 8.430029113202067 ], [ -76.212767933306282, 8.437247094838483 ], [ -76.218668462663459, 8.443560473161199 ], [ -76.216806111661526, 8.45436962212807 ], [ -76.213493492359703, 8.461702892741641 ], [ -76.212519123130505, 8.471402013288582 ], [ -76.209681977097603, 8.476781850844361 ], [ -76.208696800228608, 8.500721091894661 ], [ -76.2099963697313, 8.522922530761491 ], [ -76.215170216241688, 8.527247687841054 ], [ -76.216022079423055, 8.530931131089346 ], [ -76.228105092580222, 8.541774631660019 ], [ -76.229070908044491, 8.546454999953994 ], [ -76.234028548758317, 8.549584210078081 ], [ -76.236802587193949, 8.554440042842998 ], [ -76.236577150302139, 8.560034927367667 ], [ -76.223859970066428, 8.561772593905459 ], [ -76.222501448576281, 8.565185858735276 ], [ -76.222811069355316, 8.573270137694465 ], [ -76.244063447249687, 8.572086903707088 ], [ -76.253772450170914, 8.575806382003407 ], [ -76.265442273002463, 8.584190250246934 ], [ -76.261644650197297, 8.586802900823216 ], [ -76.260172532157355, 8.590087187238396 ], [ -76.254922874064732, 8.592788993881072 ], [ -76.254096795247563, 8.602726840108403 ], [ -76.250715105326833, 8.61030722038555 ], [ -76.256930763936793, 8.616681631195604 ], [ -76.264482056741826, 8.617378180930473 ], [ -76.269213972204511, 8.623648549679729 ], [ -76.269796719675185, 8.626329192895753 ], [ -76.266057423629547, 8.63880709678341 ], [ -76.282216346210646, 8.644158505332712 ], [ -76.281466420335732, 8.648865871615669 ], [ -76.288611765936992, 8.6494685643965 ], [ -76.295907368364055, 8.653170316223225 ], [ -76.297906116074159, 8.652349405417965 ], [ -76.298869795342966, 8.649386973947514 ], [ -76.303902357407821, 8.652313709933424 ], [ -76.312575489691596, 8.653919846839074 ], [ -76.314003168937347, 8.656489664810181 ], [ -76.326602414655326, 8.652849091896314 ], [ -76.339344428836853, 8.64142767859164 ], [ -76.345626205301016, 8.639821540787693 ], [ -76.344876675583464, 8.642748278570195 ], [ -76.346768347619673, 8.649672508179663 ], [ -76.350694455663984, 8.655597365730728 ], [ -76.349252356649799, 8.666306840249206 ], [ -76.351107775347145, 8.674913830424202 ], [ -76.35555345768779, 8.682621573943834 ], [ -76.35569871538496, 8.692978692096119 ], [ -76.361197938238774, 8.701534773805122 ], [ -76.363213158369376, 8.709103325955482 ], [ -76.36756585602086, 8.714506213401478 ], [ -76.367887884340519, 8.720674675387102 ], [ -76.399657090192193, 8.746125608890395 ], [ -76.409028172685396, 8.746166060958217 ], [ -76.414433494567731, 8.74798870639296 ], [ -76.419565911642565, 8.754994157243573 ], [ -76.419087416438629, 8.757935724426602 ], [ -76.415337194175549, 8.762649996064681 ], [ -76.399614313282541, 8.779618433414214 ], [ -76.389433795072705, 8.783733096190304 ], [ -76.381166834571673, 8.794208979802647 ], [ -76.414919102637782, 8.876267729932636 ], [ -76.414421879341887, 8.882146632332081 ], [ -76.416616899216478, 8.888062439349426 ], [ -76.408394270610074, 8.893156180327139 ], [ -76.365358801406785, 8.907464688729306 ], [ -76.33830882410092, 8.919862547271464 ], [ -76.32798202501192, 8.929719913368331 ], [ -76.322611572163396, 8.940426109931707 ], [ -76.320459089347992, 8.951795845811887 ], [ -76.32283007675062, 8.956967479769958 ], [ -76.302273762602169, 8.967976139330574 ], [ -76.286404512795116, 8.980464704432507 ], [ -76.285315559766843, 8.983368660022961 ], [ -76.264627072792052, 8.997909879879842 ], [ -76.263829488558372, 9.007935420613364 ], [ -76.265042798165496, 9.009437072588469 ], [ -76.263849264086787, 9.011248486378236 ], [ -76.265412642049171, 9.013423754080691 ], [ -76.261544246316305, 9.020825078419421 ], [ -76.262283430128491, 9.022885761424448 ], [ -76.260527072329694, 9.027975054839715 ], [ -76.26319983012786, 9.034595093990333 ], [ -76.255452791571486, 9.045732803830845 ], [ -76.254380259759671, 9.052900927132612 ], [ -76.248256901322122, 9.060644045437982 ], [ -76.232393089920095, 9.07196424098737 ], [ -76.229878274041084, 9.078541702654547 ], [ -76.213356848614637, 9.088943884829007 ], [ -76.212300702985033, 9.092816348136751 ], [ -76.199895498014598, 9.102402336563273 ], [ -76.199491578310074, 9.105199938725889 ], [ -76.186822065416266, 9.119162013359244 ], [ -76.187058760004106, 9.125620814669333 ], [ -76.181872508648041, 9.1351160013146 ], [ -76.182939646072271, 9.141505087014878 ], [ -76.17788581637609, 9.151594798951862 ], [ -76.179726682354215, 9.155812840831572 ], [ -76.177943207988676, 9.161513158010166 ], [ -76.178653857691415, 9.166071541279507 ], [ -76.175599977652155, 9.174387830108742 ], [ -76.178042553653427, 9.179416953419945 ], [ -76.180889678180449, 9.181540879668034 ], [ -76.173779857383693, 9.194475409256597 ], [ -76.173612820913434, 9.199072985154714 ], [ -76.176722595072533, 9.201658522757498 ], [ -76.176060361008922, 9.206500507082978 ], [ -76.168860758917845, 9.216681075598501 ], [ -76.170223557290456, 9.229699368662523 ], [ -76.166496661598956, 9.232560237424309 ], [ -76.145785688876344, 9.239646946347023 ], [ -76.133919963088147, 9.245464118267591 ], [ -76.117101358559239, 9.256936393325873 ], [ -76.10728894688998, 9.266202369253847 ], [ -76.101555625581454, 9.276017341123747 ], [ -76.100629783382601, 9.284302605711559 ], [ -76.104940247605612, 9.292853302016113 ], [ -76.112156226895706, 9.295635483686226 ], [ -76.109934996855145, 9.304379123894535 ], [ -76.099110263902276, 9.313844761333257 ], [ -76.091765394232539, 9.32455266290043 ], [ -76.088175143184401, 9.326213527013465 ], [ -76.084725931341552, 9.332258248665028 ], [ -76.085324810770942, 9.334970935711056 ], [ -76.074327950590998, 9.339510819060706 ], [ -76.024011080438299, 9.352396220645517 ], [ -75.994285000903801, 9.366516262350899 ], [ -75.978079003869368, 9.376413758918432 ], [ -75.961886126740183, 9.391929745060168 ], [ -75.956665715121574, 9.405067795325067 ], [ -75.958387084410447, 9.411847855996314 ], [ -75.961694197035172, 9.417060367824035 ], [ -75.962811430847751, 9.417924927803654 ], [ -75.963719366913779, 9.416456876440236 ], [ -75.96146781062339, 9.414050842137215 ], [ -75.965009497810229, 9.416733608073969 ], [ -75.963665199357308, 9.413440717588117 ], [ -75.967356634024725, 9.417129663920264 ], [ -75.965992804385337, 9.413157464180301 ], [ -75.967978867873512, 9.412723635044529 ], [ -75.963514885039331, 9.410738770808166 ], [ -75.967405758435177, 9.411171981004259 ], [ -75.963584144304662, 9.407160941673681 ], [ -75.966048333788876, 9.407838398600234 ], [ -75.965168598557, 9.405769160931925 ], [ -75.968168512262594, 9.407634595852699 ], [ -75.963121914010173, 9.401074889401286 ], [ -75.966279766939977, 9.401735394206582 ], [ -75.963771271612302, 9.396848334180845 ], [ -75.968940992157286, 9.401035800078887 ], [ -75.969928740905004, 9.405497117609457 ], [ -75.967455224205764, 9.419820686279309 ], [ -75.95142785910457, 9.436263226984522 ], [ -75.950936671593865, 9.439169996998999 ], [ -75.945508350127, 9.443285472751086 ], [ -75.923003093602404, 9.447748101823038 ], [ -75.918028939145529, 9.444588049815707 ], [ -75.914388441690221, 9.4351126449871 ], [ -75.890250778805182, 9.425070598595369 ], [ -75.881190882855833, 9.423628171695839 ] ] ] } },
{ "type": "Feature", "properties": { "codigo_dane": "44", "nombre entidad": "LA GUAJIRA" }, "geometry": { "type": "Polygon", "coordinates": [ [ [ -72.749359301101492, 10.652110695346266 ], [ -72.748716844362946, 10.640641690158191 ], [ -72.7508583596383, 10.637239062288131 ], [ -72.750142569771356, 10.634127550785877 ], [ -72.765130400902422, 10.622764147135229 ], [ -72.767585971942935, 10.622760040932803 ], [ -72.774688689755067, 10.617784347660574 ], [ -72.7896888053574, 10.604073123278624 ], [ -72.790355562442073, 10.594001683987358 ], [ -72.792819911826598, 10.588521000579135 ], [ -72.819820392819167, 10.570150056594855 ], [ -72.823184068809155, 10.565157317776595 ], [ -72.824244452693677, 10.552036651722915 ], [ -72.826019582601873, 10.548050911665882 ], [ -72.831700549155585, 10.545403764856871 ], [ -72.835002050898538, 10.539603828027111 ], [ -72.843002984997611, 10.538949474889762 ], [ -72.839731230090649, 10.53439875695085 ], [ -72.840117892246553, 10.532197753393348 ], [ -72.838363040025399, 10.531394686737144 ], [ -72.838749700384653, 10.527974212921436 ], [ -72.834436929286085, 10.518486108599518 ], [ -72.836251267094497, 10.51705843474366 ], [ -72.836072805841297, 10.51319180869325 ], [ -72.837768175170197, 10.510157998830039 ], [ -72.843776313800959, 10.507481103388386 ], [ -72.842532184768572, 10.498344492150977 ], [ -72.846618178687834, 10.493341155898804 ], [ -72.844667024657724, 10.485173655148685 ], [ -72.853619747016694, 10.480712166938076 ], [ -72.862727134238014, 10.463383743824636 ], [ -72.875885553818193, 10.456947301599769 ], [ -72.876099705166041, 10.453735028686765 ], [ -72.881096572644708, 10.455198398027164 ], [ -72.885629446434564, 10.454234713368464 ], [ -72.88830633918127, 10.451200900810363 ], [ -72.891661379659581, 10.451022444048704 ], [ -72.892696446304228, 10.443741291034542 ], [ -72.895052112029134, 10.443205912664894 ], [ -72.901031203612092, 10.434346367234696 ], [ -72.917872926303289, 10.434170600929463 ], [ -72.926725214238502, 10.4318376859556 ], [ -72.93564141915374, 10.426484766438762 ], [ -72.942510200208119, 10.426982006802689 ], [ -72.948974303379259, 10.420063723146825 ], [ -72.954892617596556, 10.417214914277281 ], [ -72.957648032144846, 10.413107964442361 ], [ -72.970112338223203, 10.410692171732649 ], [ -72.97280693408328, 10.409290114255839 ], [ -72.976185900309929, 10.403484489289156 ], [ -72.981407468959503, 10.403343147351393 ], [ -72.986882215397316, 10.400477459124204 ], [ -72.99377139271644, 10.401047092977933 ], [ -72.999524571300128, 10.40442174279616 ], [ -73.010452012314545, 10.404489638417772 ], [ -73.013347353054542, 10.410640984788643 ], [ -73.016178526184376, 10.411821654083838 ], [ -73.024732716938161, 10.41137808720265 ], [ -73.036856855900169, 10.403462344901413 ], [ -73.039264157727075, 10.406128225192333 ], [ -73.048279622068719, 10.410158819065543 ], [ -73.051828288272588, 10.414110671049798 ], [ -73.064753817633118, 10.417418036999607 ], [ -73.071050445057438, 10.42393367476302 ], [ -73.078054896980632, 10.423914045660126 ], [ -73.081366328708725, 10.42620487003785 ], [ -73.084768060059389, 10.426322800063986 ], [ -73.098613056270153, 10.418344149591633 ], [ -73.099695510880508, 10.415765883856864 ], [ -73.109374599878947, 10.41262312892411 ], [ -73.113036285913722, 10.408953522437173 ], [ -73.116302497312631, 10.409228714357255 ], [ -73.117234137242974, 10.40483539755121 ], [ -73.123099431053333, 10.403989227896716 ], [ -73.127428273923442, 10.39920010407792 ], [ -73.142260303822354, 10.396806627334229 ], [ -73.146009618786309, 10.400628477721909 ], [ -73.145834088738184, 10.407132202916841 ], [ -73.143775022701959, 10.412453508896988 ], [ -73.143734286766289, 10.420195973228317 ], [ -73.145110664083631, 10.422981080713669 ], [ -73.142330756949605, 10.436776225776327 ], [ -73.145068560911, 10.440504507569472 ], [ -73.146215607136696, 10.43969417982504 ], [ -73.146131719693642, 10.4414333240926 ], [ -73.151159241307482, 10.444345420222646 ], [ -73.150397534916522, 10.446410684639318 ], [ -73.153156564288395, 10.447021544909205 ], [ -73.152123623059367, 10.448440028094069 ], [ -73.154635443054531, 10.44971128267639 ], [ -73.154311176131387, 10.452376909642169 ], [ -73.163214618671248, 10.455412427204067 ], [ -73.162810286639626, 10.457462249568664 ], [ -73.164357945868687, 10.457321090887376 ], [ -73.168687157048282, 10.461867069311097 ], [ -73.171545516813524, 10.461890626749835 ], [ -73.174327638296518, 10.459218603774161 ], [ -73.175327153187141, 10.460851290409209 ], [ -73.177889078553903, 10.4565818576678 ], [ -73.180415243757295, 10.460427729923651 ], [ -73.179852093948455, 10.464673887297522 ], [ -73.181674327056157, 10.466279091751176 ], [ -73.178805276432172, 10.46694371174209 ], [ -73.176424692319756, 10.470416974199225 ], [ -73.176364950712468, 10.473530859052346 ], [ -73.17478298030386, 10.474071692895109 ], [ -73.172303064001369, 10.471768579554521 ], [ -73.17069483581605, 10.473030833010512 ], [ -73.170995529130721, 10.475997444345353 ], [ -73.174270355380145, 10.476686008050933 ], [ -73.174934021359434, 10.481165229917735 ], [ -73.163986894648247, 10.484477638115266 ], [ -73.1678924510191, 10.487674620791665 ], [ -73.168014567197815, 10.492200138271812 ], [ -73.164048368208739, 10.491533429696233 ], [ -73.160520703734619, 10.488031342973613 ], [ -73.161616095891986, 10.491913888980093 ], [ -73.15689898916861, 10.491847646259941 ], [ -73.156055271916784, 10.497666671406421 ], [ -73.153007820226776, 10.496854193991794 ], [ -73.14878965437947, 10.499635427938529 ], [ -73.146608450604958, 10.498466666720219 ], [ -73.144875026813679, 10.499490021120891 ], [ -73.14405182620095, 10.504830703777145 ], [ -73.147595666651284, 10.504530179345863 ], [ -73.149484620383191, 10.508085020573901 ], [ -73.143410956786738, 10.509211084832771 ], [ -73.143271133003054, 10.513917575257665 ], [ -73.139500165030256, 10.51416475409161 ], [ -73.139832118843401, 10.519380627417775 ], [ -73.137603341151816, 10.521921200711461 ], [ -73.139371934912788, 10.524504708120105 ], [ -73.136586185131534, 10.52738802669711 ], [ -73.137551272061501, 10.530335089777452 ], [ -73.135234866339033, 10.529861822772602 ], [ -73.132219665990078, 10.531871442801275 ], [ -73.131375204932624, 10.528853454977764 ], [ -73.128921909326493, 10.528893957351272 ], [ -73.127288356714814, 10.525643517686376 ], [ -73.126272775442544, 10.527379239369964 ], [ -73.123378052743931, 10.52714093410151 ], [ -73.124520842748382, 10.528847261987266 ], [ -73.12334244259938, 10.531646792834295 ], [ -73.12080983736854, 10.531536308051159 ], [ -73.119465858716126, 10.533935903225085 ], [ -73.117468024593393, 10.533211515575772 ], [ -73.115058671911072, 10.536574749594251 ], [ -73.114839018377666, 10.540052286238961 ], [ -73.111741658047379, 10.539311124334915 ], [ -73.110535028318054, 10.540946823921843 ], [ -73.10767572981257, 10.53899111363296 ], [ -73.105895707675415, 10.540272626085709 ], [ -73.103036118115597, 10.548413681311104 ], [ -73.101226138936454, 10.547220031349696 ], [ -73.101410733891328, 10.549420354881988 ], [ -73.098732037326045, 10.549951448284332 ], [ -73.10022468188663, 10.551802528115445 ], [ -73.099322742978188, 10.555569687228399 ], [ -73.097613493768733, 10.55500858468173 ], [ -73.097901556760462, 10.556346694635749 ], [ -73.095381403087742, 10.557751156006134 ], [ -73.098794231336001, 10.559362766351228 ], [ -73.101663921560942, 10.570321116622551 ], [ -73.099968150684788, 10.577458073749028 ], [ -73.093235982832766, 10.577142230334971 ], [ -73.094137829214617, 10.57910110089955 ], [ -73.092084461196805, 10.578735435981855 ], [ -73.089190810189166, 10.581978472624598 ], [ -73.089112757308556, 10.588316937319973 ], [ -73.086694523874257, 10.587189739386304 ], [ -73.085076542672141, 10.591030649344589 ], [ -73.084912847937346, 10.595800753118681 ], [ -73.086934025699634, 10.599542971386256 ], [ -73.084990395066029, 10.603531364170408 ], [ -73.089397420174237, 10.608232692871582 ], [ -73.086913845030722, 10.612582703659882 ], [ -73.088819852393613, 10.615183393158645 ], [ -73.08565759861375, 10.62175727413819 ], [ -73.086217279126174, 10.623561214837196 ], [ -73.083747135603517, 10.624061300167853 ], [ -73.082193692117755, 10.629399481912344 ], [ -73.091412062687652, 10.642271811202761 ], [ -73.091834121188867, 10.646362883302345 ], [ -73.098322560638735, 10.651214385285869 ], [ -73.096448694123978, 10.659531520328756 ], [ -73.101366713712366, 10.664095842365157 ], [ -73.101004297105305, 10.668557562341334 ], [ -73.104092131692767, 10.673862336612103 ], [ -73.107185215140589, 10.677545554383073 ], [ -73.133802967703048, 10.683969790290121 ], [ -73.146144144302241, 10.69150836743222 ], [ -73.157279629013999, 10.703667297274592 ], [ -73.160372963092016, 10.712408502148151 ], [ -73.15741840985288, 10.715542875792607 ], [ -73.162495325371935, 10.715795118433846 ], [ -73.174132498908421, 10.711771647308183 ], [ -73.177736900230229, 10.712593392648955 ], [ -73.182108441856371, 10.710278730557889 ], [ -73.189046862163707, 10.710208994286802 ], [ -73.195971409777087, 10.707454257967129 ], [ -73.203874025884886, 10.708934257831629 ], [ -73.207626614312346, 10.707460894725727 ], [ -73.212688080592841, 10.715665318958372 ], [ -73.215103176209368, 10.730510307065629 ], [ -73.221876271338374, 10.733552155060408 ], [ -73.227571087229819, 10.731300402038755 ], [ -73.22951373959728, 10.731975388596311 ], [ -73.233605420755168, 10.738279180090728 ], [ -73.237058092012944, 10.740441097919074 ], [ -73.239351480184553, 10.739819456958855 ], [ -73.240995923081073, 10.735235967553933 ], [ -73.244139847621227, 10.73561090039783 ], [ -73.248311036931625, 10.731515417566641 ], [ -73.264326487667688, 10.73214366923429 ], [ -73.267937690139888, 10.729330810971078 ], [ -73.269900347106386, 10.730250759318665 ], [ -73.271511077101763, 10.727073892632461 ], [ -73.277825236061119, 10.726427661170078 ], [ -73.273971773933397, 10.734932411306147 ], [ -73.275587597380479, 10.738533791591237 ], [ -73.275057442718321, 10.741459940078471 ], [ -73.270018437032775, 10.744527476317558 ], [ -73.2710954074239, 10.74701770169446 ], [ -73.268344444031413, 10.748254263312845 ], [ -73.268137587009505, 10.753266845033295 ], [ -73.265060315719893, 10.753488418267978 ], [ -73.263501847054442, 10.75738767744366 ], [ -73.260540018353993, 10.757839111776377 ], [ -73.252435820135759, 10.770733101262181 ], [ -73.252305594858512, 10.775918056348246 ], [ -73.256344803582181, 10.777861315079065 ], [ -73.259313881692719, 10.785097026778374 ], [ -73.256188888263978, 10.795650693776565 ], [ -73.251999619445769, 10.798968845806598 ], [ -73.251728661289008, 10.805172293607143 ], [ -73.255842954857201, 10.808998084907103 ], [ -73.254419056623476, 10.812175309123063 ], [ -73.252202760134423, 10.813161967315182 ], [ -73.255815952376565, 10.823360407827522 ], [ -73.255804057774412, 10.827725298322093 ], [ -73.258569626886754, 10.829418827899815 ], [ -73.262332799273281, 10.829034159107096 ], [ -73.264431737963491, 10.831228143223427 ], [ -73.266768813038823, 10.839342302867749 ], [ -73.26440333321159, 10.841751729211978 ], [ -73.264999485353599, 10.844982150803162 ], [ -73.267843862830318, 10.844439540091344 ], [ -73.273629569436366, 10.845999759574681 ], [ -73.274655451698266, 10.847810594848966 ], [ -73.277153004638706, 10.847587488188879 ], [ -73.279589499938993, 10.85669919181862 ], [ -73.284742379753993, 10.857035397361415 ], [ -73.289471101703214, 10.862269234312635 ], [ -73.295390888260442, 10.855259761701291 ], [ -73.299339249388765, 10.855427627317226 ], [ -73.305536523961734, 10.849044077938458 ], [ -73.312318648963185, 10.846152619720215 ], [ -73.325160390593794, 10.858238782373292 ], [ -73.331519275808432, 10.858215996588001 ], [ -73.337548012825096, 10.862564454187918 ], [ -73.344754674781598, 10.860237763645557 ], [ -73.354199341033336, 10.860958516708365 ], [ -73.358551037960808, 10.858471693254216 ], [ -73.364944036725547, 10.860409564783936 ], [ -73.373592565930721, 10.858095085050991 ], [ -73.377921039592877, 10.861348233138642 ], [ -73.384128133658123, 10.860051582264703 ], [ -73.393160842073712, 10.867486396722256 ], [ -73.400191956914114, 10.865645926901436 ], [ -73.415935595194924, 10.867488414339959 ], [ -73.441996283141179, 10.86530464317832 ], [ -73.448719396866238, 10.867126684944651 ], [ -73.450881159285927, 10.865533358025175 ], [ -73.453983454964316, 10.867787983861319 ], [ -73.467013806123987, 10.866429889071242 ], [ -73.46858573156311, 10.86766639140086 ], [ -73.479406662842621, 10.867173370427167 ], [ -73.494463837680655, 10.857461118296953 ], [ -73.500688880099517, 10.859334735978166 ], [ -73.507289483285149, 10.855690778209635 ], [ -73.508438577671313, 10.852933761065628 ], [ -73.519793174231893, 10.847671655008185 ], [ -73.533028474390335, 10.848421696765854 ], [ -73.538394944105676, 10.845731977863295 ], [ -73.544310158234453, 10.845018750891938 ], [ -73.561872819041525, 10.847074522803439 ], [ -73.569374361309883, 10.843179948345664 ], [ -73.584570831721805, 10.842104870706351 ], [ -73.599446511693486, 10.836634394862813 ], [ -73.599138960634491, 10.839696269016201 ], [ -73.605002041892533, 10.84981936866393 ], [ -73.607909070622043, 10.851886107217126 ], [ -73.608340955801964, 10.855994021843458 ], [ -73.611100624774849, 10.860331782296441 ], [ -73.614612433073205, 10.880937616114409 ], [ -73.624824031220044, 10.888068477268519 ], [ -73.628407833257597, 10.892336585892167 ], [ -73.633446110408897, 10.900225279000267 ], [ -73.633742191769215, 10.904451199111293 ], [ -73.636047206844808, 10.907923634219401 ], [ -73.635421680667889, 10.915617328076792 ], [ -73.640414058363149, 10.929242854010624 ], [ -73.639439598404067, 10.935498149915759 ], [ -73.636550295245854, 10.94058422735975 ], [ -73.637607269122839, 10.947268204151612 ], [ -73.643882479795366, 10.95630521370424 ], [ -73.642604607319072, 10.967151699379031 ], [ -73.645058157148583, 10.968014697187186 ], [ -73.652457752229054, 10.976521816182583 ], [ -73.661712404883815, 10.980938628443596 ], [ -73.664929073257042, 10.989706156670934 ], [ -73.663321683200536, 10.996197026065602 ], [ -73.661053782948841, 10.997784507642905 ], [ -73.658159551629069, 11.005471651878338 ], [ -73.651045742309293, 11.011133550776606 ], [ -73.648608416965033, 11.015930544741821 ], [ -73.648284689929767, 11.019920152947577 ], [ -73.651822461357199, 11.024579340746868 ], [ -73.653036705212912, 11.030564072855952 ], [ -73.649625412186708, 11.030558079291609 ], [ -73.649489895828253, 11.033153040229195 ], [ -73.644132598817578, 11.036450227360433 ], [ -73.643553043961958, 11.039448686692424 ], [ -73.635451935950755, 11.041631613437062 ], [ -73.641098170912926, 11.054386039650751 ], [ -73.645024682301141, 11.054286472101978 ], [ -73.644917059552768, 11.058627744072226 ], [ -73.650028099401709, 11.060798149190134 ], [ -73.645231664189055, 11.067748323962292 ], [ -73.640959697298172, 11.070656251906144 ], [ -73.644759620690593, 11.071875917098907 ], [ -73.647397177078005, 11.075451859769771 ], [ -73.642807124576393, 11.07531654283747 ], [ -73.640884645691301, 11.077925873237803 ], [ -73.642100137307978, 11.07974714604569 ], [ -73.648580942868477, 11.081709086156025 ], [ -73.648523162285073, 11.085950754644784 ], [ -73.650872307134136, 11.088533697012679 ], [ -73.645785598174029, 11.091021013642319 ], [ -73.648460652966207, 11.09707455226544 ], [ -73.639161525584541, 11.103271179152614 ], [ -73.637403141184905, 11.108752676435131 ], [ -73.642914350269109, 11.116277862380571 ], [ -73.643280703296853, 11.123428559250272 ], [ -73.648366546280329, 11.122721054551846 ], [ -73.64963268225813, 11.123867196173308 ], [ -73.648531969375085, 11.125517376614141 ], [ -73.651957681271426, 11.127514663662453 ], [ -73.649989906598705, 11.131434075659286 ], [ -73.653303610167882, 11.137687358438257 ], [ -73.651380029947404, 11.138695525010291 ], [ -73.644791329448765, 11.137627661746819 ], [ -73.644570656326721, 11.144553465205888 ], [ -73.634145977624712, 11.141784758275776 ], [ -73.634263410882113, 11.146339217700813 ], [ -73.630592844993714, 11.145973965110159 ], [ -73.62746695055398, 11.141701583197346 ], [ -73.621799119176842, 11.150489514876028 ], [ -73.618502074877824, 11.15068236265995 ], [ -73.616751840899212, 11.153586189791213 ], [ -73.619782883949142, 11.161706078895008 ], [ -73.615246692678284, 11.161207880926213 ], [ -73.613337797229462, 11.165544237311337 ], [ -73.608638672097413, 11.163052553967589 ], [ -73.608568112968896, 11.165350262140805 ], [ -73.61248121339753, 11.167727862047514 ], [ -73.610447802367958, 11.17135586662215 ], [ -73.608097053126471, 11.173062117252755 ], [ -73.603383784907408, 11.17290090187015 ], [ -73.601170404352047, 11.17772884461823 ], [ -73.59807841595142, 11.179562303082662 ], [ -73.591255632269508, 11.178374217290525 ], [ -73.588568000155021, 11.18485307889523 ], [ -73.591521009188966, 11.18852425474023 ], [ -73.586811867833546, 11.191689085788653 ], [ -73.583925972886277, 11.189353358187361 ], [ -73.582134695747925, 11.19590928721999 ], [ -73.58378780739389, 11.205232024142731 ], [ -73.580988282835051, 11.210721005295852 ], [ -73.581969693963401, 11.216462330599882 ], [ -73.578737096650855, 11.218875509210079 ], [ -73.574437428389501, 11.218392740716922 ], [ -73.575441640574525, 11.221885811041886 ], [ -73.579305514184682, 11.22417823711703 ], [ -73.573749497996687, 11.22420672361568 ], [ -73.572641203326668, 11.2256913255531 ], [ -73.577299573658365, 11.227741741704563 ], [ -73.577881663561755, 11.230104363988573 ], [ -73.574231430157681, 11.229661990969305 ], [ -73.571995569244393, 11.232268887831651 ], [ -73.568297495123431, 11.232025789148963 ], [ -73.568347342678237, 11.248007148792851 ], [ -73.565375389058204, 11.253611628230715 ], [ -73.567542095809131, 11.257986336420799 ], [ -73.574895929774243, 11.259700988102622 ], [ -73.531948386842657, 11.251133316320647 ], [ -73.526630291443894, 11.254309896444056 ], [ -73.515369491650119, 11.253560365828207 ], [ -73.513398905248323, 11.25558632173329 ], [ -73.508302489983805, 11.256201569378561 ], [ -73.506622843879882, 11.258370104202527 ], [ -73.489614757557092, 11.259663992754838 ], [ -73.484544980955263, 11.26320791135862 ], [ -73.436849738250601, 11.25735059998425 ], [ -73.424624561196481, 11.259243992295524 ], [ -73.41713604001859, 11.262685724759422 ], [ -73.360562362993221, 11.262329880232244 ], [ -73.345643039236961, 11.264389216661584 ], [ -73.33834414717677, 11.269557497206051 ], [ -73.301339137960156, 11.276939276883581 ], [ -73.276696298089348, 11.285792126266301 ], [ -73.266120305243646, 11.291471315052661 ], [ -73.263690680264176, 11.295761326416994 ], [ -73.253782567398105, 11.302021707688994 ], [ -73.25112462822068, 11.308703477318488 ], [ -73.220447577893822, 11.325131017044839 ], [ -73.218011132000981, 11.329265589198428 ], [ -73.199073313789711, 11.341780052750607 ], [ -73.191271353989691, 11.352733123618805 ], [ -73.189143373641514, 11.36587970968236 ], [ -73.159635573216917, 11.385038259406144 ], [ -73.151524702307427, 11.393571441243637 ], [ -73.148708654124107, 11.40125274193349 ], [ -73.143106673801356, 11.40752517501295 ], [ -73.117943202316326, 11.413924382039625 ], [ -73.093935128700821, 11.426246144233403 ], [ -73.059187370199766, 11.460913948118844 ], [ -73.048364508439136, 11.474131882032395 ], [ -73.029215317371381, 11.491763483202533 ], [ -72.991770323757805, 11.51282010007418 ], [ -72.972851690881384, 11.517910928711444 ], [ -72.962910251390042, 11.522362938789968 ], [ -72.948012269825369, 11.533700599399026 ], [ -72.91087852384112, 11.553764871738281 ], [ -72.883777101774569, 11.563181368596872 ], [ -72.878062999936901, 11.568626236146144 ], [ -72.869865907759447, 11.584962115301096 ], [ -72.858445158310303, 11.598554406237952 ], [ -72.84350309368449, 11.612280654954986 ], [ -72.831990491424335, 11.631154858918705 ], [ -72.826541612894118, 11.635636492763922 ], [ -72.804380278446786, 11.647197698411276 ], [ -72.787314371116338, 11.66111035488484 ], [ -72.777361115176348, 11.674042749176294 ], [ -72.76913729001302, 11.67882825367991 ], [ -72.734218002563352, 11.692562834277851 ], [ -72.722966802174369, 11.700114318424198 ], [ -72.686529684976733, 11.704974776618258 ], [ -72.659295203445936, 11.717646362825406 ], [ -72.639469044135581, 11.717639505081024 ], [ -72.624594828418935, 11.721081807975565 ], [ -72.618000337375406, 11.724741391052589 ], [ -72.60954248562274, 11.734577468856912 ], [ -72.592462951736877, 11.746791616387156 ], [ -72.583644442279876, 11.747450470985996 ], [ -72.571886427275047, 11.743091899246224 ], [ -72.561446116976299, 11.745068458551088 ], [ -72.554510831791788, 11.74982275825181 ], [ -72.546343148683547, 11.752822670160754 ], [ -72.546951322090251, 11.754697868878111 ], [ -72.53214911807919, 11.769329434171766 ], [ -72.514799623167278, 11.776910147724152 ], [ -72.49783679759787, 11.775437476321542 ], [ -72.485748484376245, 11.778344433185737 ], [ -72.459130203603991, 11.777672107440196 ], [ -72.44446956431301, 11.779799412254761 ], [ -72.439642695950852, 11.785658636143864 ], [ -72.411201398739308, 11.792997025362013 ], [ -72.384600030562353, 11.813224430090202 ], [ -72.38087447156505, 11.818304061218555 ], [ -72.344391945391976, 11.831422944114934 ], [ -72.33867073068825, 11.838762867656783 ], [ -72.326134774027366, 11.842492316362382 ], [ -72.322882564679958, 11.847113873704416 ], [ -72.317751855303868, 11.850210257565266 ], [ -72.297229942166609, 11.856841577768193 ], [ -72.276230772603242, 11.873570577971066 ], [ -72.24876724295035, 11.890977583971562 ], [ -72.245736766737821, 11.891605745807624 ], [ -72.251865711802566, 11.880930331838613 ], [ -72.249881340741752, 11.878443591927805 ], [ -72.244455717816095, 11.878242640435246 ], [ -72.237296910949567, 11.885727992354362 ], [ -72.229811561725398, 11.88801378526415 ], [ -72.22572423290859, 11.893374106904787 ], [ -72.225506932064775, 11.899994789249661 ], [ -72.234207321052622, 11.892660729016313 ], [ -72.238840866421697, 11.892096466194005 ], [ -72.241821754692694, 11.893932989712596 ], [ -72.246691938055733, 11.892342882357639 ], [ -72.241754556164324, 11.895138748973693 ], [ -72.234568584221961, 11.904495979434216 ], [ -72.224765205120036, 11.913537930623136 ], [ -72.220993759243129, 11.921967171909557 ], [ -72.214717931427458, 11.930384515000526 ], [ -72.208025697314895, 11.94665407957001 ], [ -72.206003155010592, 11.957837546034341 ], [ -72.199340664140777, 11.977468099730629 ], [ -72.183548648848443, 11.999030827836634 ], [ -72.178437548812326, 12.018995590119346 ], [ -72.163289374563476, 12.045356188946982 ], [ -72.160368988773371, 12.055599051185595 ], [ -72.140053273294143, 12.099049529804518 ], [ -72.138649373371265, 12.108034314858116 ], [ -72.141842492390538, 12.120021174067347 ], [ -72.141083496218982, 12.139118455945038 ], [ -72.143835819661888, 12.148586449666652 ], [ -72.141959565423235, 12.159624056561995 ], [ -72.144323224363916, 12.161533152335323 ], [ -72.143320745928747, 12.174438740877292 ], [ -72.145825047019059, 12.17949220226393 ], [ -72.148253008317283, 12.199486220902088 ], [ -72.151024205379372, 12.20426165887659 ], [ -72.154076351668778, 12.205756491734917 ], [ -72.168517629379096, 12.206595649134727 ], [ -72.174242103173299, 12.204952490830067 ], [ -72.176733965281926, 12.207086520438224 ], [ -72.180602594576953, 12.207461020293749 ], [ -72.17723808135645, 12.214431332615732 ], [ -72.178703065869058, 12.216813334270796 ], [ -72.174501832380031, 12.219595363227199 ], [ -72.173636165675077, 12.218501891669462 ], [ -72.165002288003848, 12.221007766609375 ], [ -72.165142769354873, 12.225863850004487 ], [ -72.158855301160543, 12.228111544434398 ], [ -72.156637980591199, 12.232120940745006 ], [ -72.143962766984089, 12.233930444714929 ], [ -72.143151817604974, 12.239441133674177 ], [ -72.128834715911978, 12.238894877596067 ], [ -72.112540686604518, 12.234300679366129 ], [ -72.101221250132141, 12.23296218672948 ], [ -72.085045894656503, 12.233244790654908 ], [ -72.083679053861886, 12.230905972846585 ], [ -72.07963928009741, 12.233670028296444 ], [ -72.053213690802124, 12.237102316764208 ], [ -72.04928535762906, 12.239505329132214 ], [ -72.030930377618404, 12.24310409441938 ], [ -72.020510160851927, 12.241670930056159 ], [ -72.010780875752005, 12.242751924902961 ], [ -71.985933891773584, 12.25029196360515 ], [ -71.984705535373507, 12.252140130197461 ], [ -71.971446233109873, 12.256602578707884 ], [ -71.966616729088571, 12.254203014076666 ], [ -71.96470416042564, 12.256746195181734 ], [ -71.961214021305807, 12.257721699882381 ], [ -71.962384626766891, 12.252540689301838 ], [ -71.959566501676932, 12.251164141304514 ], [ -71.958937843970489, 12.254567569574135 ], [ -71.956824250153034, 12.248627828723556 ], [ -71.958840293141066, 12.240953859190597 ], [ -71.962445452641532, 12.237927264601524 ], [ -71.964255397684667, 12.228179394241863 ], [ -71.967379307744352, 12.22657908740706 ], [ -71.969907786111435, 12.219485237770471 ], [ -71.979920911219551, 12.216498010981752 ], [ -71.988587658273218, 12.210108015287346 ], [ -71.987890467140744, 12.198371264320542 ], [ -71.990783429139981, 12.196514311299495 ], [ -71.992465902244419, 12.197156941413027 ], [ -71.992869703371241, 12.199618762037971 ], [ -71.995741721132958, 12.200180575152615 ], [ -71.994325884387024, 12.198582052373354 ], [ -71.997659951881644, 12.193740801073716 ], [ -71.996015754225368, 12.19090912668355 ], [ -71.998682628952054, 12.190063813124198 ], [ -72.000851241929581, 12.18631956735743 ], [ -71.992430925412634, 12.185726589864146 ], [ -71.992278445254783, 12.184523684552971 ], [ -71.987941219299785, 12.183473262992891 ], [ -71.989754044344011, 12.181389362112554 ], [ -71.988754448604936, 12.180406710409841 ], [ -71.986636663245008, 12.182388956953332 ], [ -71.982434975208093, 12.181118287174684 ], [ -71.983332916610323, 12.177645117244083 ], [ -71.981147362291381, 12.177035193019492 ], [ -71.978877094977065, 12.172291353310243 ], [ -71.982488515740044, 12.166186855017088 ], [ -71.981174091684011, 12.165765349878541 ], [ -71.981479508344194, 12.163944041137995 ], [ -71.986051423845765, 12.153890586133059 ], [ -71.986514257808551, 12.147562364935084 ], [ -71.978971351681651, 12.149562596663202 ], [ -71.978154978270538, 12.152311059143926 ], [ -71.975529954289641, 12.152367658441847 ], [ -71.975206017048492, 12.150963930097305 ], [ -71.975057545176639, 12.153204496389776 ], [ -71.97585389063255, 12.153609421309909 ], [ -71.974193712832914, 12.155688015837654 ], [ -71.975610938375382, 12.155242601120449 ], [ -71.973019440445967, 12.156619335967491 ], [ -71.96582535671007, 12.146915922368407 ], [ -71.968538634848073, 12.156307555636772 ], [ -71.967172340229524, 12.15479750261045 ], [ -71.967460446340397, 12.15663599433941 ], [ -71.965613179860782, 12.157425038282838 ], [ -71.965593055785746, 12.159488215911438 ], [ -71.968591703764048, 12.157051819425931 ], [ -71.970404279076433, 12.162355718736933 ], [ -71.964652365321683, 12.164553554832196 ], [ -71.965504453082019, 12.165582906390512 ], [ -71.96771023388402, 12.164277541851334 ], [ -71.967878681608738, 12.165595585222547 ], [ -71.963854916733737, 12.166576893942818 ], [ -71.965715213287012, 12.167087062870621 ], [ -71.963349389404755, 12.171375818389151 ], [ -71.96479416629893, 12.173322832979125 ], [ -71.961209209027004, 12.173430979445754 ], [ -71.965496824582544, 12.176416562316206 ], [ -71.963074575675705, 12.179420660377673 ], [ -71.960839401974226, 12.179749258980564 ], [ -71.960900183831427, 12.174516161343433 ], [ -71.959616789406653, 12.175170100357093 ], [ -71.959604878634764, 12.173270289577999 ], [ -71.963500016336695, 12.166115870086799 ], [ -71.960756070588786, 12.167964599923209 ], [ -71.959133270819621, 12.165948458120397 ], [ -71.961729448975404, 12.165509079188382 ], [ -71.963461848686507, 12.162665749148118 ], [ -71.961917795297893, 12.159272961431498 ], [ -71.965118949753787, 12.154229863916555 ], [ -71.963290449993679, 12.153724921391301 ], [ -71.963150178848593, 12.149461653792571 ], [ -71.959595130109562, 12.14981194582856 ], [ -71.953364436384732, 12.154908035004382 ], [ -71.946890820945498, 12.157131295239083 ], [ -71.946704029608043, 12.155868069805138 ], [ -71.950002999896526, 12.155215258178032 ], [ -71.947152380920272, 12.151507750840722 ], [ -71.941588836844176, 12.154359140572126 ], [ -71.939775780034438, 12.153791317723517 ], [ -71.942213712640296, 12.152055243900008 ], [ -71.938610015598272, 12.153100338446166 ], [ -71.939622955821562, 12.154260324913821 ], [ -71.938619069725235, 12.156017293567459 ], [ -71.941175530635746, 12.155887392582315 ], [ -71.944585387254676, 12.160640001652325 ], [ -71.937694325268524, 12.155965841620286 ], [ -71.935316781057452, 12.156738953929448 ], [ -71.935446381106772, 12.152374440727669 ], [ -71.929963690860575, 12.151122094798779 ], [ -71.926867614223852, 12.153951784808896 ], [ -71.927216806721049, 12.158318349764443 ], [ -71.929546689878464, 12.158743281080206 ], [ -71.924830043092868, 12.159785617796274 ], [ -71.925219151363194, 12.163791263637563 ], [ -71.923738516389278, 12.162541513841973 ], [ -71.920044188245981, 12.164306372405008 ], [ -71.921586364154166, 12.164989779776761 ], [ -71.921316406721417, 12.166853703729998 ], [ -71.917792246578017, 12.166351291760918 ], [ -71.9230038582931, 12.17617860110272 ], [ -71.921549127159324, 12.180754454821624 ], [ -71.924919763301659, 12.183875828036946 ], [ -71.914635522831475, 12.182102869358516 ], [ -71.909981567722923, 12.185240040358963 ], [ -71.909353730178964, 12.188084522040356 ], [ -71.900779801626015, 12.189611899989018 ], [ -71.899766843436396, 12.194045049923091 ], [ -71.895092657353189, 12.195533314294835 ], [ -71.888759064225496, 12.192441923274373 ], [ -71.890524594728959, 12.194272844894385 ], [ -71.890132255215917, 12.197150007311848 ], [ -71.887582042991539, 12.197738516581353 ], [ -71.887516652773286, 12.195972986976187 ], [ -71.886078071564555, 12.195842207437977 ], [ -71.888889843763707, 12.193291994315246 ], [ -71.883920199751458, 12.191330294953616 ], [ -71.878989970252064, 12.194203340388867 ], [ -71.872632528631186, 12.190473526068615 ], [ -71.868549856684467, 12.19090675602763 ], [ -71.862145312762493, 12.196234547849315 ], [ -71.865022475179956, 12.198457808084015 ], [ -71.867180346992996, 12.206043056335545 ], [ -71.866134106195602, 12.20525837281798 ], [ -71.866591835926897, 12.207939366377218 ], [ -71.86541481469294, 12.208135535235442 ], [ -71.863897472730571, 12.203017827186784 ], [ -71.861542575964165, 12.205036053981019 ], [ -71.860278691166286, 12.210111993030637 ], [ -71.863301738305495, 12.215790738947135 ], [ -71.861544121067709, 12.217268096864302 ], [ -71.871558237018348, 12.224952917156259 ], [ -71.871283702665608, 12.227217817032511 ], [ -71.869053117562203, 12.227766884839752 ], [ -71.868847218145106, 12.228590485203085 ], [ -71.873459894735163, 12.228140311207653 ], [ -71.879850787847261, 12.235934735034789 ], [ -71.877852040137157, 12.235934735034789 ], [ -71.875317914955701, 12.239354562961296 ], [ -71.876674206825555, 12.243572804267103 ], [ -71.873069324006394, 12.243537113274101 ], [ -71.873033632115096, 12.242073742137052 ], [ -71.86926779981485, 12.242623451341899 ], [ -71.870263052196094, 12.247576572627963 ], [ -71.880750371371107, 12.253253018855503 ], [ -71.882853273431522, 12.252954795011533 ], [ -71.884850397884634, 12.247208748158585 ], [ -71.890266899309609, 12.251447477357431 ], [ -71.88911202515834, 12.257366503939352 ], [ -71.891706645634144, 12.262682273597989 ], [ -71.886277884890774, 12.267312388298194 ], [ -71.887706871186253, 12.271316340813826 ], [ -71.890390318046514, 12.271792889367021 ], [ -71.891207048089086, 12.275276619900467 ], [ -71.898922921368523, 12.277871870994147 ], [ -71.903948554722092, 12.275685000642284 ], [ -71.907573965858489, 12.277088585256308 ], [ -71.913864797347912, 12.275520034790361 ], [ -71.911679186435094, 12.272889938019034 ], [ -71.913192677316715, 12.271868445827465 ], [ -71.917706918236149, 12.275408367823331 ], [ -71.932775106428323, 12.273304827060258 ], [ -71.939932712246389, 12.275829773248859 ], [ -71.944987063864176, 12.270822576034561 ], [ -71.942810276211048, 12.262046284734595 ], [ -71.944060748252753, 12.259358498109748 ], [ -71.945493112216468, 12.265839743845106 ], [ -71.950578985742652, 12.26585901990984 ], [ -71.952238654197117, 12.271367896965728 ], [ -71.956131225410161, 12.27162752915433 ], [ -71.955724491281615, 12.272877987721301 ], [ -71.941517268008454, 12.280988342099079 ], [ -71.928028740654497, 12.297625246945586 ], [ -71.899412358959637, 12.315142460149616 ], [ -71.898245263219167, 12.319482408002102 ], [ -71.887038002160693, 12.327513091632113 ], [ -71.857485097289725, 12.357886909104934 ], [ -71.855450657688266, 12.35581678030718 ], [ -71.852345461347511, 12.356030928960081 ], [ -71.849989794724308, 12.352533122713226 ], [ -71.840924048941133, 12.351462364177223 ], [ -71.840245902107881, 12.354317718177128 ], [ -71.836426867042576, 12.357173070380384 ], [ -71.825647908679798, 12.362633933344398 ], [ -71.824590618595607, 12.370088811689811 ], [ -71.822697288268103, 12.37199635157981 ], [ -71.81294158818622, 12.372556288112321 ], [ -71.80833733061371, 12.370700306170818 ], [ -71.806802578388954, 12.366167432380905 ], [ -71.813441273766273, 12.362027172988746 ], [ -71.814226497171774, 12.359314584757442 ], [ -71.825591683979667, 12.354635562140857 ], [ -71.832676106688211, 12.345911328253123 ], [ -71.837819643118451, 12.345621553071112 ], [ -71.839754180997488, 12.339488130799396 ], [ -71.835382754355749, 12.327654876439681 ], [ -71.826802442369342, 12.315994961135289 ], [ -71.817857745565505, 12.308896560629876 ], [ -71.80423959211106, 12.30537612041303 ], [ -71.799106887575135, 12.307862827984422 ], [ -71.800032304870513, 12.309557084299797 ], [ -71.797271935211199, 12.313624226159504 ], [ -71.799446945096918, 12.317909960641373 ], [ -71.793752666398404, 12.328605400768936 ], [ -71.788484409571367, 12.328885441798775 ], [ -71.78627909409704, 12.330968240445429 ], [ -71.773747294842678, 12.328937946572353 ], [ -71.761022970299791, 12.330425661174729 ], [ -71.752932774133058, 12.335574775249029 ], [ -71.743339538093039, 12.345454616313873 ], [ -71.737406790632576, 12.358845901859183 ], [ -71.738370472596273, 12.37190914306251 ], [ -71.744509482393539, 12.378333687990278 ], [ -71.756537656952219, 12.37997551588893 ], [ -71.761248990198681, 12.37826230690257 ], [ -71.761891444242281, 12.380974889743982 ], [ -71.752397394865056, 12.383473325729085 ], [ -71.734480053748314, 12.39375259671516 ], [ -71.729947180856755, 12.399713147055877 ], [ -71.727912742153649, 12.409849651374998 ], [ -71.719132530602678, 12.412705000883307 ], [ -71.717847621617182, 12.411884090078104 ], [ -71.715991642370625, 12.410063799129603 ], [ -71.714671042392069, 12.408350590143243 ], [ -71.717422346246337, 12.41050974834485 ], [ -71.717032189641202, 12.406622127751234 ], [ -71.715471567712314, 12.408266356848571 ], [ -71.71611950507679, 12.402848303133567 ], [ -71.711307588286161, 12.40037731788874 ], [ -71.714465989188625, 12.397070288807413 ], [ -71.71188353191144, 12.396104186780406 ], [ -71.712292265691417, 12.393893306238454 ], [ -71.717717284948719, 12.390344749629151 ], [ -71.721098631712721, 12.390716328161091 ], [ -71.722194782947099, 12.38857976170857 ], [ -71.72572476058491, 12.387112032840605 ], [ -71.722176203975607, 12.37039108514233 ], [ -71.720411215156673, 12.370502558073099 ], [ -71.72087568585124, 12.373828172414164 ], [ -71.718516174435536, 12.376912254735657 ], [ -71.711344745330848, 12.373233648020744 ], [ -71.711214694326884, 12.371487237275005 ], [ -71.713741414689594, 12.373456593882224 ], [ -71.714094411555038, 12.371710183136543 ], [ -71.710007070161794, 12.368979094087251 ], [ -71.70614267283338, 12.374627058307681 ], [ -71.71062017083176, 12.37375385293484 ], [ -71.702876244940285, 12.376673235305987 ], [ -71.698519348559842, 12.373118007802077 ], [ -71.696218906811055, 12.36879596518412 ], [ -71.693513337122681, 12.368317361283914 ], [ -71.700590443047361, 12.363400383742146 ], [ -71.701032015667067, 12.361920516828377 ], [ -71.698680936743642, 12.362362093041327 ], [ -71.699920126834684, 12.360657457582874 ], [ -71.692186628595323, 12.364842457603459 ], [ -71.691581952332797, 12.367643069124654 ], [ -71.685378502735603, 12.372708708082996 ], [ -71.690001403958377, 12.377616992620858 ], [ -71.700171302276487, 12.381583617411707 ], [ -71.689654941443507, 12.388761272744546 ], [ -71.690001321313275, 12.390396091981813 ], [ -71.695725426797935, 12.392323536757715 ], [ -71.689419780281014, 12.392850807825482 ], [ -71.686256595845805, 12.390870473796781 ], [ -71.67456230198809, 12.389264630640412 ], [ -71.664986457345833, 12.396329633553648 ], [ -71.657901635785038, 12.397722617140516 ], [ -71.65188629894817, 12.40352064055719 ], [ -71.649143445552511, 12.402887013366637 ], [ -71.649800437942247, 12.405854363117214 ], [ -71.646526736384544, 12.407157374966744 ], [ -71.648003672093182, 12.408367096699749 ], [ -71.644438437349038, 12.408175415828282 ], [ -71.644553444254939, 12.404610181982434 ], [ -71.63899474479706, 12.406756988339055 ], [ -71.638228027599439, 12.405875263337236 ], [ -71.641448239829288, 12.404073477698375 ], [ -71.640221492313174, 12.402233357322473 ], [ -71.635474841773203, 12.402943461747441 ], [ -71.627458366807332, 12.407695090754657 ], [ -71.629137408344604, 12.410597343138022 ], [ -71.62856739090995, 12.413005736418825 ], [ -71.631710931869179, 12.415612572195641 ], [ -71.634739464125914, 12.415650906932626 ], [ -71.638029630917572, 12.413018614677014 ], [ -71.65666719598903, 12.411664910855563 ], [ -71.657050934126289, 12.408520438342634 ], [ -71.663146336071634, 12.408980467762888 ], [ -71.662093872639332, 12.407354467293828 ], [ -71.659286815700852, 12.407259441630686 ], [ -71.658615354135236, 12.405433511952651 ], [ -71.665687404337461, 12.405860201272901 ], [ -71.671120194926459, 12.403460106635237 ], [ -71.670583493337347, 12.402041677349359 ], [ -71.677177260338226, 12.405261892274154 ], [ -71.677095792060186, 12.407924358964181 ], [ -71.669126730212781, 12.411510635862328 ], [ -71.664836636203347, 12.418199522849534 ], [ -71.661344551331069, 12.416954326617713 ], [ -71.660751116594952, 12.419852568918373 ], [ -71.648839644962777, 12.424276969254663 ], [ -71.65802995842904, 12.425198836405229 ], [ -71.656921202922831, 12.427511171857873 ], [ -71.647446187065043, 12.429811594742034 ], [ -71.647949639284093, 12.432119054135455 ], [ -71.651770326352562, 12.433277529635575 ], [ -71.659357065808649, 12.43374202099136 ], [ -71.664223662195923, 12.431335966027063 ], [ -71.668047268791383, 12.425684321405924 ], [ -71.673959307373138, 12.426768525037517 ], [ -71.670266996847602, 12.43053140636971 ], [ -71.670307034791676, 12.432200045407683 ], [ -71.671803090258095, 12.432100998882163 ], [ -71.677479849997951, 12.42587023868191 ], [ -71.683344419765604, 12.422350612339415 ], [ -71.700104576262333, 12.417664090580899 ], [ -71.702248835893045, 12.420490846690939 ], [ -71.700072227004853, 12.423601577556553 ], [ -71.683728584603045, 12.436591314951556 ], [ -71.683389416414059, 12.441018492880858 ], [ -71.684887796722251, 12.44294313221593 ], [ -71.691924849431473, 12.436650046851639 ], [ -71.701445103584717, 12.434030910433819 ], [ -71.702286601097683, 12.430662650337297 ], [ -71.705042911267014, 12.429445938807532 ], [ -71.706342629890173, 12.422399617273811 ], [ -71.711860514360581, 12.417499819127215 ], [ -71.726716464617937, 12.411983980122329 ], [ -71.730926374042895, 12.408685476958169 ], [ -71.735351728390754, 12.408994485984067 ], [ -71.734524162860566, 12.412513251739824 ], [ -71.736333217672552, 12.413676098445649 ], [ -71.729719766771495, 12.423805862699794 ], [ -71.730470892796575, 12.426864087893591 ], [ -71.719715561941257, 12.437257391112723 ], [ -71.69310749861512, 12.445722934246987 ], [ -71.68930145409746, 12.447741151159732 ], [ -71.684852898043971, 12.453277540041427 ], [ -71.67649250189919, 12.455442803198594 ], [ -71.670738595679609, 12.459383328316392 ], [ -71.663116452691611, 12.45930860369657 ], [ -71.648002603097154, 12.45504770675376 ], [ -71.624409636813652, 12.440300202102208 ], [ -71.620563948712629, 12.439652351874372 ], [ -71.618315906634393, 12.440939441971182 ], [ -71.610716384141597, 12.436981875798892 ], [ -71.604626066664821, 12.437344536747844 ], [ -71.602225077304468, 12.439115626030741 ], [ -71.595931074759505, 12.437456805586578 ], [ -71.590515949554685, 12.438409002580272 ], [ -71.581985889365285, 12.43554962232804 ], [ -71.576665092730309, 12.435937444209912 ], [ -71.57386971120485, 12.440363466904842 ], [ -71.575345050606018, 12.442925903413368 ], [ -71.574180309351789, 12.444168295102656 ], [ -71.572044946642677, 12.441761160362489 ], [ -71.556797812106709, 12.434903131252327 ], [ -71.552281684723653, 12.435722699075143 ], [ -71.551897287222459, 12.439607636398875 ], [ -71.546190603678326, 12.438669436066789 ], [ -71.542720447597901, 12.440418003669208 ], [ -71.530566736073183, 12.43504379136823 ], [ -71.527167412209337, 12.435646228129031 ], [ -71.52605305210966, 12.437342918880745 ], [ -71.510491779163431, 12.42855362176175 ], [ -71.47783596955577, 12.417992372976528 ], [ -71.468078065006409, 12.408676742631712 ], [ -71.460374463621861, 12.407352483812076 ], [ -71.45693623369209, 12.404642115319632 ], [ -71.451096366716115, 12.393031091761884 ], [ -71.436617789128888, 12.380660320142056 ], [ -71.433395459568203, 12.380280028843231 ], [ -71.427711872626787, 12.386442693995718 ], [ -71.415218112563423, 12.381046293289558 ], [ -71.40258227484145, 12.383999925754836 ], [ -71.398827434335828, 12.382515511565487 ], [ -71.398060462016474, 12.380078868043086 ], [ -71.38844786906327, 12.377393714382379 ], [ -71.383689358057154, 12.378389593788199 ], [ -71.356898002334447, 12.367750665821859 ], [ -71.352710460977903, 12.36831406356589 ], [ -71.337426525130297, 12.355880689202365 ], [ -71.322717261790899, 12.347762832089359 ], [ -71.318339537953989, 12.347717087143678 ], [ -71.313348449342186, 12.350663362400894 ], [ -71.313937494906327, 12.356409958124914 ], [ -71.301723622260795, 12.353368612288818 ], [ -71.287193991578647, 12.343980133007904 ], [ -71.282522635190787, 12.343240682395901 ], [ -71.268203185299797, 12.333494401157282 ], [ -71.258732856854863, 12.325515188339068 ], [ -71.257189740409899, 12.319784555690376 ], [ -71.245790596358802, 12.315670183968678 ], [ -71.234076762331483, 12.302310265821461 ], [ -71.228327221029303, 12.300578405998351 ], [ -71.222821365010134, 12.292434683672752 ], [ -71.225712296815232, 12.287706554612043 ], [ -71.223763976972123, 12.279747208950482 ], [ -71.225070441050093, 12.273853831087024 ], [ -71.219620757628718, 12.260323782669218 ], [ -71.200462926557691, 12.230650814271598 ], [ -71.191292170329064, 12.21148654137653 ], [ -71.175160865575151, 12.186216112795307 ], [ -71.172954658971321, 12.185021081223852 ], [ -71.163118652134017, 12.162867086018252 ], [ -71.154937301147811, 12.148802515325883 ], [ -71.124042392122988, 12.103566823201675 ], [ -71.115139190331831, 12.086038148383807 ], [ -71.116836924926758, 12.06805196392213 ], [ -71.112958395291059, 12.049255985315654 ], [ -71.116140783925687, 12.034736334025979 ], [ -71.118789108426995, 12.033561421139666 ], [ -71.12150324086349, 12.024524734980787 ], [ -71.136130168151624, 12.00271354075403 ], [ -71.143787783841788, 11.998138858439177 ], [ -71.15234045644155, 11.999232803409484 ], [ -71.156701749180456, 11.993879849756638 ], [ -71.159023005809331, 11.995334457821116 ], [ -71.162358942699541, 11.994061703051045 ], [ -71.167285004911037, 11.987376332072699 ], [ -71.174937996070469, 11.989399537334236 ], [ -71.180391086804434, 11.980127317211782 ], [ -71.184646978330477, 11.982016589845898 ], [ -71.190639820436388, 11.981306721678038 ], [ -71.214721513743029, 11.964792655256304 ], [ -71.219008805006524, 11.964230358847658 ], [ -71.229432854887364, 11.952331932560469 ], [ -71.236442578128901, 11.951969807906096 ], [ -71.242728047570154, 11.944235832660979 ], [ -71.254186746378707, 11.936036269216174 ], [ -71.266343828385061, 11.921680567783028 ], [ -71.267869929826759, 11.914075922194058 ], [ -71.273586344828118, 11.91221356041234 ], [ -71.282199766945666, 11.906109152849126 ], [ -71.289106023946943, 11.910040806198083 ], [ -71.288417066778948, 11.913430527063895 ], [ -71.290114804068821, 11.916274543417558 ], [ -71.295210433306806, 11.918499031650242 ], [ -71.301547634969836, 11.918240368744534 ], [ -71.303642790851427, 11.92318080131713 ], [ -71.310937042211151, 11.928871351105897 ], [ -71.314868693763515, 11.926905523982271 ], [ -71.312877002325592, 11.921370173553839 ], [ -71.303927319867967, 11.922456549313495 ], [ -71.305505154429738, 11.918550762973723 ], [ -71.310829771602641, 11.919258715931846 ], [ -71.311965188229408, 11.914998958952083 ], [ -71.327043522900794, 11.921154156403645 ], [ -71.326396861145042, 11.913326132863176 ], [ -71.330310871567747, 11.911454213897571 ], [ -71.327724221849792, 11.910943691033253 ], [ -71.327383872375265, 11.90900370307105 ], [ -71.332421033818093, 11.907097748708793 ], [ -71.330694827995842, 11.903557056856073 ], [ -71.326291565035092, 11.901585161607841 ], [ -71.321443587145268, 11.903352848069687 ], [ -71.315445918387411, 11.902468295169115 ], [ -71.313101921787393, 11.906580425592381 ], [ -71.306153056759911, 11.909024358949125 ], [ -71.305578123740133, 11.9127573919356 ], [ -71.303199136833541, 11.914194367853611 ], [ -71.302065331785741, 11.913254864963335 ], [ -71.300429024038863, 11.9165901487778 ], [ -71.295212817437459, 11.917274780554294 ], [ -71.290056796211445, 11.914025497920363 ], [ -71.29880313136772, 11.905671961316557 ], [ -71.301317047134148, 11.898732499860955 ], [ -71.302024087403197, 11.888205476017049 ], [ -71.311791702748508, 11.880139993421778 ], [ -71.316040202032184, 11.872212289144727 ], [ -71.317188602020053, 11.864012714920136 ], [ -71.322195624062772, 11.859419117663606 ], [ -71.324124936437613, 11.833120769439802 ], [ -71.330693780559386, 11.846028778045081 ], [ -71.330877523910658, 11.844007593994547 ], [ -71.334529435369063, 11.84423727632776 ], [ -71.332644844757908, 11.845552736142167 ], [ -71.333217540072553, 11.85043189997026 ], [ -71.341304993680524, 11.849152424898193 ], [ -71.343096791842129, 11.848349449870227 ], [ -71.344819097176298, 11.844053530281542 ], [ -71.347368544035476, 11.843754946212812 ], [ -71.345714847585782, 11.842951066580667 ], [ -71.346610599791916, 11.840998786960597 ], [ -71.345278455554478, 11.839919291403191 ], [ -71.345668912197141, 11.841251434742333 ], [ -71.341350929967518, 11.841251434742333 ], [ -71.341304993680524, 11.843203716158996 ], [ -71.338158378683943, 11.841733765755578 ], [ -71.345232520165837, 11.837415780831009 ], [ -71.35421300498075, 11.837668431307691 ], [ -71.359564548277433, 11.835164917142208 ], [ -71.361654634961781, 11.840815045405975 ], [ -71.365214673846253, 11.840103036551113 ], [ -71.362159931423605, 11.833901680030181 ], [ -71.365099834027092, 11.832684373815198 ], [ -71.365674034021026, 11.830249766775182 ], [ -71.361976187174037, 11.828756849126535 ], [ -71.362412579205341, 11.827011281899559 ], [ -71.370037951639347, 11.828251550868117 ], [ -71.369211103863677, 11.832041270289153 ], [ -71.377089125876012, 11.831145520777966 ], [ -71.379285960348966, 11.832498558947236 ], [ -71.38217768357049, 11.829610060680182 ], [ -71.385692195800004, 11.830328081065716 ], [ -71.38493638685361, 11.829005414062067 ], [ -71.388186365682429, 11.828325189423936 ], [ -71.388602061411405, 11.817819438601191 ], [ -71.387430556736035, 11.815249688003803 ], [ -71.378409443783369, 11.812129723347994 ], [ -71.457135246618748, 11.786500263912728 ], [ -71.611006621058038, 11.746300807965781 ], [ -71.802190210819617, 11.680047961991875 ], [ -71.841443902613719, 11.674062730419053 ], [ -71.931318199573184, 11.652887384020062 ], [ -71.971363235898025, 11.646266878643473 ], [ -72.249416482873016, 11.140186009120896 ], [ -72.254649734122211, 11.140796880170569 ], [ -72.259115636657668, 11.138483549383807 ], [ -72.272133699752715, 11.138317251329227 ], [ -72.286625494263262, 11.143195150328438 ], [ -72.299128692932868, 11.144981125605682 ], [ -72.315398809966723, 11.144168348153528 ], [ -72.322210141916287, 11.146837667198042 ], [ -72.331440205865476, 11.144273935317869 ], [ -72.334756884657281, 11.145178350883498 ], [ -72.33308031259071, 11.147251526769139 ], [ -72.334130639827606, 11.148222815672796 ], [ -72.34472267390214, 11.151507052680586 ], [ -72.349313595973626, 11.15137283708367 ], [ -72.35800985540277, 11.146400066931733 ], [ -72.359968264232919, 11.142374225150149 ], [ -72.36582494498947, 11.13936473090439 ], [ -72.387594118688696, 11.133818292561614 ], [ -72.407900859092763, 11.126382908571713 ], [ -72.42329834118442, 11.125797847937349 ], [ -72.425025102165932, 11.122174455317008 ], [ -72.431065526273755, 11.121458630415816 ], [ -72.43789416877263, 11.115286981204974 ], [ -72.439349313131743, 11.115796909384073 ], [ -72.442463862738748, 11.123243621138727 ], [ -72.442308489105073, 11.127319087692797 ], [ -72.443588561557249, 11.127657618077421 ], [ -72.456161113815313, 11.119565523768983 ], [ -72.459827293226681, 11.114100877996293 ], [ -72.464578669807167, 11.11338377119813 ], [ -72.478173952136274, 11.102022519912623 ], [ -72.485601879205035, 11.098311005187611 ], [ -72.490545155846064, 11.089042117817485 ], [ -72.496929473284979, 11.086370499084012 ], [ -72.498183903306995, 11.084187028858196 ], [ -72.490420262074281, 11.078083462118741 ], [ -72.48557502764146, 11.062470389576958 ], [ -72.482024437244775, 11.060594917771539 ], [ -72.481870196387547, 11.058560844683086 ], [ -72.489717357652069, 11.052062960338787 ], [ -72.498519409959954, 11.041312387863286 ], [ -72.505043747913817, 11.037926110242779 ], [ -72.507483158249499, 11.034237735239628 ], [ -72.508764519785132, 11.022737016801841 ], [ -72.517599789123778, 11.019125428952066 ], [ -72.519271607302073, 11.013691447196038 ], [ -72.526055332204294, 11.011802876146703 ], [ -72.525201285216781, 11.007094876550923 ], [ -72.518454175674719, 11.001629527396858 ], [ -72.522799183741199, 10.996111466856462 ], [ -72.52659419693839, 10.996378971886543 ], [ -72.530120237257165, 10.993363553246809 ], [ -72.5360438641153, 10.985660247408248 ], [ -72.538362010774165, 10.979509178616979 ], [ -72.537147191996212, 10.974910039649046 ], [ -72.550148903943409, 10.952143977735147 ], [ -72.553774504624471, 10.940203575836222 ], [ -72.560965976057446, 10.933529061905062 ], [ -72.563358406262978, 10.927948684285468 ], [ -72.571939904026522, 10.922646064176433 ], [ -72.574513842573083, 10.916060711701505 ], [ -72.579524979801363, 10.911039050701277 ], [ -72.593673672397244, 10.905106369716179 ], [ -72.604211476033129, 10.897202548966618 ], [ -72.607591009995474, 10.888706921229527 ], [ -72.61240426527695, 10.882702107266255 ], [ -72.620405001746519, 10.887008736578252 ], [ -72.630943020978293, 10.884596086177908 ], [ -72.638531622643484, 10.884963368064405 ], [ -72.647976355370588, 10.880428129008465 ], [ -72.649538241230061, 10.877141247358395 ], [ -72.648487505259425, 10.872580912946717 ], [ -72.649806226859198, 10.866518763066438 ], [ -72.655258238715646, 10.857856043163395 ], [ -72.658805581700051, 10.857276093947064 ], [ -72.658074856431313, 10.851079193073531 ], [ -72.660427150776286, 10.842531657044674 ], [ -72.663376359035226, 10.837870460610816 ], [ -72.661870327769691, 10.831174596403287 ], [ -72.668838576659766, 10.822753718438832 ], [ -72.675547493398767, 10.820293708818951 ], [ -72.676310423296115, 10.817178496254769 ], [ -72.674455356738633, 10.813550577020123 ], [ -72.675396234052414, 10.806562547211684 ], [ -72.682614880442657, 10.796142782298205 ], [ -72.678203298177436, 10.783405288442736 ], [ -72.681189764990791, 10.778332718976458 ], [ -72.682767214174987, 10.7701400833447 ], [ -72.682482199169442, 10.766199508819511 ], [ -72.680095175029635, 10.765488775573374 ], [ -72.679944781659856, 10.76398990658123 ], [ -72.689359850196013, 10.757176255179786 ], [ -72.70420187296213, 10.758671542586001 ], [ -72.709516655371488, 10.755150372038258 ], [ -72.714062791898812, 10.74145277241513 ], [ -72.717718286739682, 10.739299243959863 ], [ -72.714140940899199, 10.733874108819862 ], [ -72.719343481419287, 10.721373680556781 ], [ -72.715933454120375, 10.706062013694293 ], [ -72.729704952810948, 10.696344872928421 ], [ -72.734167501932802, 10.677771992897192 ], [ -72.739413154434317, 10.670361157188609 ], [ -72.740198376043224, 10.66089090240564 ], [ -72.737723733754024, 10.656893406985432 ], [ -72.739413154434317, 10.652872117869322 ], [ -72.749359301101492, 10.652110695346266 ] ] ] } },
{ "type": "Feature", "properties": { "codigo_dane": "47", "nombre entidad": "MAGDALENA" }, "geometry": { "type": "Polygon", "coordinates": [ [ [ -73.643899929583654, 10.956580314894381 ], [ -73.63720201272406, 10.945903370194912 ], [ -73.636820885991369, 10.938669613231241 ], [ -73.639439598404067, 10.935498149915759 ], [ -73.640414058363149, 10.929242854010624 ], [ -73.635421680667889, 10.915617328076792 ], [ -73.63657320589715, 10.910039472030178 ], [ -73.633742191769215, 10.904451199111293 ], [ -73.633554342215518, 10.900510249090019 ], [ -73.624824031220044, 10.888068477268519 ], [ -73.615318976573519, 10.882255354058202 ], [ -73.611100624774849, 10.860331782296441 ], [ -73.608340955801964, 10.855994021843458 ], [ -73.607909070622043, 10.851886107217126 ], [ -73.605002041892533, 10.84981936866393 ], [ -73.599138960634491, 10.839696269016201 ], [ -73.598594933278321, 10.835955300306182 ], [ -73.620562564744944, 10.822576836425185 ], [ -73.630720793938224, 10.810829325429324 ], [ -73.635216811619273, 10.807864940121533 ], [ -73.638736181941738, 10.80214714440848 ], [ -73.633808286267254, 10.797730731898127 ], [ -73.638662119380797, 10.787793089588547 ], [ -73.630470020043617, 10.787395598233275 ], [ -73.627665948209255, 10.78869764079991 ], [ -73.618445282441996, 10.786398840274387 ], [ -73.612564864583476, 10.788653478687024 ], [ -73.607118901986951, 10.787397285270742 ], [ -73.604512536029404, 10.783801541020239 ], [ -73.600371569662514, 10.782449510761467 ], [ -73.588994322063968, 10.781709464565949 ], [ -73.58502142792571, 10.775528904060423 ], [ -73.573738322945644, 10.766506634975087 ], [ -73.568225136667934, 10.766151319556002 ], [ -73.562371526355491, 10.760026767256477 ], [ -73.548283115254833, 10.759498436175818 ], [ -73.541837907262448, 10.754371865341511 ], [ -73.544194331166068, 10.75062420687226 ], [ -73.550732909225133, 10.749975726026605 ], [ -73.552860798843426, 10.746179783072364 ], [ -73.557160179643631, 10.74419489098824 ], [ -73.55827146480766, 10.741887996635626 ], [ -73.562315658286821, 10.74085248801947 ], [ -73.558248357425157, 10.731980114636826 ], [ -73.560736084585244, 10.72826386309157 ], [ -73.564742200245803, 10.725961735203612 ], [ -73.562287323603528, 10.718187069836972 ], [ -73.563131527742655, 10.715958865270977 ], [ -73.568697351744731, 10.714200152087642 ], [ -73.569594439746709, 10.712222681890296 ], [ -73.575344249645411, 10.712086876274043 ], [ -73.579437994235093, 10.713109298222719 ], [ -73.582913921995839, 10.716716506782006 ], [ -73.5860527827287, 10.714307163981118 ], [ -73.585514246778303, 10.709095102209744 ], [ -73.593785469788713, 10.705264795973562 ], [ -73.594616955569848, 10.695244967631481 ], [ -73.597358103063414, 10.691067021188132 ], [ -73.596686088135186, 10.685801986620561 ], [ -73.603131931236987, 10.675204667753007 ], [ -73.611659024288656, 10.672737199415337 ], [ -73.613070147570511, 10.66576018565604 ], [ -73.612391978279334, 10.654142713087708 ], [ -73.616881440050236, 10.644687932696172 ], [ -73.614623315273207, 10.642854785049053 ], [ -73.598500054040755, 10.639577566584194 ], [ -73.595359312234166, 10.630943145431786 ], [ -73.60053957361913, 10.619352493884321 ], [ -73.599312470369853, 10.615487676144028 ], [ -73.601200744076607, 10.613959713391637 ], [ -73.59889781489079, 10.610045420897677 ], [ -73.599288134091125, 10.607809567170932 ], [ -73.594292483830657, 10.601989563758366 ], [ -73.59702095967873, 10.588754440568209 ], [ -73.595944219256523, 10.585117931635921 ], [ -73.600173302338135, 10.574725905822163 ], [ -73.603805293639198, 10.573221225623854 ], [ -73.606374970574677, 10.569235215173705 ], [ -73.612160932302459, 10.567083949576499 ], [ -73.613429517089685, 10.564226379431034 ], [ -73.597835299302403, 10.562299134081286 ], [ -73.594255203716671, 10.558604393610949 ], [ -73.595812035650397, 10.553798606928694 ], [ -73.593267746023344, 10.553137703271034 ], [ -73.593416419118, 10.551351048866877 ], [ -73.590457162296275, 10.549091741906011 ], [ -73.584438266331404, 10.547673814778761 ], [ -73.58319367915783, 10.545860102198333 ], [ -73.578539939645054, 10.546156419815816 ], [ -73.577770042408872, 10.544171784650075 ], [ -73.570474128266142, 10.541776798735498 ], [ -73.569960823317217, 10.539131264403693 ], [ -73.571669142769565, 10.537723725402714 ], [ -73.568782438439598, 10.536465143364182 ], [ -73.565278939564223, 10.530498733308207 ], [ -73.566696107614462, 10.518239558586743 ], [ -73.564688925615428, 10.51239577225806 ], [ -73.560797746792105, 10.50996133679638 ], [ -73.561949386107472, 10.505677444760636 ], [ -73.566590400974064, 10.500941856982195 ], [ -73.570680284601622, 10.500709685415359 ], [ -73.572444372409564, 10.499091388904333 ], [ -73.580190901620824, 10.499397849407728 ], [ -73.584433558257217, 10.501863887626257 ], [ -73.590012521029109, 10.498648641287275 ], [ -73.592355964266517, 10.493839116712138 ], [ -73.600085436253551, 10.497651502442466 ], [ -73.601470423929698, 10.50062049790796 ], [ -73.603961648233962, 10.499254456614551 ], [ -73.607274641235222, 10.500710351965836 ], [ -73.610412141019367, 10.498836295008118 ], [ -73.615398235892542, 10.500933422693265 ], [ -73.61925124526897, 10.498193335212591 ], [ -73.624150297813287, 10.497865413939962 ], [ -73.623979278209845, 10.495093155068332 ], [ -73.629456012620949, 10.494608239599984 ], [ -73.633797187573066, 10.496325184682576 ], [ -73.637636190406454, 10.501154489277724 ], [ -73.639835950694589, 10.500767711239064 ], [ -73.648054447945754, 10.491278363647837 ], [ -73.645472612303195, 10.490068420929106 ], [ -73.647501022407596, 10.488810109283691 ], [ -73.647585007767077, 10.486109362653906 ], [ -73.646029118166837, 10.486683174575319 ], [ -73.644804976665455, 10.483161462343048 ], [ -73.647374328410535, 10.482469868617613 ], [ -73.647714129912288, 10.479784364613693 ], [ -73.650210620144946, 10.480989212084069 ], [ -73.649856590216075, 10.479434750806263 ], [ -73.651722829129653, 10.479318096388852 ], [ -73.653216037832635, 10.476852575600276 ], [ -73.650147493682994, 10.47580585779707 ], [ -73.651914483051598, 10.474884771283143 ], [ -73.650853166715081, 10.473324397289446 ], [ -73.649370764753598, 10.47522393228553 ], [ -73.646664276087904, 10.473562033312476 ], [ -73.647106473935537, 10.471115614315352 ], [ -73.643919310751357, 10.468626181253228 ], [ -73.651669700924799, 10.465801399641748 ], [ -73.651026073680441, 10.462292764195467 ], [ -73.652263274899894, 10.46045499740751 ], [ -73.654818364081848, 10.460100277571939 ], [ -73.661623051187917, 10.454824282650861 ], [ -73.664777993573864, 10.456814302322698 ], [ -73.667417587341902, 10.456408302118291 ], [ -73.670075719657291, 10.459419239957811 ], [ -73.682657893778014, 10.461204990656142 ], [ -73.685517593830753, 10.464455595611184 ], [ -73.689014118180694, 10.463821106935541 ], [ -73.69101552760111, 10.465367231840844 ], [ -73.696638806097894, 10.462752383983627 ], [ -73.703319997211906, 10.46359868299561 ], [ -73.704209618411312, 10.460179498263358 ], [ -73.699166841595229, 10.451350693206678 ], [ -73.704012146096602, 10.446951549024789 ], [ -73.70459492231339, 10.443039758340888 ], [ -73.702687803733625, 10.441400676594242 ], [ -73.70149042665912, 10.44210457904552 ], [ -73.699436763993617, 10.439374071206657 ], [ -73.700421562671579, 10.436567305322569 ], [ -73.703312772056279, 10.435931933602262 ], [ -73.704173961554318, 10.430109517312928 ], [ -73.704625747128659, 10.431736913765008 ], [ -73.706813540949383, 10.43188916934389 ], [ -73.710647790792791, 10.42951816038169 ], [ -73.712930915704078, 10.434381427609821 ], [ -73.716975893413064, 10.43287891055644 ], [ -73.723898927363962, 10.436330026829239 ], [ -73.727460726049401, 10.434088265776495 ], [ -73.729222748628899, 10.436325894575646 ], [ -73.729891637417438, 10.433252530062362 ], [ -73.731572921151439, 10.435569906864373 ], [ -73.736604251625124, 10.4356351991662 ], [ -73.738119616393931, 10.432941985814409 ], [ -73.740717982847514, 10.435749348180309 ], [ -73.741909913432096, 10.433754437177868 ], [ -73.740674350741074, 10.429441412754215 ], [ -73.746278441208119, 10.431273761798366 ], [ -73.74998744693653, 10.423043384318191 ], [ -73.754428170572794, 10.41878607704615 ], [ -73.753553658150167, 10.416210131661614 ], [ -73.760486284319313, 10.415759740273757 ], [ -73.75987866068192, 10.412892841116616 ], [ -73.761623874870736, 10.411916441693222 ], [ -73.765302259701627, 10.413556912236402 ], [ -73.765082746305552, 10.41125111742258 ], [ -73.770665416427562, 10.403880645746824 ], [ -73.776200509039313, 10.403796070193778 ], [ -73.779030705699597, 10.396173316350882 ], [ -73.785985106150292, 10.398335589912392 ], [ -73.787892786177565, 10.395931919977045 ], [ -73.789988819713813, 10.39699178014331 ], [ -73.792695373058223, 10.391873993042907 ], [ -73.794457778320293, 10.393961560849164 ], [ -73.796202792184658, 10.392974987098796 ], [ -73.797107591331212, 10.39583031774248 ], [ -73.799066512201478, 10.39237863014074 ], [ -73.80648186374458, 10.396357014786361 ], [ -73.817655292425854, 10.385077681835185 ], [ -73.819682637127528, 10.386961875390625 ], [ -73.816511972414958, 10.388724772031594 ], [ -73.820215517280417, 10.391748259345661 ], [ -73.823088275254463, 10.390858812419481 ], [ -73.823272416559746, 10.395668934374783 ], [ -73.826964553710297, 10.397971744982897 ], [ -73.830468764051943, 10.39634524055856 ], [ -73.829521566186827, 10.402359609010773 ], [ -73.834177218214279, 10.39984825075004 ], [ -73.837702354827172, 10.401328694382642 ], [ -73.839402462772966, 10.397837321874988 ], [ -73.842522591820625, 10.401007150255282 ], [ -73.848256471881655, 10.394447866910753 ], [ -73.855543993956303, 10.390609804614201 ], [ -73.856519384570788, 10.387941265307973 ], [ -73.85826605313315, 10.388227696957813 ], [ -73.861101723232878, 10.392562216286706 ], [ -73.864426572208686, 10.391228334706113 ], [ -73.86740859864608, 10.39456607002495 ], [ -73.870248009333636, 10.393514041377557 ], [ -73.87200695877408, 10.388990419344168 ], [ -73.880115849795061, 10.39013044792523 ], [ -73.884011536368064, 10.387523652572611 ], [ -73.88393194018056, 10.393660704939293 ], [ -73.888025507802013, 10.389825959225448 ], [ -73.893741815005455, 10.390633954941563 ], [ -73.893168703770527, 10.385313198730785 ], [ -73.897759930371137, 10.385887777814105 ], [ -73.900557194766918, 10.381156241440806 ], [ -73.907018311935644, 10.383711108738737 ], [ -73.909968491274185, 10.379709311283193 ], [ -73.917178190437085, 10.378332877371975 ], [ -73.918563224825675, 10.373494171899893 ], [ -73.921851453949785, 10.375068848880915 ], [ -73.924202100783191, 10.36933379831413 ], [ -73.928730924066201, 10.368985240028053 ], [ -73.930158993181124, 10.366496042324684 ], [ -73.932977745295602, 10.365645659568088 ], [ -73.92929074202101, 10.362127123781192 ], [ -73.931629107078038, 10.360560137283414 ], [ -73.932881328140979, 10.355225292782848 ], [ -73.943694810584248, 10.352029824667227 ], [ -73.946037427370982, 10.347149934999834 ], [ -73.948614149798857, 10.346933332147614 ], [ -73.948033509777474, 10.343418557609766 ], [ -73.954615163885421, 10.344174824697348 ], [ -73.952613284645736, 10.342158838303192 ], [ -73.95332252219572, 10.339668297617379 ], [ -73.956640322085946, 10.338605525110665 ], [ -73.958211091392343, 10.339682235888461 ], [ -73.961321958802046, 10.336777424202864 ], [ -73.960432421145981, 10.33171889990723 ], [ -73.957664779618653, 10.33124632011419 ], [ -73.958308538915389, 10.329517501989017 ], [ -73.955521721934701, 10.326074458882147 ], [ -73.961531777571849, 10.31959975198896 ], [ -73.960311791680226, 10.316725604320027 ], [ -73.963291466326325, 10.315779514976782 ], [ -73.957826748688376, 10.311948612258789 ], [ -73.95772583186897, 10.309739891268521 ], [ -73.963135309361121, 10.308637508416098 ], [ -73.961758277171441, 10.301220990858837 ], [ -73.964014190294449, 10.297932941397903 ], [ -73.962969597008623, 10.293008338949903 ], [ -73.965092437192652, 10.288102542747367 ], [ -73.970009571939727, 10.288569727254526 ], [ -73.970016624618665, 10.285767556256758 ], [ -73.973736081355355, 10.280382063801824 ], [ -73.985315452748864, 10.272801247841414 ], [ -73.987647308608189, 10.272826087177123 ], [ -73.991393739079456, 10.267612693203091 ], [ -74.000669508448482, 10.265655893256962 ], [ -74.001157736906237, 10.26291277306143 ], [ -74.003270745021666, 10.262035880101394 ], [ -74.002604988661005, 10.260507679295301 ], [ -74.007735403389461, 10.257464057126413 ], [ -74.007731547817173, 10.254183506807465 ], [ -74.012321383824599, 10.252252861331669 ], [ -74.009630549213568, 10.247504920809888 ], [ -74.01075487882423, 10.24532643444121 ], [ -74.007981526702054, 10.241485320565232 ], [ -74.010370847835929, 10.236252127706621 ], [ -74.012800093726071, 10.236288899373733 ], [ -74.014033389067549, 10.234487517078776 ], [ -74.017308851324628, 10.23528617569832 ], [ -74.024886754944589, 10.227645709758917 ], [ -74.0284998070494, 10.229036785322592 ], [ -74.029069740940656, 10.227255400440072 ], [ -74.034091050699317, 10.225966357404275 ], [ -74.038555455742028, 10.219836567922471 ], [ -74.040805549573975, 10.219901316743119 ], [ -74.042559694820454, 10.215802511939387 ], [ -74.037681448172975, 10.213395757186902 ], [ -74.039594600741339, 10.206568355262448 ], [ -74.038056851734439, 10.204677876189919 ], [ -74.038932000164777, 10.201534208568148 ], [ -74.040921753036798, 10.200018974953423 ], [ -74.040966780227961, 10.197640993262496 ], [ -74.04709908768956, 10.195190416858907 ], [ -74.04873763942976, 10.192229505339071 ], [ -74.047614924092954, 10.190042194812349 ], [ -74.051381428333571, 10.184314239145351 ], [ -74.053061999703004, 10.184863114712925 ], [ -74.053095718892337, 10.182886166437186 ], [ -74.05492032085931, 10.184068235308757 ], [ -74.057810455858146, 10.182965190397397 ], [ -74.059654784844497, 10.180289443003574 ], [ -74.058437844244111, 10.176648623951166 ], [ -74.060628013212352, 10.174268240163201 ], [ -74.060218480829406, 10.172431825340823 ], [ -74.065729204823015, 10.166521606747324 ], [ -74.063470685685274, 10.164066192912117 ], [ -74.065580672763986, 10.160781177064337 ], [ -74.062475488101313, 10.158983199386967 ], [ -74.062663403232079, 10.153022862845489 ], [ -74.060724448333247, 10.14780922632616 ], [ -74.061231658208101, 10.143718599791271 ], [ -74.063220752614484, 10.142217270311676 ], [ -74.060413227653385, 10.140368836919492 ], [ -74.061700377937314, 10.139460908040007 ], [ -74.061206260119832, 10.136906931871579 ], [ -74.062999657283967, 10.135793278746576 ], [ -74.06255184496132, 10.133768121444405 ], [ -74.064475618319761, 10.133249590092987 ], [ -74.062627449930801, 10.131676672912988 ], [ -74.062910735678031, 10.128806467952984 ], [ -74.064794986725758, 10.128889861322193 ], [ -74.066034120222866, 10.125467067156251 ], [ -74.069423309285582, 10.126771351919615 ], [ -74.070526781795365, 10.124822752700197 ], [ -74.073095720315052, 10.124712274205251 ], [ -74.074413696312604, 10.12014510001552 ], [ -74.071487893676988, 10.118461696255736 ], [ -74.072476379942145, 10.114836528562989 ], [ -74.068322034056735, 10.11278906337958 ], [ -74.066991768198022, 10.105124026700935 ], [ -74.068806899219453, 10.101557442686101 ], [ -74.067376197140334, 10.097778625228102 ], [ -74.076201583206341, 10.088341400626121 ], [ -74.076037062020816, 10.085043408603724 ], [ -74.084371064743209, 10.073056473935992 ], [ -74.08147999819073, 10.064911522714112 ], [ -74.075912490744486, 10.059897670774888 ], [ -74.076962834151061, 10.058954336566842 ], [ -74.075761717387024, 10.057793792244979 ], [ -74.073840598552351, 10.058451665882728 ], [ -74.073826093443927, 10.051133725031718 ], [ -74.070147439118216, 10.050866366427158 ], [ -74.066963718280931, 10.044835663895128 ], [ -74.061780348722607, 10.04160133462932 ], [ -74.062154189214198, 10.038900502659544 ], [ -74.058999933141763, 10.034784027980095 ], [ -74.059412738089861, 10.032488295203734 ], [ -74.05683791560034, 10.028025002276252 ], [ -74.055840111103294, 10.019375431922867 ], [ -74.054344448200993, 10.018759317402669 ], [ -74.054543284159422, 10.016152592118715 ], [ -74.051093417444179, 10.010254520554156 ], [ -74.04880836205183, 10.011925440416462 ], [ -74.042171678902321, 10.009509223701571 ], [ -74.041039867217705, 10.006283504794681 ], [ -74.03709107759272, 10.006383007664738 ], [ -74.036664222982381, 10.002498762942651 ], [ -74.034810098758385, 10.001723465928933 ], [ -74.034207883881663, 9.995087893098059 ], [ -74.030691033335586, 9.992430564775532 ], [ -74.031989656911492, 9.991143486356805 ], [ -74.027366372107792, 9.989199676958322 ], [ -74.028057611896713, 9.988014216943895 ], [ -74.026074182271032, 9.987525265341731 ], [ -74.024843222551226, 9.982707370258083 ], [ -74.018945866046181, 9.98061504856355 ], [ -74.018887686610412, 9.978069203053224 ], [ -74.017319068770803, 9.978757526908396 ], [ -74.016825454010302, 9.977266393315404 ], [ -74.011758352593517, 9.976095317136696 ], [ -74.01028942896528, 9.968160474840715 ], [ -74.008589905823158, 9.966975767615054 ], [ -74.008934822336244, 9.963865265820004 ], [ -74.006753772173738, 9.961557518965492 ], [ -74.007636852734379, 9.960154494002381 ], [ -74.005202905058241, 9.959651033698492 ], [ -74.005405772658833, 9.955009324433604 ], [ -74.002594046273828, 9.948445139876924 ], [ -74.003499095152222, 9.947332226964306 ], [ -74.001804706784412, 9.946934440063103 ], [ -74.002842806143917, 9.942827040171892 ], [ -74.001831222377746, 9.940197452745736 ], [ -73.999376897301545, 9.940670708072389 ], [ -73.998290802714791, 9.938504019287791 ], [ -73.993588095098573, 9.937843515380791 ], [ -73.993323567986067, 9.936018924193604 ], [ -73.99099919599729, 9.936565890839688 ], [ -73.990526132011894, 9.934449434089174 ], [ -73.985501317024216, 9.935855517818254 ], [ -73.988116559242144, 9.93475143894517 ], [ -73.986122437859478, 9.934324463062183 ], [ -73.98569883605137, 9.932486578594819 ], [ -73.982803899553517, 9.933548169816049 ], [ -73.982700815995884, 9.935560698591871 ], [ -73.977960744722282, 9.935956583758127 ], [ -73.97745835700772, 9.934735548633455 ], [ -73.976068560646013, 9.936474713562291 ], [ -73.975807835206808, 9.934847688114701 ], [ -73.974206276119446, 9.936670797080467 ], [ -73.972658606110656, 9.934764524714353 ], [ -73.970943549288279, 9.935314215054575 ], [ -73.971291132003216, 9.933289129617663 ], [ -73.967465215837365, 9.933724401448899 ], [ -73.966424136763692, 9.930257913192747 ], [ -73.961547563678891, 9.929922906901822 ], [ -73.960757094107976, 9.931829984159037 ], [ -73.959230155435819, 9.931670135115041 ], [ -73.955411920770018, 9.928971794175538 ], [ -73.956308706937875, 9.927024793060298 ], [ -73.952666123592849, 9.926935131242033 ], [ -73.950136902318434, 9.913524204915689 ], [ -73.948518473754916, 9.914705061958955 ], [ -73.944725063153498, 9.909826549409956 ], [ -73.936981280094301, 9.906729934681948 ], [ -73.937017548704489, 9.903646448842267 ], [ -73.930623772896354, 9.898728507407384 ], [ -73.932471908047603, 9.895689663381347 ], [ -73.928308875446476, 9.891973383089976 ], [ -73.926836019889095, 9.892419711394552 ], [ -73.925354166798627, 9.888388690821273 ], [ -73.923715322207443, 9.888338727383655 ], [ -73.922283502623202, 9.885606995140051 ], [ -73.923140803311298, 9.883610794155857 ], [ -73.92115779140255, 9.881817986287047 ], [ -73.923242163000509, 9.879781900970727 ], [ -73.921965579607672, 9.878376102007792 ], [ -73.922850140593084, 9.876933457715779 ], [ -73.91774111387025, 9.877552036316786 ], [ -73.917460092777674, 9.874601347633018 ], [ -73.915583788233334, 9.874844601724362 ], [ -73.916175623966978, 9.871648786858771 ], [ -73.913720457168608, 9.869569258980675 ], [ -73.912322296586638, 9.870402409341409 ], [ -73.913054946946545, 9.866634319573052 ], [ -73.910922345660879, 9.864721193055857 ], [ -73.911922325879232, 9.863666658106865 ], [ -73.905265680351647, 9.862591169038808 ], [ -73.90604869928967, 9.861005154411544 ], [ -73.904373680411425, 9.861254772173368 ], [ -73.903427105977585, 9.858665964700378 ], [ -73.905848036156499, 9.85906336532571 ], [ -73.906159094241218, 9.854686696111798 ], [ -73.900981988640353, 9.848500020769279 ], [ -73.901641729877042, 9.844909906265173 ], [ -73.899484926161733, 9.845254476028231 ], [ -73.900134416714536, 9.843587496179907 ], [ -73.89852599179801, 9.844438724251802 ], [ -73.896795145275348, 9.840381224916086 ], [ -73.897818725153343, 9.835943082141625 ], [ -73.894743902673156, 9.835791320636588 ], [ -73.894963436730507, 9.832090918978849 ], [ -73.891704098347248, 9.831045378867941 ], [ -73.891762014576443, 9.832225458867867 ], [ -73.890012839712369, 9.831561111066719 ], [ -73.886288222150256, 9.833424708931204 ], [ -73.885375678621415, 9.831951405114182 ], [ -73.886485295612601, 9.830572211576225 ], [ -73.883332586440304, 9.830211317614783 ], [ -73.885007556809455, 9.828492165369767 ], [ -73.880843309685133, 9.825069295745266 ], [ -73.88153219139457, 9.82368232728237 ], [ -73.87897450697767, 9.819855853262197 ], [ -73.88035185627291, 9.819128251438258 ], [ -73.87823899637965, 9.816904464790355 ], [ -73.8758100379506, 9.816825934903932 ], [ -73.874403655980586, 9.812731380931496 ], [ -73.872543587599637, 9.814623502125698 ], [ -73.871402513378712, 9.813225992822765 ], [ -73.869505351733494, 9.816727625895851 ], [ -73.868547724419557, 9.815345563136589 ], [ -73.866961626248894, 9.815953121196856 ], [ -73.865447574818063, 9.81396080812425 ], [ -73.866802462620058, 9.810635703128355 ], [ -73.864120374013567, 9.810509803242667 ], [ -73.862993925275475, 9.808578905340028 ], [ -73.861625975958873, 9.809637216809506 ], [ -73.860232863912813, 9.807174551767559 ], [ -73.858580119678152, 9.807906742189687 ], [ -73.858876225292988, 9.809926734174837 ], [ -73.856907156146917, 9.809638319043245 ], [ -73.856892836091561, 9.807772853579763 ], [ -73.854359945196279, 9.805899059828619 ], [ -73.852725428691542, 9.807630254897902 ], [ -73.853640801017434, 9.80552238874327 ], [ -73.851644911748792, 9.803754491177187 ], [ -73.853665181313659, 9.802365345196279 ], [ -73.851438612581092, 9.800377788706896 ], [ -73.849977040770966, 9.801419615179441 ], [ -73.850885550860937, 9.799509851957396 ], [ -73.845584503703265, 9.799440507352074 ], [ -73.841792117182081, 9.79734287211835 ], [ -73.842160132992717, 9.791597690343735 ], [ -73.84078015432658, 9.793059430138953 ], [ -73.838856851685762, 9.791175567163748 ], [ -73.841172540552009, 9.789742274341336 ], [ -73.839394013212711, 9.788939193312046 ], [ -73.839858554874183, 9.787203740224925 ], [ -73.837273756585489, 9.783673264021729 ], [ -73.837030220422946, 9.77484682512943 ], [ -73.832054747238146, 9.766758881040914 ], [ -73.832763652411245, 9.760777176256738 ], [ -73.830242743254757, 9.759330632374997 ], [ -73.829426983393489, 9.754887306317244 ], [ -73.827433456695985, 9.752937204215186 ], [ -73.829427844878524, 9.750626163235893 ], [ -73.828085994336675, 9.749534037355545 ], [ -73.830958324712356, 9.74932712912954 ], [ -73.830073440333194, 9.747260610663773 ], [ -73.831748663129133, 9.74491094209651 ], [ -73.834095334914252, 9.745941244073094 ], [ -73.832605190367133, 9.743757996629654 ], [ -73.834310927161027, 9.743862353999361 ], [ -73.834637952812614, 9.741832457181999 ], [ -73.836269742928266, 9.742336007317476 ], [ -73.835953098216407, 9.739130575979061 ], [ -73.838122836783839, 9.736904972037905 ], [ -73.836621897173359, 9.735684587294031 ], [ -73.839905514343059, 9.736218375644398 ], [ -73.835626537892495, 9.734456228199008 ], [ -73.834633184551251, 9.731609049772999 ], [ -73.839019674155679, 9.731024290074458 ], [ -73.835820855321401, 9.7293653528493 ], [ -73.835726949858326, 9.727330721008229 ], [ -73.833815958638297, 9.72784817707543 ], [ -73.834121062684517, 9.729170501820647 ], [ -73.832936735446538, 9.728549230966621 ], [ -73.83245765184563, 9.726124626675244 ], [ -73.834737301172311, 9.725620676789163 ], [ -73.832317363632569, 9.724061802983215 ], [ -73.833414598236004, 9.722821457657801 ], [ -73.831037964917357, 9.722809501071822 ], [ -73.829342359331349, 9.724838976579008 ], [ -73.829507168876262, 9.720670714880498 ], [ -73.825098867261033, 9.719774449735894 ], [ -73.829235835223415, 9.716300736324115 ], [ -73.826874004355773, 9.713962094585725 ], [ -73.823747205311861, 9.716601009226906 ], [ -73.825219386233925, 9.712441706433822 ], [ -73.822018592901088, 9.713473003744582 ], [ -73.824923434231096, 9.710246041568325 ], [ -73.822253796284372, 9.709661021358158 ], [ -73.820667387296396, 9.711371601871917 ], [ -73.819418087557096, 9.709014482671705 ], [ -73.817683143815145, 9.710680654035684 ], [ -73.817023928093249, 9.708264176809109 ], [ -73.818799128968465, 9.706820354824856 ], [ -73.815496674112183, 9.706220444128689 ], [ -73.818089365903575, 9.704143709115044 ], [ -73.814973864980004, 9.704244148928694 ], [ -73.814887148739842, 9.699600740049959 ], [ -73.81273081394545, 9.700355190742584 ], [ -73.813292132986248, 9.697944215701511 ], [ -73.811654689767977, 9.698650782558047 ], [ -73.812009359297861, 9.696829040829243 ], [ -73.810387420115433, 9.696427665155568 ], [ -73.813254757650782, 9.692827893754497 ], [ -73.809091442080103, 9.692074682737939 ], [ -73.815124205349093, 9.689603394760695 ], [ -73.809363481809385, 9.689131261430703 ], [ -73.811002234772332, 9.686495337283475 ], [ -73.813836360666869, 9.687200819872601 ], [ -73.814658468927348, 9.685530724664318 ], [ -73.810597204749229, 9.685403763867441 ], [ -73.813649411225811, 9.683509416646189 ], [ -73.810337579747113, 9.682571494792114 ], [ -73.81354566920254, 9.679996686675622 ], [ -73.809751583067452, 9.676154408582079 ], [ -73.812020979015301, 9.672114792022967 ], [ -73.807410786268974, 9.672019762766581 ], [ -73.809769641914045, 9.669133133895173 ], [ -73.807040379141142, 9.667928958365167 ], [ -73.80934950041916, 9.666926080179394 ], [ -73.80625197659532, 9.666516988869603 ], [ -73.808216629619949, 9.663969599154086 ], [ -73.810589534028907, 9.664352183853623 ], [ -73.810744512403517, 9.661716560642276 ], [ -73.807740525733209, 9.66158452795321 ], [ -73.808252022372017, 9.659469317167009 ], [ -73.806294925981604, 9.658379717351238 ], [ -73.80805202399273, 9.656965377199754 ], [ -73.80605702765024, 9.655504259937572 ], [ -73.809081891184405, 9.653214644693151 ], [ -73.80850569333569, 9.650973896042558 ], [ -73.806775204342784, 9.650658197257428 ], [ -73.807803406954918, 9.648568850785466 ], [ -73.805923775048086, 9.649246528697745 ], [ -73.804602347720504, 9.647787715616062 ], [ -73.807636731607602, 9.646468782912052 ], [ -73.803921349632276, 9.645505586937247 ], [ -73.806626517773395, 9.644081251223668 ], [ -73.803341164158837, 9.64302892613199 ], [ -73.808249502595629, 9.64221194995082 ], [ -73.803581800557311, 9.640851208721813 ], [ -73.803691148072403, 9.638018085347994 ], [ -73.80564755904777, 9.638563932692307 ], [ -73.803264147934897, 9.636416579261265 ], [ -73.867892949073678, 9.600995157422119 ], [ -73.871541075926757, 9.603933019950034 ], [ -73.875815815020815, 9.599662643078489 ], [ -73.879384237888473, 9.600862280316051 ], [ -73.882972445267683, 9.607070160407773 ], [ -73.882268456578061, 9.614031893811898 ], [ -73.893397316209359, 9.616429466876525 ], [ -73.899534411695186, 9.611111833212192 ], [ -73.901026316941682, 9.607929608969357 ], [ -73.905226517367282, 9.606799310048928 ], [ -73.909791663159467, 9.601759981867929 ], [ -73.915185561157273, 9.605244384341745 ], [ -73.918706847587771, 9.60561133115641 ], [ -73.926910220790717, 9.599678197420019 ], [ -73.929449016317051, 9.601306352949166 ], [ -73.930498525188057, 9.599387195138377 ], [ -73.940724334694039, 9.597851839245266 ], [ -73.946100690376966, 9.594767765906909 ], [ -73.948791200695894, 9.591044572175633 ], [ -73.984548247765701, 9.586567161313894 ], [ -73.986869502597926, 9.585441707011626 ], [ -73.985322000574172, 9.581924657937691 ], [ -73.989261095572942, 9.579814430110275 ], [ -73.994536664692248, 9.580658521061594 ], [ -73.997139284672073, 9.582909434157727 ], [ -73.994395984813366, 9.590506258109258 ], [ -74.003962357611726, 9.595359783100378 ], [ -74.010363388219844, 9.595641148248035 ], [ -74.010293041992213, 9.589591826320202 ], [ -74.014091457112102, 9.591842735823093 ], [ -74.036739418319769, 9.591322591096173 ], [ -74.048082899118185, 9.578431985566738 ], [ -74.053672380272133, 9.566776666945316 ], [ -74.060161971363129, 9.564933209325545 ], [ -74.063896992322896, 9.568656606974514 ], [ -74.065914405242836, 9.567804770742669 ], [ -74.066788032824206, 9.565352254874881 ], [ -74.071706732437747, 9.561690216700242 ], [ -74.073831055741493, 9.55660168326034 ], [ -74.077268408914847, 9.55576516241797 ], [ -74.079983530397271, 9.548610865996068 ], [ -74.08302007203946, 9.547447643794158 ], [ -74.095235416126627, 9.536123455230154 ], [ -74.097508578713416, 9.533036718384892 ], [ -74.099891376276503, 9.522310185743891 ], [ -74.103596088054417, 9.517950220715989 ], [ -74.111254091817102, 9.518209360627452 ], [ -74.110748351587233, 9.514463505078425 ], [ -74.113342554346161, 9.512012335786324 ], [ -74.116752242979942, 9.511518588075035 ], [ -74.119409429368602, 9.504000072125848 ], [ -74.123867202144254, 9.50264224683059 ], [ -74.124558926125474, 9.500720791127435 ], [ -74.130601533141203, 9.499443321096692 ], [ -74.132359795369894, 9.497216492750795 ], [ -74.137503204239295, 9.496319615853054 ], [ -74.139159989997665, 9.493779959739982 ], [ -74.134826725616222, 9.492146621825839 ], [ -74.13216470808419, 9.48626819643215 ], [ -74.122935160666657, 9.485405362117547 ], [ -74.123053767124759, 9.482969098582771 ], [ -74.120786726561448, 9.480133966574385 ], [ -74.115502034144868, 9.478474177745568 ], [ -74.114284402739486, 9.48014630135134 ], [ -74.111344715731832, 9.480297506798763 ], [ -74.104951108807143, 9.475522605118897 ], [ -74.104205185828334, 9.47670098460668 ], [ -74.097410470029843, 9.476703047140177 ], [ -74.091748558555139, 9.46538046656184 ], [ -74.069526389249972, 9.449285648708837 ], [ -74.06390219896241, 9.436981816902403 ], [ -74.061107544174604, 9.436962563295594 ], [ -74.058390220919705, 9.43261824603411 ], [ -74.049258005142462, 9.424443187751478 ], [ -74.043454480438584, 9.422053290797066 ], [ -74.038505592915783, 9.422045676670677 ], [ -74.034011522783828, 9.424034754907325 ], [ -74.032638285979317, 9.420125201928613 ], [ -74.023653745267609, 9.417873723791672 ], [ -74.021989045345265, 9.413645493211902 ], [ -74.016454620182344, 9.411286518989186 ], [ -74.010843768090751, 9.405155134098152 ], [ -74.011326919266537, 9.40358122427898 ], [ -74.008347267078307, 9.398881721854252 ], [ -74.00494490600812, 9.400176676707645 ], [ -74.004080096296605, 9.397341868991248 ], [ -73.99988394278455, 9.39480230540471 ], [ -73.99457694877492, 9.398312690770581 ], [ -73.990577363871694, 9.397668726657741 ], [ -73.982913406968862, 9.392784082203775 ], [ -73.983102447689589, 9.390579145818776 ], [ -73.978094793232458, 9.389381325874524 ], [ -73.981999258149358, 9.386654440045731 ], [ -73.983945090555494, 9.382950161256133 ], [ -73.984555164798905, 9.36503577919234 ], [ -73.989699092894966, 9.351120434957295 ], [ -73.988072187821672, 9.331385596654798 ], [ -73.98917124331166, 9.32932854284644 ], [ -73.990489463651102, 9.331803182440694 ], [ -73.991806973422626, 9.331196894599202 ], [ -73.990485347567187, 9.32888226933909 ], [ -73.991735709116028, 9.328839563396457 ], [ -73.991690771756453, 9.324019727950258 ], [ -73.989070771158651, 9.316715472045189 ], [ -73.984844544721852, 9.3122090078474 ], [ -73.985573373645536, 9.311415934956699 ], [ -73.980645033304654, 9.310159650810476 ], [ -73.978860441433994, 9.305965844598177 ], [ -73.97493433608463, 9.304062278858169 ], [ -73.957850939439936, 9.303765197672135 ], [ -73.954674577607364, 9.298109497154257 ], [ -73.942791437065182, 9.289562937594894 ], [ -73.946123440229655, 9.280811482037393 ], [ -73.943183403777027, 9.268369581756701 ], [ -73.945156262020021, 9.263089553396753 ], [ -73.950978424984271, 9.256601472374996 ], [ -73.94870053995021, 9.247111743897733 ], [ -73.949452127709719, 9.237385275018482 ], [ -73.954055010858781, 9.230629552422613 ], [ -73.963447440933408, 9.223712951312621 ], [ -73.965726773154529, 9.217818119973856 ], [ -73.964036924875813, 9.20657864530358 ], [ -73.960382126229774, 9.205045987053438 ], [ -73.95986038699192, 9.198991337213442 ], [ -73.955941356779363, 9.196243041819457 ], [ -73.962032682166694, 9.187675889264142 ], [ -73.906439128982811, 9.177521457252567 ], [ -73.903400915574593, 9.178268487855007 ], [ -73.892829302917733, 9.173587285025519 ], [ -73.878908519379252, 9.185847992274091 ], [ -73.874390784010643, 9.186025042272831 ], [ -73.866622261328757, 9.182968075619783 ], [ -73.864037534007025, 9.180742044978501 ], [ -73.861931438433203, 9.170575698601851 ], [ -73.864104318411705, 9.163035484728027 ], [ -73.875497650358227, 9.145983824689324 ], [ -73.875325679438163, 9.130541568731587 ], [ -73.861065039600703, 9.109165700235053 ], [ -73.823130020897338, 9.079362069978572 ], [ -73.809231347610591, 9.070713936032462 ], [ -73.79802235010726, 9.058297960253242 ], [ -73.797868209861463, 9.049403417329984 ], [ -73.79636580599589, 9.045945887979315 ], [ -73.800723553979878, 9.045261617325878 ], [ -73.803406629835649, 9.047107354871684 ], [ -73.809821647223885, 9.04463520271446 ], [ -73.802690972021196, 9.036525321749195 ], [ -73.803990001635952, 9.034555571679562 ], [ -73.806923213581911, 9.036779787722537 ], [ -73.811043169235859, 9.037158348864693 ], [ -73.811960257345277, 9.031555103713004 ], [ -73.808119632153193, 9.031348887190404 ], [ -73.80824798533996, 9.028078563300824 ], [ -73.814525357360765, 9.026005989286887 ], [ -73.819533955948032, 9.028274442002896 ], [ -73.825801643224054, 9.02271316258151 ], [ -73.82435565270498, 9.009777042075314 ], [ -73.825843902703639, 9.000703031784951 ], [ -73.82815575665893, 8.997596482580263 ], [ -73.830424259680683, 8.997076317192068 ], [ -73.831554209156195, 8.988784845240673 ], [ -73.83639012895037, 8.98404390799044 ], [ -73.832187772566385, 8.979253177084331 ], [ -73.836850730597916, 8.974701128739468 ], [ -73.840309778102664, 8.966809275355615 ], [ -73.850467565324493, 8.964639465821222 ], [ -73.848637612089078, 8.960091821021365 ], [ -73.849848922943067, 8.955754663338382 ], [ -73.863127467135428, 8.946555992838398 ], [ -73.867655127997523, 8.936489178976217 ], [ -73.865783501882902, 8.950252105037237 ], [ -73.870387426180173, 8.960431515623497 ], [ -73.877791497569262, 8.965410990806049 ], [ -73.883387222917747, 8.96635620339282 ], [ -73.89377219335762, 8.977788534830154 ], [ -73.900055759267275, 8.980717823830105 ], [ -73.914020272828566, 8.977625100607042 ], [ -73.920756510052115, 8.978294434960276 ], [ -73.927526047849767, 8.982007713079611 ], [ -73.937852175896694, 8.984539924847979 ], [ -73.948317752231276, 8.992324705252827 ], [ -73.959136258955937, 8.995924507196662 ], [ -73.967092680598853, 8.994445982366983 ], [ -73.969231308686574, 8.990858569099089 ], [ -73.976047725104706, 8.986642811637012 ], [ -73.977665586830824, 8.983928362993254 ], [ -73.990898017767904, 8.996255674084978 ], [ -74.001843941634036, 8.995464590065922 ], [ -74.005009687168126, 9.003186446129916 ], [ -74.002256657648843, 9.009732768571268 ], [ -73.99597067886242, 9.011066289028804 ], [ -73.986375903108751, 9.007822030676266 ], [ -73.985001654800385, 9.00827631356907 ], [ -73.985008884447552, 9.010554475284437 ], [ -73.995936994707336, 9.017938443259766 ], [ -73.999884275161492, 9.022301879380677 ], [ -74.002398110977765, 9.028665757435704 ], [ -74.006762167835063, 9.031829938103328 ], [ -74.011974767697723, 9.031270722020281 ], [ -74.019663796600128, 9.025050584406756 ], [ -74.028352034067382, 9.027026982913071 ], [ -74.033838769430531, 9.034109210137274 ], [ -74.035593827366029, 9.044391840825199 ], [ -74.04052487343472, 9.043131958923425 ], [ -74.043154922595306, 9.040611379448876 ], [ -74.04728926208503, 9.023356735028528 ], [ -74.057095850870041, 9.018505769339697 ], [ -74.065921363598534, 9.020206498920118 ], [ -74.074321577600017, 9.025790433871066 ], [ -74.07750791702847, 9.026282563715256 ], [ -74.08287992306532, 9.023717838297557 ], [ -74.090487110888546, 9.0158701407384 ], [ -74.097995835193331, 9.015818201005629 ], [ -74.104510211721049, 9.022240465109007 ], [ -74.111379672800638, 9.039549046218667 ], [ -74.113179958251806, 9.040983702684798 ], [ -74.119264539082621, 9.039777039717762 ], [ -74.12225506808096, 9.032555796295981 ], [ -74.127254971867671, 9.028262107225942 ], [ -74.134332472153062, 9.027731971428409 ], [ -74.139412897392731, 9.029861527422838 ], [ -74.142397283706259, 9.034772363178149 ], [ -74.140235853663512, 9.041239119974762 ], [ -74.132906835677886, 9.044200973828026 ], [ -74.120101492913307, 9.043230021792908 ], [ -74.11764534784885, 9.045679231857832 ], [ -74.117939227436636, 9.04888141398726 ], [ -74.131076315605128, 9.05546162270474 ], [ -74.134660724005983, 9.064402751397381 ], [ -74.149909506053518, 9.056672184363151 ], [ -74.157293109312548, 9.057377077657009 ], [ -74.158619303104842, 9.061564521995422 ], [ -74.157557630136864, 9.070863398746894 ], [ -74.161494279021099, 9.0730405600994 ], [ -74.17292065821664, 9.074045888891249 ], [ -74.177388882000685, 9.077109892951853 ], [ -74.178124828281966, 9.081257002003497 ], [ -74.175357167890013, 9.086327193627312 ], [ -74.176586895120295, 9.089289781404773 ], [ -74.189525494978625, 9.094161900638824 ], [ -74.200797663859703, 9.100530473293247 ], [ -74.213705559277173, 9.120175427893344 ], [ -74.223630944064951, 9.121217710710482 ], [ -74.228439108589669, 9.12404603887353 ], [ -74.229247200425561, 9.127157205422463 ], [ -74.22767141941415, 9.130227961226069 ], [ -74.220075332980116, 9.133823981259582 ], [ -74.220075332980116, 9.136127052379322 ], [ -74.229505903755467, 9.141828154686152 ], [ -74.235913981652629, 9.147804014128099 ], [ -74.241206999661927, 9.156814264643685 ], [ -74.248277824561114, 9.164652782311691 ], [ -74.252156676692266, 9.166955854329728 ], [ -74.261894214621236, 9.167723539911947 ], [ -74.266459947912097, 9.169582154817647 ], [ -74.283886397064123, 9.15746621209081 ], [ -74.298246908979479, 9.159834908787616 ], [ -74.29979373816451, 9.162885480329066 ], [ -74.299471010056664, 9.170336000045268 ], [ -74.295097482253823, 9.184769521695216 ], [ -74.291004388044882, 9.192158098929951 ], [ -74.295438748010611, 9.201758208883973 ], [ -74.328141956363709, 9.219396097367849 ], [ -74.340074084772255, 9.229540822176716 ], [ -74.347521518773021, 9.23290946405757 ], [ -74.352993590924029, 9.233303444793876 ], [ -74.360002723073649, 9.231407505756692 ], [ -74.393282876674334, 9.214424823810418 ], [ -74.40303060779496, 9.213748526609777 ], [ -74.4086420689448, 9.219986070892446 ], [ -74.415721026298741, 9.234624593643503 ], [ -74.422345447434793, 9.240677943620256 ], [ -74.424782014600339, 9.245018081017406 ], [ -74.431425470154124, 9.26007530975437 ], [ -74.431228263740991, 9.270802554759939 ], [ -74.43498618457221, 9.274147197230491 ], [ -74.439662269695418, 9.273969663937748 ], [ -74.447924649683159, 9.268960134695078 ], [ -74.463833151407812, 9.271320159049253 ], [ -74.475136245715532, 9.264168451574051 ], [ -74.477235883295577, 9.260090703297351 ], [ -74.486797901057969, 9.250405979162622 ], [ -74.510864937440772, 9.234050476294613 ], [ -74.517395683082668, 9.234846296235673 ], [ -74.524223963560189, 9.242454404832813 ], [ -74.529905072946121, 9.241471304870402 ], [ -74.533724867986791, 9.260986189601965 ], [ -74.538529989016865, 9.267563151805405 ], [ -74.547477461617177, 9.274459951335814 ], [ -74.555915164141936, 9.288744027339362 ], [ -74.560814154702484, 9.292947545245966 ], [ -74.563442829439566, 9.305492670119918 ], [ -74.562433689991281, 9.30617159040321 ], [ -74.56568066125817, 9.314363191175005 ], [ -74.577890634313974, 9.320507759751649 ], [ -74.592973311444894, 9.323931406419433 ], [ -74.615751134111861, 9.341504820967373 ], [ -74.613714481059844, 9.361904730215372 ], [ -74.616862137204635, 9.369269467041761 ], [ -74.622775173815455, 9.375833656988334 ], [ -74.630107379924539, 9.379351255831693 ], [ -74.652658734432976, 9.382625508057117 ], [ -74.66018044030227, 9.385967377426198 ], [ -74.669105744260321, 9.40086919030864 ], [ -74.671822330896077, 9.412578202175666 ], [ -74.690833463371064, 9.419108587592859 ], [ -74.698571515174194, 9.426792444890054 ], [ -74.707857033068422, 9.423354091890985 ], [ -74.71291146373801, 9.419728471447002 ], [ -74.72114083240939, 9.417434043923777 ], [ -74.729500102065913, 9.417834255379887 ], [ -74.734772298008636, 9.420370608385042 ], [ -74.739133633866743, 9.426006465102489 ], [ -74.738938898720903, 9.438411404171347 ], [ -74.741980856310192, 9.445952804720605 ], [ -74.751224131792867, 9.457442926622889 ], [ -74.757931180932928, 9.462169056032167 ], [ -74.764244134352168, 9.46390070295439 ], [ -74.77587649920315, 9.463277720808378 ], [ -74.791264258820718, 9.452146300976551 ], [ -74.800786543168158, 9.442087111122248 ], [ -74.808015117746834, 9.451873503966908 ], [ -74.808900028177163, 9.456531862620523 ], [ -74.806770582675597, 9.465303787206381 ], [ -74.799301840619364, 9.469821458794627 ], [ -74.790238036097094, 9.478237535260007 ], [ -74.777050452687945, 9.495938288795912 ], [ -74.775759024623198, 9.500481671086334 ], [ -74.779661830350506, 9.512332828883928 ], [ -74.788030056217508, 9.527016489319067 ], [ -74.796066357017537, 9.536192716292078 ], [ -74.80530273163663, 9.543075246971171 ], [ -74.807054037306216, 9.547422054364631 ], [ -74.805561809564324, 9.553627238609977 ], [ -74.799671744690272, 9.556829554588489 ], [ -74.780896680676904, 9.573626860943364 ], [ -74.774440356922355, 9.583518250758743 ], [ -74.773580494237081, 9.587267881929904 ], [ -74.772135582595467, 9.604440217248452 ], [ -74.776974538697743, 9.626194693599587 ], [ -74.785725778659412, 9.645895442606502 ], [ -74.801925305123632, 9.664268263172914 ], [ -74.805752767291381, 9.675530603578636 ], [ -74.805399472185002, 9.678540204723959 ], [ -74.801856944174347, 9.683347824869202 ], [ -74.792716527670336, 9.686621723158112 ], [ -74.789730607931403, 9.689512767252722 ], [ -74.78752760831577, 9.693136365587407 ], [ -74.787645983906657, 9.696864822552129 ], [ -74.799619572293579, 9.709736861686451 ], [ -74.807095326604554, 9.722935135055991 ], [ -74.815288847975921, 9.7311688075593 ], [ -74.814847564613956, 9.736991390037133 ], [ -74.805230418096983, 9.76181129427971 ], [ -74.814914799074984, 9.784545102157665 ], [ -74.815597299147555, 9.789894281984971 ], [ -74.824156311163335, 9.795248743910349 ], [ -74.850442127878921, 9.82090964799886 ], [ -74.855556546294395, 9.827497976594657 ], [ -74.859520698919596, 9.838434205834517 ], [ -74.864302838331525, 9.845298909432529 ], [ -74.868625725366485, 9.847946396703321 ], [ -74.873290636337003, 9.848504208718452 ], [ -74.880533185119418, 9.863972337075325 ], [ -74.882369864046666, 9.87285124930014 ], [ -74.879423506144406, 9.890526153793132 ], [ -74.871723802552992, 9.901938853432625 ], [ -74.871842845592653, 9.911722617804628 ], [ -74.870524353961741, 9.913343773655527 ], [ -74.873508343219612, 9.929531015648479 ], [ -74.872625374050131, 9.936749178744719 ], [ -74.865729607583148, 9.939852767099865 ], [ -74.858100559240086, 9.950211216556511 ], [ -74.852932788939086, 9.954389226780279 ], [ -74.845361874217588, 9.957828770048025 ], [ -74.837970805952637, 9.957994454552761 ], [ -74.820394992002662, 9.967333129397957 ], [ -74.81227773406647, 9.978435681845212 ], [ -74.799282594199042, 9.989883441859831 ], [ -74.788023446408374, 10.006274211715663 ], [ -74.787880135361945, 10.009399041650909 ], [ -74.790896446029478, 10.015902008667126 ], [ -74.79859700391944, 10.025396747052753 ], [ -74.816682120820531, 10.040445289074 ], [ -74.820407963685682, 10.046181778743005 ], [ -74.82626531907755, 10.061792794141127 ], [ -74.839741084056129, 10.078660646149785 ], [ -74.859489890274062, 10.091172928590765 ], [ -74.878876067882402, 10.098049984033821 ], [ -74.892593701749036, 10.106242354662356 ], [ -74.919698754808849, 10.106756050378749 ], [ -74.927000242103986, 10.108273183033475 ], [ -74.936607460432583, 10.11423309197653 ], [ -74.943617844834648, 10.124344076934733 ], [ -74.945633462020908, 10.129258664956012 ], [ -74.946597258070824, 10.139186715047344 ], [ -74.943989064938478, 10.151644364604124 ], [ -74.938236524159208, 10.16155689359158 ], [ -74.937269248931443, 10.167583462073424 ], [ -74.931610176135337, 10.180423826585638 ], [ -74.931793632923814, 10.198391497652892 ], [ -74.925294154966878, 10.223877711618798 ], [ -74.916441646944236, 10.233087991954733 ], [ -74.917476381211998, 10.23365604836556 ], [ -74.910797063086875, 10.254181059794689 ], [ -74.908123627060149, 10.253286072953813 ], [ -74.903098473407283, 10.275241302269649 ], [ -74.895316051980274, 10.295442660325477 ], [ -74.880195573712058, 10.318498104857269 ], [ -74.861227900866879, 10.352653582958283 ], [ -74.862607286644447, 10.363851361393074 ], [ -74.865890435791584, 10.373092925583762 ], [ -74.861906612740881, 10.386521716720324 ], [ -74.858017783013906, 10.392961931872378 ], [ -74.847266586208832, 10.40309867963515 ], [ -74.83598181305598, 10.410262611394501 ], [ -74.827177329904998, 10.41119818864388 ], [ -74.818064119799374, 10.424832653720216 ], [ -74.812230241896145, 10.442226149946407 ], [ -74.809971065191121, 10.475273211206343 ], [ -74.798399089633278, 10.496174784126254 ], [ -74.780653272973552, 10.516829040769892 ], [ -74.767065563448341, 10.528137217749531 ], [ -74.741289743183813, 10.540410522083334 ], [ -74.738919239973541, 10.542295216899106 ], [ -74.736241762423106, 10.548723224835044 ], [ -74.738209847913197, 10.582076165387946 ], [ -74.735782487588324, 10.584348444930129 ], [ -74.732341610321328, 10.594967839913409 ], [ -74.725001750559898, 10.603615976554465 ], [ -74.724220379133385, 10.613370491757564 ], [ -74.725210956678211, 10.620378350993349 ], [ -74.729642750155108, 10.628720923650405 ], [ -74.733966192349385, 10.632824206559405 ], [ -74.739804850192058, 10.634469319599646 ], [ -74.746412866281332, 10.644485287877899 ], [ -74.747058680026782, 10.649198856134603 ], [ -74.741354568361317, 10.656469156593175 ], [ -74.723638964763666, 10.666993424403586 ], [ -74.722869923622625, 10.677056102418874 ], [ -74.725187576207645, 10.688615020055408 ], [ -74.725985936586312, 10.736007396418927 ], [ -74.727604115417989, 10.742166656055474 ], [ -74.727430313729883, 10.760291914207016 ], [ -74.725114003228953, 10.77172806708063 ], [ -74.72736776039352, 10.781122810319005 ], [ -74.736236697717516, 10.80016797190234 ], [ -74.741583251767167, 10.842383186071118 ], [ -74.737486550819483, 10.861249662720638 ], [ -74.738154038235052, 10.880013346866861 ], [ -74.736426224427191, 10.888981252562871 ], [ -74.732940132220961, 10.895359236874015 ], [ -74.720733349085265, 10.904607231210605 ], [ -74.718330830791047, 10.908854727075266 ], [ -74.72129187795656, 10.913014534721981 ], [ -74.739145550926821, 10.922827858181961 ], [ -74.745398109663086, 10.930092510927864 ], [ -74.753849613914895, 10.936128187435656 ], [ -74.757295592718492, 10.945368105013074 ], [ -74.755842941186245, 10.968881877554622 ], [ -74.758844767406572, 10.983657355766411 ], [ -74.762249314079611, 10.992637446220613 ], [ -74.768672168376668, 11.001971450720987 ], [ -74.777511032775919, 11.011606630931681 ], [ -74.793307343815343, 11.023250761027271 ], [ -74.801307785637221, 11.031486301129519 ], [ -74.828161365912649, 11.047415753379994 ], [ -74.839049705926527, 11.058699348840605 ], [ -74.845303619323317, 11.071448605245735 ], [ -74.848336789585517, 11.093325284013929 ], [ -74.851860532011983, 11.105367257604655 ], [ -74.84653271593578, 11.105391016266253 ], [ -74.836639546556398, 11.098240788317469 ], [ -74.832629237556773, 11.099570493627027 ], [ -74.806555457553202, 11.086238578684458 ], [ -74.793744167936666, 11.08515267094748 ], [ -74.773068179232382, 11.078046749740452 ], [ -74.711308382005086, 11.050615794822363 ], [ -74.619810386062113, 11.015689092672403 ], [ -74.558504408196541, 10.99730583816563 ], [ -74.512361902002965, 10.986101627788287 ], [ -74.473453053059984, 10.978974773123525 ], [ -74.420697848754173, 10.974801453007615 ], [ -74.350842077391633, 10.976043709949465 ], [ -74.304319366137577, 10.984878153735679 ], [ -74.265170646161323, 11.006524938168127 ], [ -74.250674989790241, 11.017690680857697 ], [ -74.244868778223235, 11.024233101014318 ], [ -74.244004107750698, 11.032641981070299 ], [ -74.241946871584162, 11.036306071897002 ], [ -74.230043909699475, 11.049008512563773 ], [ -74.229029984023498, 11.052987164907563 ], [ -74.214999614017927, 11.070133564944911 ], [ -74.214610911786394, 11.075622464351227 ], [ -74.218101872865361, 11.082430412344422 ], [ -74.217583066629288, 11.088003482163344 ], [ -74.220049233307009, 11.091782251112306 ], [ -74.221485393554133, 11.099256010263389 ], [ -74.225160742975277, 11.106419686901006 ], [ -74.229129683624762, 11.108768689816145 ], [ -74.231787065846277, 11.11236833904627 ], [ -74.231440615907843, 11.115160873808293 ], [ -74.233494566932791, 11.116527637347758 ], [ -74.231382239740867, 11.123879409677613 ], [ -74.233059284321712, 11.126133235114253 ], [ -74.229286411020666, 11.130974011204728 ], [ -74.226629028799152, 11.144357051107477 ], [ -74.230286260084881, 11.164969727398386 ], [ -74.236117967656639, 11.174746977182792 ], [ -74.241234754931384, 11.175833230771445 ], [ -74.23975640168004, 11.180865064302054 ], [ -74.231246180799531, 11.192384232353902 ], [ -74.228101689421976, 11.204856533444627 ], [ -74.229044882594394, 11.207362614098884 ], [ -74.230652455009022, 11.207037813576051 ], [ -74.232393526164401, 11.209194828395653 ], [ -74.236631569049848, 11.209440471109247 ], [ -74.23335112563052, 11.212629137176123 ], [ -74.234069960788645, 11.21650480298041 ], [ -74.237137958762219, 11.216492113368588 ], [ -74.239674226427326, 11.21984496375245 ], [ -74.241796704590001, 11.220009146272787 ], [ -74.241334535381043, 11.221319278175031 ], [ -74.237395693707469, 11.221787437355033 ], [ -74.232479489615741, 11.228026250059884 ], [ -74.224669851908857, 11.230030715551322 ], [ -74.217491963912153, 11.23924798837902 ], [ -74.219422896849096, 11.241445420232139 ], [ -74.21883279037371, 11.243270466865511 ], [ -74.218310498671542, 11.243741600369844 ], [ -74.219234959260405, 11.241419685275332 ], [ -74.21657158886444, 11.240531336091351 ], [ -74.217609307337966, 11.242905514312383 ], [ -74.216427786439169, 11.242266747855979 ], [ -74.215006007332875, 11.243915712875264 ], [ -74.214452317689904, 11.248092012705399 ], [ -74.216320433185558, 11.248930058888277 ], [ -74.215003163264441, 11.252100929315191 ], [ -74.216943851913129, 11.254117998180106 ], [ -74.21942293368005, 11.250093167004025 ], [ -74.220716487160473, 11.250325137348113 ], [ -74.220848078776328, 11.253210540916541 ], [ -74.217078897554075, 11.255698654352443 ], [ -74.214161293848633, 11.255454587285158 ], [ -74.212837838123505, 11.25740336616775 ], [ -74.20980331140413, 11.255376064585278 ], [ -74.20715481442619, 11.257967210374829 ], [ -74.200470188151826, 11.259209198720214 ], [ -74.199060140154188, 11.262230664823278 ], [ -74.195534487009638, 11.261699716948101 ], [ -74.191387016834881, 11.264397000569716 ], [ -74.192887600712254, 11.268815558258723 ], [ -74.197211095008868, 11.268031220592775 ], [ -74.196468035861471, 11.270530792049328 ], [ -74.197711542360878, 11.271661512279991 ], [ -74.204462187674721, 11.270682479892457 ], [ -74.206580812061759, 11.274191878008992 ], [ -74.198853861647763, 11.279587998440547 ], [ -74.196887148784526, 11.284044960935205 ], [ -74.195407045613649, 11.284166536327689 ], [ -74.195855412197261, 11.29038563997949 ], [ -74.190831607815028, 11.291823921150637 ], [ -74.194283007955676, 11.303660836148083 ], [ -74.188905904873877, 11.303224452201619 ], [ -74.188843603066005, 11.30056351714029 ], [ -74.185426834803764, 11.298720248166831 ], [ -74.18196668416698, 11.303861982575199 ], [ -74.179975493091035, 11.304618635040356 ], [ -74.177064280903949, 11.302850690761829 ], [ -74.176176935138926, 11.306207428158984 ], [ -74.173389332131762, 11.307599305020574 ], [ -74.17108230482836, 11.304663091800876 ], [ -74.167218329708476, 11.30553779736141 ], [ -74.166684291626268, 11.303971745112335 ], [ -74.169583283122506, 11.300239515220369 ], [ -74.167914689000327, 11.295462273427347 ], [ -74.164054641317989, 11.296155122998528 ], [ -74.160792844243872, 11.299784643930593 ], [ -74.156899560666204, 11.295986383321122 ], [ -74.152399161898018, 11.296145067249256 ], [ -74.14895298636327, 11.298126523274675 ], [ -74.146656055233393, 11.301725417021032 ], [ -74.1489016494005, 11.302861231601753 ], [ -74.150016526930187, 11.3061877496487 ], [ -74.154010756971729, 11.308028277860046 ], [ -74.154570448263939, 11.314040272063096 ], [ -74.159780167227211, 11.319954542061794 ], [ -74.160909041418506, 11.324158491160063 ], [ -74.150977070177817, 11.326063507680431 ], [ -74.150692486363994, 11.33158466830929 ], [ -74.144702445207315, 11.332599070991023 ], [ -74.14592498590963, 11.335134283134835 ], [ -74.144749428032412, 11.336968473726813 ], [ -74.142052003375227, 11.332584540729727 ], [ -74.139110559261439, 11.332978265446002 ], [ -74.138298311815731, 11.33173866931611 ], [ -74.142495245066073, 11.327927765807203 ], [ -74.142525379974586, 11.325690134313106 ], [ -74.134926639016726, 11.325812660123916 ], [ -74.134972473793994, 11.315514281956553 ], [ -74.13035995710419, 11.31876801394958 ], [ -74.125350522184704, 11.319464342698666 ], [ -74.127848535961277, 11.324574185990741 ], [ -74.125903598277887, 11.328777616760703 ], [ -74.128171175135833, 11.329790214725563 ], [ -74.126164618364726, 11.332179369670939 ], [ -74.126762391967134, 11.333797013106278 ], [ -74.124249921591172, 11.33438706927592 ], [ -74.117064110447359, 11.330971202024671 ], [ -74.117952309612576, 11.328249644108098 ], [ -74.114949406311325, 11.327191702744813 ], [ -74.11626656124804, 11.324364263914617 ], [ -74.11042029107557, 11.323223143879602 ], [ -74.109954097410991, 11.318922145212241 ], [ -74.105358174414334, 11.318907497271539 ], [ -74.103734841045423, 11.325045997723635 ], [ -74.107320240288857, 11.329914008060257 ], [ -74.106937681640488, 11.334313704706517 ], [ -74.111459571720616, 11.339139406156221 ], [ -74.111691217772602, 11.341959917173426 ], [ -74.111014278276059, 11.345713058065201 ], [ -74.107276142854744, 11.347920843908526 ], [ -74.105238373195903, 11.347512826984655 ], [ -74.106356640071908, 11.345668190774234 ], [ -74.104640540304672, 11.344292521329976 ], [ -74.105053831241719, 11.340346399703492 ], [ -74.099951941639517, 11.339878139013763 ], [ -74.098818018014015, 11.337428934338732 ], [ -74.095692702988117, 11.339213195629043 ], [ -74.097852554689609, 11.333800417723921 ], [ -74.095416521123809, 11.332681761877097 ], [ -74.095462372070756, 11.330897708996076 ], [ -74.09881742422715, 11.329415813684761 ], [ -74.09771420863575, 11.327223624403871 ], [ -74.099414675009598, 11.326255877560243 ], [ -74.09981268379488, 11.322188810260741 ], [ -74.096763853189884, 11.319679253123581 ], [ -74.092367035646362, 11.318893312861917 ], [ -74.089425755026127, 11.321509052746933 ], [ -74.087740496243782, 11.319483155232376 ], [ -74.086193220595703, 11.320178681785251 ], [ -74.085580313961998, 11.316111659401599 ], [ -74.080402291180462, 11.315900089813908 ], [ -74.076722926286834, 11.319030644717031 ], [ -74.076540356136263, 11.322634242045979 ], [ -74.078506964794826, 11.324139162094696 ], [ -74.077304187942843, 11.328157713143639 ], [ -74.079881542785188, 11.330187646791956 ], [ -74.080371820301764, 11.332803244743047 ], [ -74.076959672078715, 11.336145745628301 ], [ -74.075944637880866, 11.341262432291614 ], [ -74.069489740652102, 11.342060235714371 ], [ -74.064835418132247, 11.345286331914053 ], [ -74.064048201363562, 11.343627461164203 ], [ -74.06649192361607, 11.339661190309869 ], [ -74.062811096263943, 11.33799547079883 ], [ -74.06330885585453, 11.336552265957664 ], [ -74.060785959623047, 11.334105266648407 ], [ -74.063078693820557, 11.330717097174386 ], [ -74.055406428393042, 11.328118883434513 ], [ -74.049467257973163, 11.332001675579647 ], [ -74.051124123681689, 11.336062663974701 ], [ -74.054043898616897, 11.338043260311736 ], [ -74.051461652443948, 11.343661450746708 ], [ -74.052104125352173, 11.345419349157396 ], [ -74.043693130660358, 11.348822923852538 ], [ -74.041269268378016, 11.347787959615857 ], [ -74.040548149700612, 11.344361197588171 ], [ -74.041845000899059, 11.341813603954904 ], [ -74.036569188336102, 11.338497501881989 ], [ -74.033975806638011, 11.340911377585371 ], [ -74.03189016661787, 11.340510542697928 ], [ -74.033118417016681, 11.344538182009842 ], [ -74.030637747925425, 11.34662940416564 ], [ -74.030006576730727, 11.345483371240448 ], [ -74.023625256972309, 11.345971799124356 ], [ -74.021382344278436, 11.342555834854977 ], [ -74.012892728970314, 11.343399642836744 ], [ -74.010571308847943, 11.338848772184065 ], [ -74.005429371420178, 11.342830509345049 ], [ -73.992780339232866, 11.340935807288986 ], [ -73.988361995343041, 11.337418830978663 ], [ -73.979665207704045, 11.339858138906322 ], [ -73.975156010828982, 11.33869955111669 ], [ -73.974847318908644, 11.333186115107083 ], [ -73.97011327623369, 11.330677476048891 ], [ -73.967226941111619, 11.331403282139206 ], [ -73.962177882371691, 11.327529662698737 ], [ -73.960373560786707, 11.328893687272739 ], [ -73.960916214617669, 11.325137171407732 ], [ -73.955179188654029, 11.322420217360673 ], [ -73.954909622887044, 11.320083743258806 ], [ -73.947107717884307, 11.314313852404268 ], [ -73.945478621818324, 11.315289016643135 ], [ -73.936641564830893, 11.311747959175761 ], [ -73.934183322198578, 11.312766635146716 ], [ -73.925406993169361, 11.307727279117898 ], [ -73.91925342526298, 11.307742428318932 ], [ -73.907871650151833, 11.301442407955108 ], [ -73.894663476441679, 11.29881599427938 ], [ -73.874575899090416, 11.28280721264133 ], [ -73.865402553016793, 11.279359839651306 ], [ -73.857996461315054, 11.274194200155875 ], [ -73.846819646880704, 11.272815792644394 ], [ -73.829638842238921, 11.266607088796945 ], [ -73.790686394427212, 11.256427906382953 ], [ -73.775136363007391, 11.257919914935769 ], [ -73.771630819564791, 11.262305616717072 ], [ -73.760948072642236, 11.265112031359592 ], [ -73.715224164636652, 11.253891887551333 ], [ -73.708786752230537, 11.254619000691434 ], [ -73.706063871992853, 11.257535184159281 ], [ -73.698547951278556, 11.260801539288764 ], [ -73.660517402956827, 11.252124713129604 ], [ -73.648941849406299, 11.255422946799001 ], [ -73.625581417609339, 11.258519272269268 ], [ -73.613124837048588, 11.258449467726166 ], [ -73.593041277864813, 11.263474104847319 ], [ -73.566634821801983, 11.257263287262276 ], [ -73.565340742806711, 11.253947601109644 ], [ -73.568372278133779, 11.247821562995455 ], [ -73.568230542733602, 11.232211039874528 ], [ -73.571995569244393, 11.232268887831651 ], [ -73.574231430157681, 11.229661990969305 ], [ -73.578105067564422, 11.229726296920205 ], [ -73.577299573658365, 11.227741741704563 ], [ -73.572625401948244, 11.225117193831181 ], [ -73.579267725623822, 11.224284978617391 ], [ -73.575441640574525, 11.221885811041886 ], [ -73.574437428389501, 11.218392740716922 ], [ -73.578737096650855, 11.218875509210079 ], [ -73.581954642678795, 11.216503575880722 ], [ -73.581005443365598, 11.210540895632789 ], [ -73.583935047674515, 11.202976756010628 ], [ -73.582172231881998, 11.200308416130554 ], [ -73.58287716200681, 11.19199971268165 ], [ -73.584249888567854, 11.189088755616297 ], [ -73.586734625233987, 11.191697360177329 ], [ -73.591586920430473, 11.188422800727835 ], [ -73.588570100417826, 11.184890028428924 ], [ -73.591002846147092, 11.178636557003585 ], [ -73.59807841595142, 11.179562303082662 ], [ -73.601170404352047, 11.17772884461823 ], [ -73.603383784907408, 11.17290090187015 ], [ -73.608031490431529, 11.173076279204508 ], [ -73.610288070105014, 11.171524831776935 ], [ -73.61248121339753, 11.167727862047514 ], [ -73.608962639881327, 11.165759929271132 ], [ -73.608206218283442, 11.163546876601117 ], [ -73.610097938828687, 11.163011944694517 ], [ -73.61339119043754, 11.165537665231454 ], [ -73.615246692678284, 11.161207880926213 ], [ -73.619782883949142, 11.161706078895008 ], [ -73.616751840899212, 11.153586189791213 ], [ -73.618502074877824, 11.15068236265995 ], [ -73.621799119176842, 11.150489514876028 ], [ -73.62746695055398, 11.141701583197346 ], [ -73.630592844993714, 11.145973965110159 ], [ -73.634263410882113, 11.146339217700813 ], [ -73.634145977624712, 11.141784758275776 ], [ -73.644570656326721, 11.144553465205888 ], [ -73.644791329448765, 11.137627661746819 ], [ -73.651380029947404, 11.138695525010291 ], [ -73.653367655607099, 11.137524440746802 ], [ -73.650001228075212, 11.131514580044268 ], [ -73.651957681271426, 11.127514663662453 ], [ -73.648531969375085, 11.125517376614141 ], [ -73.64963268225813, 11.123867196173308 ], [ -73.648366546280329, 11.122721054551846 ], [ -73.643280703296853, 11.123428559250272 ], [ -73.642914350269109, 11.116277862380571 ], [ -73.637403141184905, 11.108752676435131 ], [ -73.639161525584541, 11.103271179152614 ], [ -73.648460652966207, 11.09707455226544 ], [ -73.645785598174029, 11.091021013642319 ], [ -73.650872307134136, 11.088533697012679 ], [ -73.648523162285073, 11.085950754644784 ], [ -73.648580942868477, 11.081709086156025 ], [ -73.642100137307978, 11.07974714604569 ], [ -73.640884645691301, 11.077925873237803 ], [ -73.642807124576393, 11.07531654283747 ], [ -73.647397177078005, 11.075451859769771 ], [ -73.644759620690593, 11.071875917098907 ], [ -73.640959697298172, 11.070656251906144 ], [ -73.645231664189055, 11.067748323962292 ], [ -73.650028099401709, 11.060798149190134 ], [ -73.644917059552768, 11.058627744072226 ], [ -73.645024682301141, 11.054286472101978 ], [ -73.641098170912926, 11.054386039650751 ], [ -73.635451935950755, 11.041631613437062 ], [ -73.643553043961958, 11.039448686692424 ], [ -73.644132598817578, 11.036450227360433 ], [ -73.649489895828253, 11.033153040229195 ], [ -73.649625412186708, 11.030558079291609 ], [ -73.653036705212912, 11.030564072855952 ], [ -73.651822461357199, 11.024579340746868 ], [ -73.648284689929767, 11.019920152947577 ], [ -73.648634224685395, 11.015841960004479 ], [ -73.651045742309293, 11.011133550776606 ], [ -73.658159551629069, 11.005471651878338 ], [ -73.661053782948841, 10.997784507642905 ], [ -73.663321683200536, 10.996197026065602 ], [ -73.664939449705173, 10.989810719755042 ], [ -73.661712404883815, 10.980938628443596 ], [ -73.652457752229054, 10.976521816182583 ], [ -73.645058157148583, 10.968014697187186 ], [ -73.642815802308974, 10.967574731654793 ], [ -73.642102198044881, 10.963725118811169 ], [ -73.643899929583654, 10.956580314894381 ] ] ] } },
{ "type": "Feature", "properties": { "codigo_dane": "70", "nombre entidad": "SUCRE" }, "geometry": { "type": "Polygon", "coordinates": [ [ [ -75.497477587586502, 10.145482637293526 ], [ -75.544921554237987, 10.044378204556949 ], [ -75.542589028234886, 10.039147308692293 ], [ -75.538421806786289, 10.037853129085647 ], [ -75.534464015136621, 10.038873416635511 ], [ -75.529679471831116, 10.031954585006872 ], [ -75.520560373264118, 10.02583536421281 ], [ -75.516824462073203, 10.025244274979741 ], [ -75.510457568371407, 10.0251508303528 ], [ -75.502059573210431, 10.035067002909955 ], [ -75.49082343937738, 10.03825376993683 ], [ -75.487279990592867, 10.036755306983537 ], [ -75.487521171370872, 10.033894308864205 ], [ -75.476109761713133, 10.018560556902855 ], [ -75.482042979891219, 10.012589875354308 ], [ -75.484419137102407, 10.006868579802131 ], [ -75.470182448166156, 10.004013366837796 ], [ -75.473171645860134, 10.001264188399205 ], [ -75.477276413685502, 9.992739536970475 ], [ -75.475947172805377, 9.990662888195118 ], [ -75.476695850021031, 9.983282682367246 ], [ -75.48009600033555, 9.978449512318321 ], [ -75.477314580437394, 9.973582820709566 ], [ -75.469626981654073, 9.972187163734304 ], [ -75.469428768228681, 9.967904521256116 ], [ -75.464180146792728, 9.961382157800813 ], [ -75.46770235040384, 9.957024549055802 ], [ -75.466188790351907, 9.953877723853225 ], [ -75.472221879709593, 9.947308416200428 ], [ -75.473268177999216, 9.939332035772566 ], [ -75.475187857731612, 9.939205039941328 ], [ -75.477750635600216, 9.935089344101868 ], [ -75.46918593544757, 9.924713811369884 ], [ -75.471340010977201, 9.923277033081376 ], [ -75.474660601036874, 9.928082120873796 ], [ -75.482048903386897, 9.929895499280633 ], [ -75.480592339688485, 9.926034588316668 ], [ -75.473376581384173, 9.922435663129249 ], [ -75.476353995867214, 9.917068916732546 ], [ -75.463826384562026, 9.905876745586227 ], [ -75.468892789783922, 9.897883750803942 ], [ -75.465507150866017, 9.891769970211556 ], [ -75.462440307228576, 9.890116810056554 ], [ -75.461495545596392, 9.893749776928814 ], [ -75.449739902145836, 9.894749854165298 ], [ -75.448430802408723, 9.897372902749282 ], [ -75.453779357906399, 9.899433309073004 ], [ -75.448655006810952, 9.908021298067979 ], [ -75.446438188400236, 9.908803760948388 ], [ -75.446096440247743, 9.913207662611853 ], [ -75.443340054619853, 9.914111295744249 ], [ -75.434328496156184, 9.911411144697979 ], [ -75.430853765850657, 9.912734033585707 ], [ -75.433069850337176, 9.897137737993546 ], [ -75.427592429612673, 9.892876221212703 ], [ -75.426339501575058, 9.89460657635658 ], [ -75.420092610314441, 9.8929062519166 ], [ -75.396696345590499, 9.893831778806543 ], [ -75.397283278315399, 9.890557269662736 ], [ -75.418702748375665, 9.890472539599273 ], [ -75.418874780381202, 9.888508550430174 ], [ -75.422049829774153, 9.887305991868971 ], [ -75.420846732223367, 9.886537375631349 ], [ -75.421781513564724, 9.884455493267069 ], [ -75.409320003944117, 9.884798370602766 ], [ -75.39358453764396, 9.880814634688761 ], [ -75.390516248616052, 9.876631052210826 ], [ -75.391747755410336, 9.874164465121169 ], [ -75.385980589148232, 9.869826623819733 ], [ -75.384126289752658, 9.871343152806105 ], [ -75.382735074949949, 9.861621728869466 ], [ -75.380696531841068, 9.859281756725125 ], [ -75.379008731722763, 9.860126790908225 ], [ -75.376768294787837, 9.849402361224975 ], [ -75.365591786679261, 9.845420257551098 ], [ -75.361874113998113, 9.846105233382559 ], [ -75.358802444607079, 9.838905565714413 ], [ -75.352374707962611, 9.838426750710028 ], [ -75.338261453034647, 9.828226993266355 ], [ -75.340854258013849, 9.819973768915361 ], [ -75.335604809228869, 9.81190182832637 ], [ -75.342300032038793, 9.789922848433775 ], [ -75.34575821356691, 9.78443631429343 ], [ -75.347035797683816, 9.773365270279896 ], [ -75.349942437442451, 9.764846476769776 ], [ -75.352512629112994, 9.762516518153859 ], [ -75.357029312553664, 9.751611826992132 ], [ -75.359974189132856, 9.737500230355522 ], [ -75.364055480367824, 9.738317815594939 ], [ -75.365989410086968, 9.726530352893292 ], [ -75.372350576125939, 9.727636727862034 ], [ -75.373288331791628, 9.721981084836386 ], [ -75.377959707942409, 9.720356970830949 ], [ -75.377042265896421, 9.715719798960208 ], [ -75.371581985041189, 9.71490755600604 ], [ -75.371868107670366, 9.711336728346453 ], [ -75.374147775861672, 9.711566081896024 ], [ -75.374135872276383, 9.708472352558999 ], [ -75.376995689110174, 9.703642361650395 ], [ -75.37134453137628, 9.699915516264582 ], [ -75.370116512743039, 9.692423674910685 ], [ -75.371604892099185, 9.689621758136354 ], [ -75.375324898605356, 9.69020266136431 ], [ -75.376139688285321, 9.683774036285286 ], [ -75.378842110274434, 9.684834724698931 ], [ -75.380750801805561, 9.682209671971918 ], [ -75.37804519798118, 9.680316070353001 ], [ -75.379953882325765, 9.677691025710828 ], [ -75.378869545743441, 9.676386231602351 ], [ -75.37142756541914, 9.674629473154596 ], [ -75.375413891178198, 9.666523004891872 ], [ -75.374901624682536, 9.658017031249358 ], [ -75.381075197187897, 9.657458238273136 ], [ -75.383507087720375, 9.650607013906665 ], [ -75.374432761222806, 9.645167683577199 ], [ -75.376945192971164, 9.643670821423029 ], [ -75.374162941232385, 9.637315238418012 ], [ -75.373857903661531, 9.630082986133573 ], [ -75.368913666720687, 9.63142123712322 ], [ -75.36779764922801, 9.629959729093571 ], [ -75.364502209321358, 9.632525634898457 ], [ -75.362546511608969, 9.630689168872095 ], [ -75.36418897192209, 9.635337842780871 ], [ -75.360706593354166, 9.636947690629938 ], [ -75.363840616655409, 9.644042146629829 ], [ -75.362899155436253, 9.647007470677863 ], [ -75.358895588298196, 9.645804571654878 ], [ -75.356245832779507, 9.647309143156974 ], [ -75.354725079013008, 9.645137235156369 ], [ -75.350575769087129, 9.64490217191036 ], [ -75.347291238330001, 9.642466899218164 ], [ -75.344025157186877, 9.643311719602025 ], [ -75.336194053320867, 9.632191052612654 ], [ -75.330971151570338, 9.631863522107494 ], [ -75.331596749612515, 9.623458015228152 ], [ -75.334329019947347, 9.619935881685649 ], [ -75.332109013413174, 9.616855236321157 ], [ -75.327082391912029, 9.616707619646149 ], [ -75.323957537722208, 9.628747734621072 ], [ -75.315285679250508, 9.647878966555368 ], [ -75.314728351427732, 9.652764226355828 ], [ -75.300724948868435, 9.657171566772945 ], [ -75.300572870257838, 9.661124589262897 ], [ -75.302046259414965, 9.66277282125634 ], [ -75.299788166078997, 9.669953405099363 ], [ -75.281209178397319, 9.684395548786313 ], [ -75.276457125384923, 9.686258790019394 ], [ -75.267232639978033, 9.683549869612307 ], [ -75.271401366105977, 9.67728153105719 ], [ -75.270559492198572, 9.670003011007225 ], [ -75.264960025363962, 9.671180608960015 ], [ -75.262460706334252, 9.665653067592643 ], [ -75.26043980974481, 9.665721239895561 ], [ -75.257196587150645, 9.661719491847407 ], [ -75.251062725602424, 9.658930518009981 ], [ -75.247507882577736, 9.6608560520678 ], [ -75.243852016732319, 9.65871254612415 ], [ -75.238244653700065, 9.654645916304617 ], [ -75.237607974031732, 9.65167437860481 ], [ -75.233557489645648, 9.649791511862077 ], [ -75.232676227276556, 9.646671534629832 ], [ -75.230948419756885, 9.647027447429082 ], [ -75.229297578155467, 9.651231827719016 ], [ -75.216368247121636, 9.649978628389931 ], [ -75.213609314767893, 9.647736566401363 ], [ -75.210423445158767, 9.652070994102019 ], [ -75.20021172394263, 9.652028309718958 ], [ -75.197640204561026, 9.645364384238462 ], [ -75.188055524980882, 9.644932975166 ], [ -75.180173226086026, 9.638956657582867 ], [ -75.172606949370106, 9.641700529668867 ], [ -75.167778569142115, 9.646306300903859 ], [ -75.164505658102428, 9.646466148151205 ], [ -75.167498019665402, 9.639342256132636 ], [ -75.178847023310595, 9.631371447060587 ], [ -75.181322272861451, 9.627704768185481 ], [ -75.189332587176182, 9.629266062953093 ], [ -75.187475456288496, 9.623320412979865 ], [ -75.182365425248406, 9.6171345470201 ], [ -75.185636589961803, 9.610399889036103 ], [ -75.181059507346561, 9.601913083660406 ], [ -75.177759240788077, 9.60281002074538 ], [ -75.167217386645348, 9.613418444595311 ], [ -75.16208027856436, 9.610908150839009 ], [ -75.163111200379035, 9.606309172669626 ], [ -75.154185434686553, 9.600444934380562 ], [ -75.144221123171576, 9.599732093685077 ], [ -75.133387012697995, 9.596426073412601 ], [ -75.133403476135356, 9.590316734094529 ], [ -75.131409907216948, 9.586083765796161 ], [ -75.131971246919079, 9.579991744213942 ], [ -75.123148049150871, 9.577239638163519 ], [ -75.122071324, 9.573583737283798 ], [ -75.118614593252175, 9.574061104202826 ], [ -75.111933173067655, 9.56731639855434 ], [ -75.103475147939946, 9.565844137682177 ], [ -75.103382365371885, 9.562549319410209 ], [ -75.100655546916869, 9.558987206314157 ], [ -75.097337322123224, 9.555876055036606 ], [ -75.094152710156436, 9.555617773016934 ], [ -75.093203018566101, 9.551852860592248 ], [ -75.086649569783958, 9.547973964443656 ], [ -75.084774524678608, 9.545264858983501 ], [ -75.085924891080197, 9.541328149013736 ], [ -75.084996714158024, 9.538293278239337 ], [ -75.077852678301497, 9.532755737716514 ], [ -75.069435025291511, 9.535831869043136 ], [ -75.063828483320094, 9.535623708564628 ], [ -75.056386668285938, 9.532532738854343 ], [ -75.042316430117978, 9.540388764701163 ], [ -75.039885659785568, 9.540426696992597 ], [ -75.034443684813766, 9.534329534347876 ], [ -75.027159562865222, 9.531288458904839 ], [ -75.027006650617352, 9.528991025616335 ], [ -75.014813082608384, 9.530184733968269 ], [ -75.01239443235545, 9.528293674583665 ], [ -75.020048859922156, 9.525599220657455 ], [ -75.021511234826733, 9.522545194192674 ], [ -75.021192994705643, 9.517828624662229 ], [ -75.026784332678744, 9.513902397141919 ], [ -75.026835648980239, 9.511551187962652 ], [ -75.028948844843683, 9.509836700672679 ], [ -75.027449771933846, 9.501674509868394 ], [ -75.028462201913669, 9.500899818319681 ], [ -75.025854219885616, 9.495504419235886 ], [ -75.029055863025405, 9.491648994287743 ], [ -75.031768214999602, 9.48250877271829 ], [ -75.034356387363232, 9.481350765240791 ], [ -75.034149251863312, 9.479257653028128 ], [ -75.036469484411896, 9.476790613187234 ], [ -75.035739253216946, 9.472355468093326 ], [ -75.033645433131312, 9.471199275214133 ], [ -75.032229271195035, 9.466568755373373 ], [ -75.02612214263263, 9.463906609382093 ], [ -75.021493968294919, 9.459258122323035 ], [ -75.016748032814462, 9.462257626396479 ], [ -75.013780967830087, 9.456641004421272 ], [ -74.99799814680199, 9.447224867787384 ], [ -74.991680250848106, 9.447823687927894 ], [ -74.987031181680209, 9.446605149223387 ], [ -74.985659321095795, 9.444257931262143 ], [ -74.98135182580711, 9.445491937171539 ], [ -74.97878437489868, 9.444528569618399 ], [ -74.978704717625703, 9.442717977787765 ], [ -74.974475630052495, 9.439109975117162 ], [ -74.966878827660537, 9.43442238076932 ], [ -74.958698039020192, 9.43376984133198 ], [ -74.95646114594183, 9.434993143806253 ], [ -74.954641307744623, 9.43391102516614 ], [ -74.945764166100616, 9.43706544832537 ], [ -74.939054171382395, 9.446742729912046 ], [ -74.935661855281694, 9.448166120597193 ], [ -74.934417917590565, 9.44684192016814 ], [ -74.928551700311402, 9.447185288882736 ], [ -74.925360653707116, 9.444016203409717 ], [ -74.913897678016042, 9.440419845609426 ], [ -74.908783864167276, 9.432687923914614 ], [ -74.901411516807741, 9.433583324879237 ], [ -74.893909881114553, 9.429325505567078 ], [ -74.890778329080604, 9.430964062697171 ], [ -74.890121596304198, 9.428176066227593 ], [ -74.88653682408534, 9.425701695229804 ], [ -74.888424724990955, 9.422958445676784 ], [ -74.892965995340489, 9.420550461129721 ], [ -74.896945045638233, 9.420900672317259 ], [ -74.908615791040347, 9.417248938725493 ], [ -74.915108086062446, 9.413943384678987 ], [ -74.915787920831463, 9.407732306582318 ], [ -74.9206917775698, 9.402576183846577 ], [ -74.924422099438516, 9.391617124803929 ], [ -74.921984507294439, 9.386795140585889 ], [ -74.929523220082217, 9.377777154671207 ], [ -74.932347054868615, 9.366968362335797 ], [ -74.936293732552713, 9.361375390325861 ], [ -74.940149592285877, 9.359035661625114 ], [ -74.94206590872318, 9.351407913145295 ], [ -74.950514105375476, 9.347947443606301 ], [ -74.949377042135495, 9.342290188103448 ], [ -74.944417852724882, 9.335849150093964 ], [ -74.932871210576536, 9.328404490093021 ], [ -74.933982439146632, 9.317478839422392 ], [ -74.938459425104895, 9.313091219736464 ], [ -74.93727850607786, 9.308911051757661 ], [ -74.942579982630605, 9.303534122949145 ], [ -74.942132651805309, 9.298665665251121 ], [ -74.944511226384861, 9.295801294853504 ], [ -74.941123944447043, 9.294818787779661 ], [ -74.941043299026433, 9.291800434341553 ], [ -74.931239378239979, 9.291674759034834 ], [ -74.92958360308711, 9.287866990648808 ], [ -74.930182313633111, 9.283323178064961 ], [ -74.925721110188647, 9.278960977128577 ], [ -74.926510303252542, 9.272481004306997 ], [ -74.924029857841958, 9.268487656411764 ], [ -74.930582692176017, 9.262293984085886 ], [ -74.930998740044856, 9.254840198991076 ], [ -74.927381706603512, 9.25043846765908 ], [ -74.917654569377135, 9.250085008160852 ], [ -74.910447695418043, 9.244934817005685 ], [ -74.909738857618663, 9.239063635632249 ], [ -74.904669290324478, 9.229612942578456 ], [ -74.906356846999131, 9.227938399807726 ], [ -74.904866220056306, 9.225179080279759 ], [ -74.905801682321226, 9.215529253925013 ], [ -74.909891709679357, 9.209748583278497 ], [ -74.908369578794407, 9.200742880936787 ], [ -74.902224396667918, 9.193227704028175 ], [ -74.906486210791343, 9.17595083886323 ], [ -74.903027549562466, 9.163482235241133 ], [ -74.899751127005572, 9.163688249642689 ], [ -74.898286862942427, 9.16100710786128 ], [ -74.89329320874009, 9.162455029759769 ], [ -74.890439719644235, 9.157868943323308 ], [ -74.887517595612678, 9.160696261779151 ], [ -74.880597060776893, 9.160270303688208 ], [ -74.874380170575705, 9.15739663122838 ], [ -74.874447765261436, 9.15527324217328 ], [ -74.870562823446164, 9.151426325175976 ], [ -74.863256036984922, 9.148477619075663 ], [ -74.860278452720138, 9.136872092313524 ], [ -74.858605554765973, 9.136603256877436 ], [ -74.857299089789706, 9.132542333161098 ], [ -74.851647209809755, 9.130315152675337 ], [ -74.849158295075938, 9.122995066645728 ], [ -74.84652454126018, 9.121786871151642 ], [ -74.844878796703767, 9.113291668318027 ], [ -74.84593832808639, 9.110166569786259 ], [ -74.838320647033981, 9.100539670252431 ], [ -74.838789933600594, 9.098743382307475 ], [ -74.837051231304486, 9.096816337282178 ], [ -74.839071538598603, 9.096327674937754 ], [ -74.838501054039625, 9.094326953627387 ], [ -74.829098402027228, 9.0864739416308 ], [ -74.83195478729391, 9.079206673887029 ], [ -74.828361090305577, 9.072703296340364 ], [ -74.828213910212128, 9.061884316203191 ], [ -74.823764952611384, 9.057419909363887 ], [ -74.816904241129635, 9.055390028716147 ], [ -74.811697547694678, 9.049707637433301 ], [ -74.807933455432533, 9.050478491376055 ], [ -74.800153998448309, 9.048985145230745 ], [ -74.798427892339191, 9.050538933669827 ], [ -74.791410131864382, 9.046841706660814 ], [ -74.785639343592209, 9.046815546800588 ], [ -74.784479587991768, 9.039125604310811 ], [ -74.781851254614764, 9.03766086773345 ], [ -74.769167178221949, 9.03757825769577 ], [ -74.75530328323913, 9.044436119719137 ], [ -74.75049141405924, 9.042356200175277 ], [ -74.745541656068269, 9.037660755443937 ], [ -74.747254634187414, 9.036430674277142 ], [ -74.7456954881917, 9.033562515680956 ], [ -74.747669198038238, 9.032274482352364 ], [ -74.748126283676982, 9.028286103941241 ], [ -74.742780793233464, 9.025102383103956 ], [ -74.736857576007424, 9.015829403904434 ], [ -74.726321580681599, 9.015419776300007 ], [ -74.716422263227571, 9.01032604610208 ], [ -74.70494316366262, 9.00784761561431 ], [ -74.683827410648746, 9.011506880687421 ], [ -74.678692185438081, 9.006809340184873 ], [ -74.670172819700667, 9.005709520227924 ], [ -74.669101481750886, 9.004803406845042 ], [ -74.670044975859128, 8.998130920413132 ], [ -74.66645828663394, 8.99363778542812 ], [ -74.660500352189445, 8.989846302612818 ], [ -74.651998484749413, 8.988767113381186 ], [ -74.639360847700516, 8.977455864160845 ], [ -74.637609773796498, 8.968835421703716 ], [ -74.633969728194131, 8.965168405061831 ], [ -74.631090676618157, 8.954259508882899 ], [ -74.627747708608581, 8.950265566302505 ], [ -74.626887374307387, 8.945081393649673 ], [ -74.62342871667181, 8.939011209231069 ], [ -74.623359441236801, 8.930498907850676 ], [ -74.606026860716895, 8.931011216567185 ], [ -74.604933335260228, 8.928829446853513 ], [ -74.608346556072547, 8.924960725031951 ], [ -74.608569840599216, 8.919465887756814 ], [ -74.598993810005538, 8.903341871938892 ], [ -74.594713953205257, 8.900991178393042 ], [ -74.59658385634981, 8.893443441122713 ], [ -74.591927774028932, 8.887023639303436 ], [ -74.591542762079541, 8.880935543362114 ], [ -74.589194602683108, 8.877338760658347 ], [ -74.589536631110207, 8.871822909975378 ], [ -74.584534815707059, 8.869030351857134 ], [ -74.582585283137348, 8.872927517058258 ], [ -74.579443960120329, 8.872765656684749 ], [ -74.580515280103782, 8.862076908113011 ], [ -74.579183703602041, 8.860320534144535 ], [ -74.582016628448059, 8.84749919237197 ], [ -74.585916557767518, 8.843302201629456 ], [ -74.586010962694274, 8.841172967232126 ], [ -74.564654046868725, 8.836956397692347 ], [ -74.561357385252336, 8.826555553110438 ], [ -74.555531976672341, 8.824375923185528 ], [ -74.548092412818107, 8.813063507951028 ], [ -74.539659315959454, 8.805290829659327 ], [ -74.540297123014398, 8.799894670600168 ], [ -74.549864303398863, 8.80147993782856 ], [ -74.55565115625609, 8.799448450093507 ], [ -74.556074663741015, 8.797651809110334 ], [ -74.564216743046643, 8.795483552764324 ], [ -74.575175908988911, 8.785549393225836 ], [ -74.576422202962874, 8.778158387843007 ], [ -74.571147240206869, 8.776837592929894 ], [ -74.571473838260033, 8.77303724643059 ], [ -74.57312954064929, 8.77217612430627 ], [ -74.576253474065197, 8.7747974391404 ], [ -74.583041853142674, 8.770935042361714 ], [ -74.585651159288489, 8.771027759352705 ], [ -74.587996938147512, 8.767020027621697 ], [ -74.587325880824096, 8.76253018586317 ], [ -74.58934908069574, 8.761143780644318 ], [ -74.596278954424633, 8.763560316261419 ], [ -74.606602912140147, 8.762882144275295 ], [ -74.60984787387406, 8.759393917670252 ], [ -74.610733818266112, 8.755937903778602 ], [ -74.599925765244791, 8.744225690313385 ], [ -74.600279525678843, 8.73991783210505 ], [ -74.607588980138587, 8.731805322667185 ], [ -74.609130290968437, 8.725738044300897 ], [ -74.606187220902711, 8.715908322082271 ], [ -74.604723535355049, 8.716739182635536 ], [ -74.600924389904264, 8.711938696915979 ], [ -74.594811062961469, 8.694639478954002 ], [ -74.594507910955883, 8.688417941764158 ], [ -74.59712327175157, 8.677937489316605 ], [ -74.591721757830726, 8.672110574260728 ], [ -74.590667375595444, 8.668774331044744 ], [ -74.59913511062075, 8.655309480605581 ], [ -74.597137625044638, 8.647837444424567 ], [ -74.589612503777914, 8.639100396957417 ], [ -74.586707926552776, 8.630780519355767 ], [ -74.589935022578118, 8.616822652434564 ], [ -74.587655771205448, 8.610309098764276 ], [ -74.592964225876869, 8.605338864558405 ], [ -74.595323147098952, 8.600419899941642 ], [ -74.594710957321354, 8.592295992670358 ], [ -74.576643691755805, 8.58391141924875 ], [ -74.563750853012834, 8.571764283397158 ], [ -74.562581999267934, 8.56905479615267 ], [ -74.564758259609562, 8.559507544908683 ], [ -74.563944264040913, 8.549162071626711 ], [ -74.568670687199528, 8.547150963088427 ], [ -74.572341248596388, 8.547540145919015 ], [ -74.576549056860188, 8.544320432254551 ], [ -74.573939930377549, 8.539825770132381 ], [ -74.574066065622048, 8.529820458576808 ], [ -74.572302568906025, 8.5293013145739 ], [ -74.572199453009034, 8.525396666400468 ], [ -74.566381971169449, 8.514760272583601 ], [ -74.56653289724062, 8.511730011966904 ], [ -74.569470652868858, 8.509524371302177 ], [ -74.568222947640493, 8.507067227310358 ], [ -74.563538428228298, 8.505923395259344 ], [ -74.560910720977517, 8.508234541341608 ], [ -74.556333857551465, 8.508562217373992 ], [ -74.55452758572244, 8.502786932131869 ], [ -74.54604233443348, 8.495574761701619 ], [ -74.535406301739556, 8.480637178774373 ], [ -74.532853235565256, 8.454768654993586 ], [ -74.537520083305083, 8.446630115951336 ], [ -74.539072659017563, 8.427861668035348 ], [ -74.547013442775551, 8.41795981194025 ], [ -74.555642120095456, 8.411607488924005 ], [ -74.560508518853169, 8.400161482422163 ], [ -74.561064044654131, 8.390072939194283 ], [ -74.586912058083954, 8.384121140248055 ], [ -74.586545394238897, 8.385774389336348 ], [ -74.59136319499936, 8.390626307240154 ], [ -74.592605185141338, 8.394011154741634 ], [ -74.595324448758845, 8.394207947031134 ], [ -74.593458948261002, 8.39790647839493 ], [ -74.597205417359874, 8.401768366726742 ], [ -74.596775654002329, 8.403251711021767 ], [ -74.607712148245355, 8.406828818808492 ], [ -74.614535947024365, 8.40654381098949 ], [ -74.610453284060782, 8.40081018694849 ], [ -74.61196551999501, 8.392381278039011 ], [ -74.616060748602763, 8.38540510330688 ], [ -74.610900020200859, 8.37567557027171 ], [ -74.615044275302637, 8.362158497130224 ], [ -74.618969660202595, 8.357389990561956 ], [ -74.614013960749617, 8.347002820146201 ], [ -74.618536778790201, 8.344298370657839 ], [ -74.62094108742815, 8.338777828968716 ], [ -74.62343104600518, 8.339810613890734 ], [ -74.631942935058532, 8.3261164530212 ], [ -74.637822751045348, 8.321659618985791 ], [ -74.640255512045997, 8.322582345824742 ], [ -74.644431312412394, 8.316865973942583 ], [ -74.649251097552906, 8.31346278013342 ], [ -74.651192627025409, 8.306342148103624 ], [ -74.650250915176059, 8.304100120251007 ], [ -74.651691159167683, 8.302758149334863 ], [ -74.649861923686785, 8.300709672647599 ], [ -74.651917353339854, 8.298086688742387 ], [ -74.649589228186869, 8.283631213147657 ], [ -74.653487851354896, 8.27899564207604 ], [ -74.657892910049327, 8.278684200410396 ], [ -74.660271689444926, 8.280249819671212 ], [ -74.661451075046557, 8.289680763247759 ], [ -74.668038500834825, 8.295327871373104 ], [ -74.684047137844004, 8.292005056184678 ], [ -74.690700567400313, 8.296642045697297 ], [ -74.702081707402101, 8.29846572419541 ], [ -74.705692276561535, 8.301497983565184 ], [ -74.713157398404292, 8.304081511635104 ], [ -74.717343222180659, 8.303725199983603 ], [ -74.724987691016167, 8.298545410214501 ], [ -74.726156807967641, 8.296212664124027 ], [ -74.724366588147234, 8.293482052978788 ], [ -74.724367249307818, 8.286964527853513 ], [ -74.726900898381814, 8.284669926955303 ], [ -74.727472805873333, 8.281022454076322 ], [ -74.73017371689491, 8.2817863694263 ], [ -74.735245704252407, 8.289214421361009 ], [ -74.73475429665433, 8.298181816813496 ], [ -74.741819784658162, 8.293330608579311 ], [ -74.747837123841407, 8.299055247663659 ], [ -74.764350494966607, 8.294539113094118 ], [ -74.769373404626037, 8.286774425323244 ], [ -74.76872104125863, 8.282812991900585 ], [ -74.770882393147929, 8.279409693886748 ], [ -74.780945392760316, 8.277881791321533 ], [ -74.788758382084211, 8.282246987243468 ], [ -74.790879800233995, 8.280217590788084 ], [ -74.790889170568221, 8.283310535895282 ], [ -74.794697125804021, 8.281906146390156 ], [ -74.794830238268901, 8.29152958830565 ], [ -74.799547732166445, 8.294002974749105 ], [ -74.80131896517986, 8.302327349320592 ], [ -74.795902249955702, 8.303383617121199 ], [ -74.798072037032171, 8.307999508784235 ], [ -74.788819444216017, 8.312889943783205 ], [ -74.790209926891123, 8.318209945408512 ], [ -74.798337456172476, 8.316637957985563 ], [ -74.800329697379823, 8.319642064131926 ], [ -74.795556740554105, 8.328202447876208 ], [ -74.799428370224575, 8.330474503737719 ], [ -74.801473862706075, 8.337969561961188 ], [ -74.804872005284324, 8.34101334223368 ], [ -74.81041307169744, 8.342004924095761 ], [ -74.812316921305296, 8.348699327641441 ], [ -74.822126256242314, 8.352254371888932 ], [ -74.828023662154692, 8.359747601141009 ], [ -74.819109189192716, 8.368451510629257 ], [ -74.819339927047224, 8.371411302847321 ], [ -74.815917120304846, 8.371447557982776 ], [ -74.813645438142771, 8.368880249008271 ], [ -74.813126954402094, 8.364545520371735 ], [ -74.803737041408851, 8.368808710715257 ], [ -74.806155184113265, 8.377565382793762 ], [ -74.803802484627795, 8.379916934231403 ], [ -74.808181131035212, 8.3866116908153 ], [ -74.815278528121723, 8.387171578838718 ], [ -74.826035054635611, 8.38532109998107 ], [ -74.830128507272605, 8.390504217112607 ], [ -74.839353458905521, 8.384697806119391 ], [ -74.841987952933664, 8.386869553321446 ], [ -74.83863563794614, 8.392377774606643 ], [ -74.840308242150968, 8.393989226848078 ], [ -74.849586981352616, 8.390927869226402 ], [ -74.847961308768902, 8.385859537116744 ], [ -74.852274553279983, 8.384710584664504 ], [ -74.860105896098048, 8.39402351017992 ], [ -74.858290306037134, 8.396410060008861 ], [ -74.875446106053118, 8.404359947301259 ], [ -74.877902769445882, 8.415516251384645 ], [ -74.882106753578512, 8.420843956069689 ], [ -74.886198036782389, 8.43097848589025 ], [ -74.886263223082892, 8.432831764798891 ], [ -74.882909006360421, 8.433021914041547 ], [ -74.882749300148646, 8.434936758138917 ], [ -74.885596438150458, 8.436825098321037 ], [ -74.89077198068145, 8.437018158107549 ], [ -74.892596288899085, 8.438847444792486 ], [ -74.895084961087605, 8.445359786634469 ], [ -74.90059367824324, 8.448301573904985 ], [ -74.899767580561445, 8.454291221599192 ], [ -74.927451777048134, 8.453343679679051 ], [ -74.925994027572585, 8.499607675026766 ], [ -74.993905485581365, 8.509516137337755 ], [ -74.997589381580951, 8.512933322418576 ], [ -75.002527942961251, 8.522350846950701 ], [ -75.00572085806283, 8.522802908307995 ], [ -75.008519407948768, 8.518695877624623 ], [ -75.007614882788573, 8.510983924596246 ], [ -75.020688439354558, 8.502132290635075 ], [ -75.024099845568571, 8.497026198710614 ], [ -75.033487336701853, 8.498919395189034 ], [ -75.034952410147753, 8.490155285952369 ], [ -75.032795313581346, 8.470902794832853 ], [ -75.040873056393366, 8.458474825636699 ], [ -75.046418308060709, 8.460359836659734 ], [ -75.046884550234438, 8.466712310593095 ], [ -75.049670638680823, 8.466418636719652 ], [ -75.051621539385849, 8.463769489360914 ], [ -75.056344675606226, 8.466002766717338 ], [ -75.057317020929418, 8.459450837885868 ], [ -75.062376517202949, 8.453264019711071 ], [ -75.085261472137802, 8.465838506941793 ], [ -75.128046121632451, 8.46828291730435 ], [ -75.134847130134517, 8.459927784393017 ], [ -75.134837934971927, 8.456533719271079 ], [ -75.129708740156616, 8.450666984561849 ], [ -75.139864126179759, 8.434182354158736 ], [ -75.13606598235134, 8.431864050294621 ], [ -75.136206089104576, 8.429929830419439 ], [ -75.144768113173882, 8.430183047733522 ], [ -75.156535368257096, 8.433321503325828 ], [ -75.156561961105638, 8.418995283725451 ], [ -75.158787397061701, 8.41634498292899 ], [ -75.162826264425291, 8.414965769628054 ], [ -75.165351981368985, 8.415813927255897 ], [ -75.171351804288577, 8.410329246341462 ], [ -75.16919470323063, 8.408389939302765 ], [ -75.177311740181096, 8.399761059861817 ], [ -75.182760895392676, 8.398956662799606 ], [ -75.185139265156181, 8.396640496029192 ], [ -75.189090243977262, 8.403186787029483 ], [ -75.196112109756143, 8.409032709553628 ], [ -75.196465205436368, 8.421354458272674 ], [ -75.205948476818207, 8.42043307621276 ], [ -75.211397329297313, 8.425335695071567 ], [ -75.207714507683647, 8.434136250785002 ], [ -75.199601532918109, 8.437373439390626 ], [ -75.192454105020374, 8.443412805282208 ], [ -75.201808680058775, 8.45307855518638 ], [ -75.206969536919814, 8.462063060863727 ], [ -75.213460659639566, 8.474033401838312 ], [ -75.216293465907881, 8.485366483730729 ], [ -75.219837991773318, 8.486366550187427 ], [ -75.219681243716138, 8.482844263931213 ], [ -75.224068098036867, 8.481477011707852 ], [ -75.231199859303615, 8.471201211814787 ], [ -75.23066779661832, 8.468990348340867 ], [ -75.231940881968626, 8.467925244704077 ], [ -75.233944776131125, 8.470266316387267 ], [ -75.241530508575011, 8.471380021614607 ], [ -75.242110048159248, 8.474383009357553 ], [ -75.235589204654616, 8.477945160182855 ], [ -75.235775409391749, 8.483677508615131 ], [ -75.241400082973257, 8.487281767104662 ], [ -75.247198763058975, 8.488206279795861 ], [ -75.250091504072486, 8.486478538751555 ], [ -75.254647045968284, 8.488438118087458 ], [ -75.273355254609953, 8.488187162733027 ], [ -75.279641891862013, 8.491516417948844 ], [ -75.279338367055288, 8.495329233074187 ], [ -75.286697086961112, 8.499453416203266 ], [ -75.294261497874743, 8.498368635852842 ], [ -75.298424128928616, 8.499431965315466 ], [ -75.306900615348411, 8.496568534556445 ], [ -75.314363822879727, 8.502373041119711 ], [ -75.311846188085099, 8.509939443599876 ], [ -75.304311168274353, 8.517750177252253 ], [ -75.308242367075479, 8.521476226730158 ], [ -75.306677974914294, 8.524599224100768 ], [ -75.313249390016495, 8.528267910712145 ], [ -75.315687947850279, 8.536961355717267 ], [ -75.318265036791104, 8.537687779849023 ], [ -75.326405103868865, 8.534413136856074 ], [ -75.324415077908782, 8.537733452031091 ], [ -75.326421200793277, 8.539392160185685 ], [ -75.323672973671307, 8.541539518108323 ], [ -75.322510312916961, 8.547158985948613 ], [ -75.330318630997624, 8.552782320141034 ], [ -75.328299829281093, 8.5624041298164 ], [ -75.325690339878804, 8.561857476682576 ], [ -75.321996054854708, 8.565656688608726 ], [ -75.320523946696255, 8.571962790571888 ], [ -75.317759436698509, 8.574224462798782 ], [ -75.318344147887956, 8.590370119049112 ], [ -75.323207027941919, 8.598620900878984 ], [ -75.324322677125053, 8.604536811202649 ], [ -75.330079892740798, 8.610587184160181 ], [ -75.330452251909321, 8.614218393926365 ], [ -75.337493707265253, 8.627035961873389 ], [ -75.337145988904581, 8.630908672218027 ], [ -75.341045011823212, 8.638085968224516 ], [ -75.338968340589986, 8.646015284080477 ], [ -75.34603917177742, 8.649310522764324 ], [ -75.345366312432134, 8.658625705747795 ], [ -75.3514607630608, 8.657985737344575 ], [ -75.353847815048482, 8.670986454856006 ], [ -75.357165254713948, 8.67027285688016 ], [ -75.354785297626051, 8.67727645540316 ], [ -75.35961557958899, 8.679696862762171 ], [ -75.359184180398017, 8.680953940121412 ], [ -75.354296256192299, 8.679266171444226 ], [ -75.353699893844293, 8.680613476560779 ], [ -75.351985458656657, 8.680051155897615 ], [ -75.34828069387811, 8.690736360612732 ], [ -75.354452778772156, 8.694527576628161 ], [ -75.349110495316779, 8.700748793119203 ], [ -75.343664230886077, 8.698390114442418 ], [ -75.341218308657687, 8.69473591766814 ], [ -75.336748183138752, 8.696180490644622 ], [ -75.3403104633216, 8.701809360260199 ], [ -75.340263278375346, 8.705681067185878 ], [ -75.338007109232308, 8.704881311722431 ], [ -75.335867201942563, 8.711336738957641 ], [ -75.342683203338709, 8.713173122338958 ], [ -75.343172819694701, 8.71519009867734 ], [ -75.339473453795335, 8.719990472107384 ], [ -75.338469497630342, 8.717866908778944 ], [ -75.339777496930367, 8.715957993567145 ], [ -75.336807066854192, 8.715121258925592 ], [ -75.336172667111839, 8.721672700869817 ], [ -75.329675125025972, 8.72563600458642 ], [ -75.329921554664338, 8.730387006569117 ], [ -75.33257219592258, 8.732287715664256 ], [ -75.329003038232429, 8.732939936199443 ], [ -75.328008721896481, 8.736497041183782 ], [ -75.331449190429737, 8.745855565219358 ], [ -75.323730556625208, 8.74748882228505 ], [ -75.324186628963503, 8.755530959444116 ], [ -75.333357685229601, 8.757844009956273 ], [ -75.332604649384734, 8.763778864866083 ], [ -75.339290544979576, 8.76591848469468 ], [ -75.335552043943665, 8.771576833448137 ], [ -75.340510151781871, 8.77248618526022 ], [ -75.344192644611837, 8.77713190281105 ], [ -75.361719212878654, 8.784602938268051 ], [ -75.368845141379609, 8.79122519536088 ], [ -75.367255677218907, 8.810042618566854 ], [ -75.368842656637526, 8.810305405641259 ], [ -75.368621281032404, 8.813283527997328 ], [ -75.370728323431251, 8.814801196946689 ], [ -75.371610465251649, 8.826524067134642 ], [ -75.363261103122341, 8.829208571312847 ], [ -75.355505210763397, 8.836308541176322 ], [ -75.353526941963139, 8.840709225970215 ], [ -75.3484985319148, 8.842665274924173 ], [ -75.350835132679265, 8.850438501188648 ], [ -75.335730856438431, 8.853380281272564 ], [ -75.335029150369735, 8.856768950210324 ], [ -75.333727388976058, 8.855868218638591 ], [ -75.331632429825731, 8.865540616081148 ], [ -75.319040272719292, 8.858220728579397 ], [ -75.309148945786035, 8.859747556758691 ], [ -75.303963726595043, 8.85692568928431 ], [ -75.299762526343727, 8.857992822216943 ], [ -75.298196703165218, 8.861860034867675 ], [ -75.301846755109466, 8.864655084914489 ], [ -75.296215133951989, 8.872249824772894 ], [ -75.287185361233014, 8.890040912965731 ], [ -75.293182350863958, 8.897345427585776 ], [ -75.286427114257037, 8.898338476397896 ], [ -75.285723157906773, 8.900016353717604 ], [ -75.287503215976585, 8.903911982798377 ], [ -75.283378347432404, 8.906360446362726 ], [ -75.28129703729536, 8.904920865328279 ], [ -75.281784582134719, 8.903430474642619 ], [ -75.277781605190285, 8.903549679379182 ], [ -75.2726886008316, 8.913643315160471 ], [ -75.267097585353952, 8.904970823376004 ], [ -75.267305426031953, 8.899660352883473 ], [ -75.265230599939798, 8.895488164645656 ], [ -75.263543177114229, 8.894905618397786 ], [ -75.260411857744145, 8.896999879556574 ], [ -75.258842777271809, 8.896081507753593 ], [ -75.25325570629974, 8.890117622863897 ], [ -75.251360526339568, 8.890573037634852 ], [ -75.244646197246652, 8.882265814610719 ], [ -75.241058837877745, 8.884808650762466 ], [ -75.242075551926519, 8.886274632405787 ], [ -75.237353144240444, 8.893271206996019 ], [ -75.231785861373169, 8.8952924332674 ], [ -75.227626845142879, 8.90100036277579 ], [ -75.22536996273692, 8.907850448975921 ], [ -75.216988066297006, 8.915760892111052 ], [ -75.20970567720002, 8.917644593389355 ], [ -75.203590739576612, 8.915395697012627 ], [ -75.200252222722838, 8.918902758609249 ], [ -75.200121531219565, 8.921745583795939 ], [ -75.192299634194228, 8.920068143057733 ], [ -75.186344966925049, 8.914250151872977 ], [ -75.180524129875209, 8.929685866293596 ], [ -75.192030649637729, 8.936017861317112 ], [ -75.187974689117311, 8.944173648026606 ], [ -75.171749225575184, 8.928278259918898 ], [ -75.167658908959311, 8.944463015373174 ], [ -75.156108513646757, 8.943597352261463 ], [ -75.157791814100165, 8.946048556587868 ], [ -75.168389050322673, 8.952432567701067 ], [ -75.180372798663541, 8.967236591700384 ], [ -75.187834175426929, 8.967480019166715 ], [ -75.18597879715378, 8.976115828217303 ], [ -75.187616711987914, 8.983215641773825 ], [ -75.186371787945859, 8.986416614769894 ], [ -75.18767659283418, 8.988706706121775 ], [ -75.192222183185379, 8.989696697066165 ], [ -75.190859524051689, 8.992109476824055 ], [ -75.202290323860268, 8.99986017781481 ], [ -75.200554471022485, 9.002113866707361 ], [ -75.207578870052544, 9.006669095090956 ], [ -75.203722479414637, 9.014356453125572 ], [ -75.208142318102261, 9.015361357912241 ], [ -75.207977340572199, 9.022807162367712 ], [ -75.209966302027794, 9.025745723785462 ], [ -75.208348408860672, 9.034548485762969 ], [ -75.211895185007677, 9.035277302110217 ], [ -75.210055066428424, 9.042338329076756 ], [ -75.207178949650768, 9.044276071248987 ], [ -75.209079906681154, 9.049934072354176 ], [ -75.216059892069779, 9.05844139436897 ], [ -75.216265120444803, 9.063225213631767 ], [ -75.224136988992598, 9.073111502808899 ], [ -75.236189119842379, 9.067119164658209 ], [ -75.240184204182412, 9.070237159307055 ], [ -75.241671343862549, 9.068967434556839 ], [ -75.245072271220408, 9.071876545582825 ], [ -75.247820024031512, 9.07195773358626 ], [ -75.24849471683973, 9.073530861870552 ], [ -75.251668720592818, 9.070829617573679 ], [ -75.256902862971515, 9.071464532949449 ], [ -75.271373126644164, 9.076762497086634 ], [ -75.281085232348914, 9.072889438195375 ], [ -75.287250084900847, 9.081382132032445 ], [ -75.291617722445665, 9.0798899033922 ], [ -75.299126551853419, 9.082513646374423 ], [ -75.29525670803514, 9.086620267425701 ], [ -75.293565962338675, 9.096201572930909 ], [ -75.297342245647258, 9.096540791425582 ], [ -75.302761547123225, 9.090275083139716 ], [ -75.309974832363594, 9.088795345583435 ], [ -75.308039276692512, 9.092787124120605 ], [ -75.311989048176883, 9.096296245555834 ], [ -75.308905653067143, 9.098077650201333 ], [ -75.30667172982146, 9.103269749594574 ], [ -75.311951821063531, 9.107481957810137 ], [ -75.31007915829224, 9.117559545176107 ], [ -75.320996110569013, 9.11562681291224 ], [ -75.328107645352702, 9.126454304593494 ], [ -75.328152429998568, 9.131296432649549 ], [ -75.335153199724516, 9.131341960202747 ], [ -75.338393943864844, 9.129187936775395 ], [ -75.340465954634624, 9.125145556097948 ], [ -75.34647944543218, 9.12374651875956 ], [ -75.355939116256025, 9.128705212299735 ], [ -75.355549849882095, 9.136695541778465 ], [ -75.363995542029386, 9.136942534660932 ], [ -75.365105890249822, 9.139278812031648 ], [ -75.379372358361479, 9.136832295118097 ], [ -75.381688896136382, 9.138074360718633 ], [ -75.383546567810242, 9.141385888566504 ], [ -75.378768576821642, 9.148499684411547 ], [ -75.386789167871427, 9.155475761227308 ], [ -75.390866245106054, 9.161267825215646 ], [ -75.398318581217211, 9.156178114981799 ], [ -75.402708322725573, 9.150004702376691 ], [ -75.410520402953637, 9.144818967552339 ], [ -75.41316672870181, 9.15099775927365 ], [ -75.416441549561284, 9.14445492140004 ], [ -75.422455399685191, 9.151174251418126 ], [ -75.427094814651014, 9.147602847938003 ], [ -75.426988038116292, 9.149909223962311 ], [ -75.428288623614378, 9.151454756877342 ], [ -75.430984718763909, 9.148779639203042 ], [ -75.433754126380506, 9.140818066616134 ], [ -75.448856774872752, 9.140080697402311 ], [ -75.447596165335028, 9.144452309097119 ], [ -75.454748402816676, 9.14820871087602 ], [ -75.457758690275398, 9.155267201896493 ], [ -75.459794384824249, 9.15482355506515 ], [ -75.461637871190192, 9.157737956274104 ], [ -75.46411952483578, 9.156694746394862 ], [ -75.466046191670046, 9.1576956294208 ], [ -75.467401274406598, 9.164747779228662 ], [ -75.463012023378781, 9.164547440387594 ], [ -75.461206623814576, 9.167112443384951 ], [ -75.460144983186012, 9.16646313159697 ], [ -75.457822302726299, 9.171678193743787 ], [ -75.458137141823045, 9.174876284043819 ], [ -75.454416751736005, 9.176010504113663 ], [ -75.45434689419227, 9.178675649582033 ], [ -75.457026332766475, 9.181610809975382 ], [ -75.458870730923195, 9.181303616446087 ], [ -75.459324323909243, 9.187318234630197 ], [ -75.460925625179925, 9.189225241818804 ], [ -75.459299402826787, 9.192039865272989 ], [ -75.460988308772073, 9.193075189734316 ], [ -75.460044420303063, 9.194799273734191 ], [ -75.463969138652544, 9.195841526906861 ], [ -75.462516111624211, 9.199009264007543 ], [ -75.463810369384362, 9.200924739621087 ], [ -75.462349537786679, 9.201605584995605 ], [ -75.465452605118514, 9.204728569789779 ], [ -75.466203610769242, 9.208508820960162 ], [ -75.466181737672969, 9.213331542695641 ], [ -75.462170877107326, 9.224182057317705 ], [ -75.45973053431959, 9.224751013841114 ], [ -75.45923250703089, 9.233138407974991 ], [ -75.457335889765147, 9.237595010244888 ], [ -75.464127865699822, 9.239744204325405 ], [ -75.46907462331535, 9.245767899094403 ], [ -75.472943956890163, 9.244426353979975 ], [ -75.473468326397267, 9.242854278522088 ], [ -75.475077975718477, 9.248825586196858 ], [ -75.477719196336864, 9.24724645626344 ], [ -75.480687706711706, 9.248373726960665 ], [ -75.479924487556616, 9.251218823090142 ], [ -75.48293313918191, 9.255801944185521 ], [ -75.487059471981183, 9.255553840984419 ], [ -75.487262209325934, 9.254161196960979 ], [ -75.489331155041555, 9.258871747774208 ], [ -75.495967469881464, 9.262326068340144 ], [ -75.497502210428081, 9.258672165315204 ], [ -75.499769094684382, 9.259515878973787 ], [ -75.493924742416652, 9.272698542306159 ], [ -75.490734326430186, 9.273658588785054 ], [ -75.494535700602967, 9.274960235194328 ], [ -75.49311701170376, 9.276479928947936 ], [ -75.494304822611184, 9.277594368099415 ], [ -75.498108176672417, 9.278195337910176 ], [ -75.495734871614502, 9.282464887432639 ], [ -75.496468970958119, 9.28493063100359 ], [ -75.498875289129046, 9.285459487599098 ], [ -75.501124102860672, 9.283189050502983 ], [ -75.502123966297972, 9.279166024942072 ], [ -75.507781308937467, 9.273477939234112 ], [ -75.50635063380787, 9.267053141879558 ], [ -75.50959681275998, 9.264147225265276 ], [ -75.509792198286618, 9.260367865224396 ], [ -75.512307419306183, 9.258100528216801 ], [ -75.516564417557561, 9.26452173679894 ], [ -75.529545179877346, 9.258928490802646 ], [ -75.531421514066153, 9.2602741816454 ], [ -75.537501454196502, 9.260183574798702 ], [ -75.538309314266883, 9.258471237178867 ], [ -75.543622617149765, 9.260673713974597 ], [ -75.544028837441601, 9.25856097894723 ], [ -75.548337555338321, 9.259783663380119 ], [ -75.556376628341468, 9.265206909361609 ], [ -75.558263206925915, 9.271427751254862 ], [ -75.569326656575981, 9.279685922632154 ], [ -75.576860514864109, 9.276167219758463 ], [ -75.578796428064948, 9.273678190040187 ], [ -75.584235691020751, 9.272962343579366 ], [ -75.585220717870982, 9.276314098017735 ], [ -75.585957769080949, 9.275180960418709 ], [ -75.58923951236352, 9.27867753417604 ], [ -75.60936712855721, 9.280988187082812 ], [ -75.609943894141622, 9.282974921613061 ], [ -75.607945005395948, 9.283797673067738 ], [ -75.603894131140692, 9.292549028912163 ], [ -75.603011062258133, 9.29940864265177 ], [ -75.59832048280623, 9.302444868984992 ], [ -75.594689564992791, 9.298509648423192 ], [ -75.59574538633035, 9.297117329590151 ], [ -75.590834184062089, 9.296509034910741 ], [ -75.587665219861776, 9.302527141255837 ], [ -75.595564364876566, 9.310195611298298 ], [ -75.599076307922303, 9.317017802989938 ], [ -75.597559412423038, 9.318154730584183 ], [ -75.599720954755298, 9.325432902087584 ], [ -75.604354553125006, 9.327632886056392 ], [ -75.607512584819631, 9.3270340470512 ], [ -75.611757855555595, 9.331326429071453 ], [ -75.613671538130404, 9.331290728197018 ], [ -75.614926803586286, 9.337724102672723 ], [ -75.619564790229617, 9.340446601126132 ], [ -75.624987308575157, 9.347026190903875 ], [ -75.625877146268749, 9.353087254720094 ], [ -75.631103213684867, 9.353418856393432 ], [ -75.634844256056795, 9.352334587184771 ], [ -75.637177645341524, 9.348621592035045 ], [ -75.640959227816211, 9.348877522263422 ], [ -75.645785316440026, 9.353146536389602 ], [ -75.64882663442836, 9.362379297981761 ], [ -75.652544874845262, 9.359312666346852 ], [ -75.661009650817675, 9.361146727581342 ], [ -75.661013272827802, 9.357844580847427 ], [ -75.671502520687284, 9.343088906910225 ], [ -75.677795298827505, 9.347484467709592 ], [ -75.67922332033163, 9.344264897775702 ], [ -75.678675239773725, 9.348027054166835 ], [ -75.682044306557998, 9.350002247133148 ], [ -75.682342516028939, 9.355656460938008 ], [ -75.685688278699558, 9.354717100879952 ], [ -75.687601071043218, 9.35598060299526 ], [ -75.689203003830016, 9.364606740775798 ], [ -75.698289463881792, 9.371678958963116 ], [ -75.70440410236597, 9.37220840934549 ], [ -75.70149930325681, 9.396258543014426 ], [ -75.705775004447219, 9.399631020704589 ], [ -75.704979083894841, 9.405517238989546 ], [ -75.706269822951185, 9.406828569245249 ], [ -75.700468775802847, 9.409552728684957 ], [ -75.700203458172268, 9.411775220859511 ], [ -75.696275578648795, 9.411851098018758 ], [ -75.689080522935001, 9.410887530141167 ], [ -75.687615136875138, 9.40779978987689 ], [ -75.68096174684473, 9.404022389063186 ], [ -75.675166094083977, 9.403900036627363 ], [ -75.663236904066991, 9.410758237315918 ], [ -75.652113972423024, 9.42093002658919 ], [ -75.650104532057526, 9.418952833073206 ], [ -75.645313030396323, 9.419943053986515 ], [ -75.633434084989858, 9.430600964268308 ], [ -75.630807500634091, 9.43566319860895 ], [ -75.628913799302097, 9.435119288932242 ], [ -75.628828946169392, 9.438024844423467 ], [ -75.622820809335224, 9.444204301796958 ], [ -75.608309008429046, 9.467260019416813 ], [ -75.597391512671038, 9.489389151032185 ], [ -75.59638949776695, 9.492705633092839 ], [ -75.599184680764552, 9.493928477425925 ], [ -75.596463434563645, 9.493584556247015 ], [ -75.595281188723845, 9.495281476967648 ], [ -75.575949354741965, 9.555231295015801 ], [ -75.571957483678204, 9.57921853488665 ], [ -75.572421699251038, 9.609872187674966 ], [ -75.570749219013805, 9.609051679315314 ], [ -75.570670008203876, 9.618260209731659 ], [ -75.573547499404981, 9.618001122820885 ], [ -75.579603134697606, 9.640351153035567 ], [ -75.583453720417481, 9.646806497625676 ], [ -75.595781011746283, 9.659141810916367 ], [ -75.60323309273565, 9.67926942890665 ], [ -75.612568535439891, 9.694509449678264 ], [ -75.613984956091201, 9.693321660330412 ], [ -75.618043654678843, 9.696424151841711 ], [ -75.631012764941772, 9.69198467057646 ], [ -75.633311151343605, 9.694891449574072 ], [ -75.639327508667463, 9.697798231266688 ], [ -75.645749467343421, 9.704625787701502 ], [ -75.653793812563208, 9.707262168193267 ], [ -75.676890143049491, 9.70441217085164 ], [ -75.68980900421036, 9.705685841005732 ], [ -75.698088763019371, 9.703093951410494 ], [ -75.703016871594741, 9.697753680182984 ], [ -75.704097172043305, 9.699704724618528 ], [ -75.700136488714463, 9.705649897585943 ], [ -75.691727543979766, 9.710925419094508 ], [ -75.688939352575574, 9.71494161386056 ], [ -75.68791151827304, 9.723402745364979 ], [ -75.685882902454239, 9.724905794221399 ], [ -75.683652424250454, 9.724228142360289 ], [ -75.678597128502588, 9.727799082309389 ], [ -75.678368004921936, 9.733767421049777 ], [ -75.671720851001169, 9.736821294800848 ], [ -75.663548259494291, 9.744352409631915 ], [ -75.653330906735164, 9.749755175805262 ], [ -75.643160507156722, 9.758694478221514 ], [ -75.641211379727508, 9.764745979463896 ], [ -75.645658437389898, 9.771787482430568 ], [ -75.645416740978533, 9.774232331171333 ], [ -75.630090825925947, 9.788963897900373 ], [ -75.627569532290238, 9.79463294649571 ], [ -75.629180167962431, 9.797051952481752 ], [ -75.623229565573126, 9.80620114822807 ], [ -75.623578688001658, 9.811007861972428 ], [ -75.61919544670792, 9.822442415843568 ], [ -75.622001650246204, 9.826952995226975 ], [ -75.618936516104043, 9.83915006577007 ], [ -75.615650345920244, 9.844120343993382 ], [ -75.613701963195012, 9.851203209021946 ], [ -75.616749352901195, 9.859309751844933 ], [ -75.621509257195441, 9.865205828249657 ], [ -75.620949379053457, 9.876362487167853 ], [ -75.616922951569848, 9.878708813999651 ], [ -75.613623996552747, 9.886453804395558 ], [ -75.605826316330138, 9.891943777289555 ], [ -75.597913019245084, 9.905834595701151 ], [ -75.592887339179072, 9.922821053269672 ], [ -75.595625261718169, 9.936321891146065 ], [ -75.582050335229667, 9.95036067837259 ], [ -75.576007126342233, 9.970534065563072 ], [ -75.575442175409819, 9.986358123787113 ], [ -75.577826518974746, 9.992046909283317 ], [ -75.583927912687784, 9.99810698135866 ], [ -75.582309447293312, 10.002353363311499 ], [ -75.574443364798924, 10.007419154983552 ], [ -75.571590028416722, 10.017143826332472 ], [ -75.571533820784623, 10.029371164734869 ], [ -75.576290528870516, 10.053606100869672 ], [ -75.576008770260501, 10.056071507572085 ], [ -75.573754680718991, 10.056846350936212 ], [ -75.574670403388097, 10.060157043350216 ], [ -75.569950908042472, 10.071568364074608 ], [ -75.572640455366695, 10.084463851951512 ], [ -75.571709567326877, 10.086353583625112 ], [ -75.573624494069293, 10.086428060309743 ], [ -75.497477587586502, 10.145482637293526 ] ] ] } }
]
}
