nombre_entidad;anio;grupo_edad;hombres;mujeres
ARCHIPIÉLAGO DE SAN ANDRÉS, PROVIDENCIA Y SANTA CATALINA;2018;0-4;2481.0;2380.0
ARCHIPIÉLAGO DE SAN ANDRÉS, PROVIDENCIA Y SANTA CATALINA;2018;5-9;2471.0;2334.0
ARCHIPIÉLAGO DE SAN ANDRÉS, PROVIDENCIA Y SANTA CATALINA;2018;10-14;2450.0;2266.0
ARCHIPIÉLAGO DE SAN ANDRÉS, PROVIDENCIA Y SANTA CATALINA;2018;15-19;2441.0;2262.0
ARCHIPIÉLAGO DE SAN ANDRÉS, PROVIDENCIA Y SANTA CATALINA;2018;20-24;2475.0;2365.0
ARCHIPIÉLAGO DE SAN ANDRÉS, PROVIDENCIA Y SANTA CATALINA;2018;25-29;2508.0;2481.0
ARCHIPIÉLAGO DE SAN ANDRÉS, PROVIDENCIA Y SANTA CATALINA;2018;30-34;2197.0;2365.0
ARCHIPIÉLAGO DE SAN ANDRÉS, PROVIDENCIA Y SANTA CATALINA;2018;35-39;2005.0;2262.0
ARCHIPIÉLAGO DE SAN ANDRÉS, PROVIDENCIA Y SANTA CATALINA;2018;40-44;1780.0;2040.0
ARCHIPIÉLAGO DE SAN ANDRÉS, PROVIDENCIA Y SANTA CATALINA;2018;45-49;1841.0;2116.0
ARCHIPIÉLAGO DE SAN ANDRÉS, PROVIDENCIA Y SANTA CATALINA;2018;50-54;2010.0;2350.0
ARCHIPIÉLAGO DE SAN ANDRÉS, PROVIDENCIA Y SANTA CATALINA;2018;55-59;1822.0;2133.0
ARCHIPIÉLAGO DE SAN ANDRÉS, PROVIDENCIA Y SANTA CATALINA;2018;60-64;1298.0;1570.0
ARCHIPIÉLAGO DE SAN ANDRÉS, PROVIDENCIA Y SANTA CATALINA;2018;65-69;842.0;1038.0
ARCHIPIÉLAGO DE SAN ANDRÉS, PROVIDENCIA Y SANTA CATALINA;2018;70-74;530.0;654.0
ARCHIPIÉLAGO DE SAN ANDRÉS, PROVIDENCIA Y SANTA CATALINA;2018;75-79;339.0;409.0
ARCHIPIÉLAGO DE SAN ANDRÉS, PROVIDENCIA Y SANTA CATALINA;2018;80-84;202.0;230.0
ARCHIPIÉLAGO DE SAN ANDRÉS, PROVIDENCIA Y SANTA CATALINA;2018;85-89;109.0;92.0
ARCHIPIÉLAGO DE SAN ANDRÉS, PROVIDENCIA Y SANTA CATALINA;2018;90-94;44.0;35.0
ARCHIPIÉLAGO DE SAN ANDRÉS, PROVIDENCIA Y SANTA CATALINA;2018;95-99;18.0;25.0
ARCHIPIÉLAGO DE SAN ANDRÉS, PROVIDENCIA Y SANTA CATALINA;2018;100+;5.0;9.0
ARCHIPIÉLAGO DE SAN ANDRÉS, PROVIDENCIA Y SANTA CATALINA;2019;0-4;2478.0;2369.0
ARCHIPIÉLAGO DE SAN ANDRÉS, PROVIDENCIA Y SANTA CATALINA;2019;5-9;2449.0;2332.0
ARCHIPIÉLAGO DE SAN ANDRÉS, PROVIDENCIA Y SANTA CATALINA;2019;10-14;2439.0;2245.0
ARCHIPIÉLAGO DE SAN ANDRÉS, PROVIDENCIA Y SANTA CATALINA;2019;15-19;2439.0;2232.0
ARCHIPIÉLAGO DE SAN ANDRÉS, PROVIDENCIA Y SANTA CATALINA;2019;20-24;2458.0;2351.0
ARCHIPIÉLAGO DE SAN ANDRÉS, PROVIDENCIA Y SANTA CATALINA;2019;25-29;2541.0;2522.0
ARCHIPIÉLAGO DE SAN ANDRÉS, PROVIDENCIA Y SANTA CATALINA;2019;30-34;2227.0;2377.0
ARCHIPIÉLAGO DE SAN ANDRÉS, PROVIDENCIA Y SANTA CATALINA;2019;35-39;2025.0;2287.0
ARCHIPIÉLAGO DE SAN ANDRÉS, PROVIDENCIA Y SANTA CATALINA;2019;40-44;1824.0;2089.0
ARCHIPIÉLAGO DE SAN ANDRÉS, PROVIDENCIA Y SANTA CATALINA;2019;45-49;1828.0;2102.0
ARCHIPIÉLAGO DE SAN ANDRÉS, PROVIDENCIA Y SANTA CATALINA;2019;50-54;2007.0;2334.0
ARCHIPIÉLAGO DE SAN ANDRÉS, PROVIDENCIA Y SANTA CATALINA;2019;55-59;1865.0;2189.0
ARCHIPIÉLAGO DE SAN ANDRÉS, PROVIDENCIA Y SANTA CATALINA;2019;60-64;1340.0;1624.0
ARCHIPIÉLAGO DE SAN ANDRÉS, PROVIDENCIA Y SANTA CATALINA;2019;65-69;867.0;1073.0
ARCHIPIÉLAGO DE SAN ANDRÉS, PROVIDENCIA Y SANTA CATALINA;2019;70-74;547.0;693.0
ARCHIPIÉLAGO DE SAN ANDRÉS, PROVIDENCIA Y SANTA CATALINA;2019;75-79;347.0;413.0
ARCHIPIÉLAGO DE SAN ANDRÉS, PROVIDENCIA Y SANTA CATALINA;2019;80-84;205.0;233.0
ARCHIPIÉLAGO DE SAN ANDRÉS, PROVIDENCIA Y SANTA CATALINA;2019;85-89;108.0;93.0
ARCHIPIÉLAGO DE SAN ANDRÉS, PROVIDENCIA Y SANTA CATALINA;2019;90-94;46.0;34.0
ARCHIPIÉLAGO DE SAN ANDRÉS, PROVIDENCIA Y SANTA CATALINA;2019;95-99;15.0;21.0
ARCHIPIÉLAGO DE SAN ANDRÉS, PROVIDENCIA Y SANTA CATALINA;2019;100+;3.0;8.0
ARCHIPIÉLAGO DE SAN ANDRÉS, PROVIDENCIA Y SANTA CATALINA;2020;0-4;2469.0;2362.0
ARCHIPIÉLAGO DE SAN ANDRÉS, PROVIDENCIA Y SANTA CATALINA;2020;5-9;2436.0;2329.0
ARCHIPIÉLAGO DE SAN ANDRÉS, PROVIDENCIA Y SANTA CATALINA;2020;10-14;2432.0;2233.0
ARCHIPIÉLAGO DE SAN ANDRÉS, PROVIDENCIA Y SANTA CATALINA;2020;15-19;2433.0;2208.0
ARCHIPIÉLAGO DE SAN ANDRÉS, PROVIDENCIA Y SANTA CATALINA;2020;20-24;2457.0;2347.0
ARCHIPIÉLAGO DE SAN ANDRÉS, PROVIDENCIA Y SANTA CATALINA;2020;25-29;2567.0;2554.0
ARCHIPIÉLAGO DE SAN ANDRÉS, PROVIDENCIA Y SANTA CATALINA;2020;30-34;2271.0;2399.0
ARCHIPIÉLAGO DE SAN ANDRÉS, PROVIDENCIA Y SANTA CATALINA;2020;35-39;2036.0;2303.0
ARCHIPIÉLAGO DE SAN ANDRÉS, PROVIDENCIA Y SANTA CATALINA;2020;40-44;1874.0;2138.0
ARCHIPIÉLAGO DE SAN ANDRÉS, PROVIDENCIA Y SANTA CATALINA;2020;45-49;1825.0;2095.0
ARCHIPIÉLAGO DE SAN ANDRÉS, PROVIDENCIA Y SANTA CATALINA;2020;50-54;2001.0;2315.0
ARCHIPIÉLAGO DE SAN ANDRÉS, PROVIDENCIA Y SANTA CATALINA;2020;55-59;1906.0;2237.0
ARCHIPIÉLAGO DE SAN ANDRÉS, PROVIDENCIA Y SANTA CATALINA;2020;60-64;1386.0;1677.0
ARCHIPIÉLAGO DE SAN ANDRÉS, PROVIDENCIA Y SANTA CATALINA;2020;65-69;897.0;1114.0
ARCHIPIÉLAGO DE SAN ANDRÉS, PROVIDENCIA Y SANTA CATALINA;2020;70-74;571.0;724.0
ARCHIPIÉLAGO DE SAN ANDRÉS, PROVIDENCIA Y SANTA CATALINA;2020;75-79;358.0;419.0
ARCHIPIÉLAGO DE SAN ANDRÉS, PROVIDENCIA Y SANTA CATALINA;2020;80-84;207.0;235.0
ARCHIPIÉLAGO DE SAN ANDRÉS, PROVIDENCIA Y SANTA CATALINA;2020;85-89;106.0;91.0
ARCHIPIÉLAGO DE SAN ANDRÉS, PROVIDENCIA Y SANTA CATALINA;2020;90-94;44.0;32.0
ARCHIPIÉLAGO DE SAN ANDRÉS, PROVIDENCIA Y SANTA CATALINA;2020;95-99;15.0;18.0
ARCHIPIÉLAGO DE SAN ANDRÉS, PROVIDENCIA Y SANTA CATALINA;2020;100+;1.0;5.0
ARCHIPIÉLAGO DE SAN ANDRÉS, PROVIDENCIA Y SANTA CATALINA;2021;0-4;2448.0;2340.0
ARCHIPIÉLAGO DE SAN ANDRÉS, PROVIDENCIA Y SANTA CATALINA;2021;5-9;2423.0;2323.0
ARCHIPIÉLAGO DE SAN ANDRÉS, PROVIDENCIA Y SANTA CATALINA;2021;10-14;2426.0;2227.0
ARCHIPIÉLAGO DE SAN ANDRÉS, PROVIDENCIA Y SANTA CATALINA;2021;15-19;2421.0;2177.0
ARCHIPIÉLAGO DE SAN ANDRÉS, PROVIDENCIA Y SANTA CATALINA;2021;20-24;2459.0;2337.0
ARCHIPIÉLAGO DE SAN ANDRÉS, PROVIDENCIA Y SANTA CATALINA;2021;25-29;2568.0;2566.0
ARCHIPIÉLAGO DE SAN ANDRÉS, PROVIDENCIA Y SANTA CATALINA;2021;30-34;2323.0;2434.0
ARCHIPIÉLAGO DE SAN ANDRÉS, PROVIDENCIA Y SANTA CATALINA;2021;35-39;2053.0;2306.0
ARCHIPIÉLAGO DE SAN ANDRÉS, PROVIDENCIA Y SANTA CATALINA;2021;40-44;1921.0;2197.0
ARCHIPIÉLAGO DE SAN ANDRÉS, PROVIDENCIA Y SANTA CATALINA;2021;45-49;1840.0;2106.0
ARCHIPIÉLAGO DE SAN ANDRÉS, PROVIDENCIA Y SANTA CATALINA;2021;50-54;1994.0;2298.0
ARCHIPIÉLAGO DE SAN ANDRÉS, PROVIDENCIA Y SANTA CATALINA;2021;55-59;1944.0;2282.0
ARCHIPIÉLAGO DE SAN ANDRÉS, PROVIDENCIA Y SANTA CATALINA;2021;60-64;1436.0;1737.0
ARCHIPIÉLAGO DE SAN ANDRÉS, PROVIDENCIA Y SANTA CATALINA;2021;65-69;925.0;1163.0
ARCHIPIÉLAGO DE SAN ANDRÉS, PROVIDENCIA Y SANTA CATALINA;2021;70-74;597.0;751.0
ARCHIPIÉLAGO DE SAN ANDRÉS, PROVIDENCIA Y SANTA CATALINA;2021;75-79;366.0;433.0
ARCHIPIÉLAGO DE SAN ANDRÉS, PROVIDENCIA Y SANTA CATALINA;2021;80-84;214.0;233.0
ARCHIPIÉLAGO DE SAN ANDRÉS, PROVIDENCIA Y SANTA CATALINA;2021;85-89;107.0;91.0
ARCHIPIÉLAGO DE SAN ANDRÉS, PROVIDENCIA Y SANTA CATALINA;2021;90-94;42.0;31.0
ARCHIPIÉLAGO DE SAN ANDRÉS, PROVIDENCIA Y SANTA CATALINA;2021;95-99;12.0;18.0
ARCHIPIÉLAGO DE SAN ANDRÉS, PROVIDENCIA Y SANTA CATALINA;2021;100+;1.0;3.0
ARCHIPIÉLAGO DE SAN ANDRÉS, PROVIDENCIA Y SANTA CATALINA;2022;0-4;2405.0;2304.0
ARCHIPIÉLAGO DE SAN ANDRÉS, PROVIDENCIA Y SANTA CATALINA;2022;5-9;2410.0;2306.0
ARCHIPIÉLAGO DE SAN ANDRÉS, PROVIDENCIA Y SANTA CATALINA;2022;10-14;2405.0;2220.0
ARCHIPIÉLAGO DE SAN ANDRÉS, PROVIDENCIA Y SANTA CATALINA;2022;15-19;2401.0;2149.0
ARCHIPIÉLAGO DE SAN ANDRÉS, PROVIDENCIA Y SANTA CATALINA;2022;20-24;2461.0;2316.0
ARCHIPIÉLAGO DE SAN ANDRÉS, PROVIDENCIA Y SANTA CATALINA;2022;25-29;2543.0;2552.0
ARCHIPIÉLAGO DE SAN ANDRÉS, PROVIDENCIA Y SANTA CATALINA;2022;30-34;2362.0;2470.0
ARCHIPIÉLAGO DE SAN ANDRÉS, PROVIDENCIA Y SANTA CATALINA;2022;35-39;2060.0;2308.0
ARCHIPIÉLAGO DE SAN ANDRÉS, PROVIDENCIA Y SANTA CATALINA;2022;40-44;1958.0;2237.0
ARCHIPIÉLAGO DE SAN ANDRÉS, PROVIDENCIA Y SANTA CATALINA;2022;45-49;1867.0;2140.0
ARCHIPIÉLAGO DE SAN ANDRÉS, PROVIDENCIA Y SANTA CATALINA;2022;50-54;1979.0;2276.0
ARCHIPIÉLAGO DE SAN ANDRÉS, PROVIDENCIA Y SANTA CATALINA;2022;55-59;1960.0;2305.0
ARCHIPIÉLAGO DE SAN ANDRÉS, PROVIDENCIA Y SANTA CATALINA;2022;60-64;1486.0;1795.0
ARCHIPIÉLAGO DE SAN ANDRÉS, PROVIDENCIA Y SANTA CATALINA;2022;65-69;957.0;1212.0
ARCHIPIÉLAGO DE SAN ANDRÉS, PROVIDENCIA Y SANTA CATALINA;2022;70-74;613.0;781.0
ARCHIPIÉLAGO DE SAN ANDRÉS, PROVIDENCIA Y SANTA CATALINA;2022;75-79;376.0;445.0
ARCHIPIÉLAGO DE SAN ANDRÉS, PROVIDENCIA Y SANTA CATALINA;2022;80-84;215.0;232.0
ARCHIPIÉLAGO DE SAN ANDRÉS, PROVIDENCIA Y SANTA CATALINA;2022;85-89;106.0;88.0
ARCHIPIÉLAGO DE SAN ANDRÉS, PROVIDENCIA Y SANTA CATALINA;2022;90-94;41.0;29.0
ARCHIPIÉLAGO DE SAN ANDRÉS, PROVIDENCIA Y SANTA CATALINA;2022;95-99;10.0;17.0
ARCHIPIÉLAGO DE SAN ANDRÉS, PROVIDENCIA Y SANTA CATALINA;2022;100+;2.0;2.0
ARCHIPIÉLAGO DE SAN ANDRÉS, PROVIDENCIA Y SANTA CATALINA;2023;0-4;2353.0;2255.0
ARCHIPIÉLAGO DE SAN ANDRÉS, PROVIDENCIA Y SANTA CATALINA;2023;5-9;2387.0;2278.0
ARCHIPIÉLAGO DE SAN ANDRÉS, PROVIDENCIA Y SANTA CATALINA;2023;10-14;2384.0;2208.0
ARCHIPIÉLAGO DE SAN ANDRÉS, PROVIDENCIA Y SANTA CATALINA;2023;15-19;2385.0;2126.0
ARCHIPIÉLAGO DE SAN ANDRÉS, PROVIDENCIA Y SANTA CATALINA;2023;20-24;2454.0;2287.0
ARCHIPIÉLAGO DE SAN ANDRÉS, PROVIDENCIA Y SANTA CATALINA;2023;25-29;2512.0;2527.0
ARCHIPIÉLAGO DE SAN ANDRÉS, PROVIDENCIA Y SANTA CATALINA;2023;30-34;2399.0;2511.0
ARCHIPIÉLAGO DE SAN ANDRÉS, PROVIDENCIA Y SANTA CATALINA;2023;35-39;2068.0;2300.0
ARCHIPIÉLAGO DE SAN ANDRÉS, PROVIDENCIA Y SANTA CATALINA;2023;40-44;1990.0;2273.0
ARCHIPIÉLAGO DE SAN ANDRÉS, PROVIDENCIA Y SANTA CATALINA;2023;45-49;1900.0;2179.0
ARCHIPIÉLAGO DE SAN ANDRÉS, PROVIDENCIA Y SANTA CATALINA;2023;50-54;1974.0;2261.0
ARCHIPIÉLAGO DE SAN ANDRÉS, PROVIDENCIA Y SANTA CATALINA;2023;55-59;1972.0;2318.0
ARCHIPIÉLAGO DE SAN ANDRÉS, PROVIDENCIA Y SANTA CATALINA;2023;60-64;1539.0;1855.0
ARCHIPIÉLAGO DE SAN ANDRÉS, PROVIDENCIA Y SANTA CATALINA;2023;65-69;991.0;1263.0
ARCHIPIÉLAGO DE SAN ANDRÉS, PROVIDENCIA Y SANTA CATALINA;2023;70-74;640.0;811.0
ARCHIPIÉLAGO DE SAN ANDRÉS, PROVIDENCIA Y SANTA CATALINA;2023;75-79;392.0;468.0
ARCHIPIÉLAGO DE SAN ANDRÉS, PROVIDENCIA Y SANTA CATALINA;2023;80-84;219.0;231.0
ARCHIPIÉLAGO DE SAN ANDRÉS, PROVIDENCIA Y SANTA CATALINA;2023;85-89;107.0;89.0
ARCHIPIÉLAGO DE SAN ANDRÉS, PROVIDENCIA Y SANTA CATALINA;2023;90-94;42.0;27.0
ARCHIPIÉLAGO DE SAN ANDRÉS, PROVIDENCIA Y SANTA CATALINA;2023;95-99;12.0;16.0
ARCHIPIÉLAGO DE SAN ANDRÉS, PROVIDENCIA Y SANTA CATALINA;2023;100+;1.0;3.0
ARCHIPIÉLAGO DE SAN ANDRÉS, PROVIDENCIA Y SANTA CATALINA;2024;0-4;2294.0;2197.0
ARCHIPIÉLAGO DE SAN ANDRÉS, PROVIDENCIA Y SANTA CATALINA;2024;5-9;2377.0;2257.0
ARCHIPIÉLAGO DE SAN ANDRÉS, PROVIDENCIA Y SANTA CATALINA;2024;10-14;2362.0;2202.0
ARCHIPIÉLAGO DE SAN ANDRÉS, PROVIDENCIA Y SANTA CATALINA;2024;15-19;2368.0;2109.0
ARCHIPIÉLAGO DE SAN ANDRÉS, PROVIDENCIA Y SANTA CATALINA;2024;20-24;2441.0;2253.0
ARCHIPIÉLAGO DE SAN ANDRÉS, PROVIDENCIA Y SANTA CATALINA;2024;25-29;2487.0;2508.0
ARCHIPIÉLAGO DE SAN ANDRÉS, PROVIDENCIA Y SANTA CATALINA;2024;30-34;2427.0;2544.0
ARCHIPIÉLAGO DE SAN ANDRÉS, PROVIDENCIA Y SANTA CATALINA;2024;35-39;2086.0;2304.0
ARCHIPIÉLAGO DE SAN ANDRÉS, PROVIDENCIA Y SANTA CATALINA;2024;40-44;2011.0;2300.0
ARCHIPIÉLAGO DE SAN ANDRÉS, PROVIDENCIA Y SANTA CATALINA;2024;45-49;1949.0;2233.0
ARCHIPIÉLAGO DE SAN ANDRÉS, PROVIDENCIA Y SANTA CATALINA;2024;50-54;1970.0;2258.0
ARCHIPIÉLAGO DE SAN ANDRÉS, PROVIDENCIA Y SANTA CATALINA;2024;55-59;1976.0;2320.0
ARCHIPIÉLAGO DE SAN ANDRÉS, PROVIDENCIA Y SANTA CATALINA;2024;60-64;1586.0;1916.0
ARCHIPIÉLAGO DE SAN ANDRÉS, PROVIDENCIA Y SANTA CATALINA;2024;65-69;1037.0;1311.0
ARCHIPIÉLAGO DE SAN ANDRÉS, PROVIDENCIA Y SANTA CATALINA;2024;70-74;665.0;842.0
ARCHIPIÉLAGO DE SAN ANDRÉS, PROVIDENCIA Y SANTA CATALINA;2024;75-79;409.0;493.0
ARCHIPIÉLAGO DE SAN ANDRÉS, PROVIDENCIA Y SANTA CATALINA;2024;80-84;227.0;232.0
ARCHIPIÉLAGO DE SAN ANDRÉS, PROVIDENCIA Y SANTA CATALINA;2024;85-89;110.0;90.0
ARCHIPIÉLAGO DE SAN ANDRÉS, PROVIDENCIA Y SANTA CATALINA;2024;90-94;42.0;27.0
ARCHIPIÉLAGO DE SAN ANDRÉS, PROVIDENCIA Y SANTA CATALINA;2024;95-99;11.0;16.0
ARCHIPIÉLAGO DE SAN ANDRÉS, PROVIDENCIA Y SANTA CATALINA;2024;100+;1.0;2.0
ARCHIPIÉLAGO DE SAN ANDRÉS, PROVIDENCIA Y SANTA CATALINA;2025;0-4;2231.0;2138.0
ARCHIPIÉLAGO DE SAN ANDRÉS, PROVIDENCIA Y SANTA CATALINA;2025;5-9;2353.0;2236.0
ARCHIPIÉLAGO DE SAN ANDRÉS, PROVIDENCIA Y SANTA CATALINA;2025;10-14;2341.0;2186.0
ARCHIPIÉLAGO DE SAN ANDRÉS, PROVIDENCIA Y SANTA CATALINA;2025;15-19;2356.0;2088.0
ARCHIPIÉLAGO DE SAN ANDRÉS, PROVIDENCIA Y SANTA CATALINA;2025;20-24;2428.0;2217.0
ARCHIPIÉLAGO DE SAN ANDRÉS, PROVIDENCIA Y SANTA CATALINA;2025;25-29;2470.0;2484.0
ARCHIPIÉLAGO DE SAN ANDRÉS, PROVIDENCIA Y SANTA CATALINA;2025;30-34;2435.0;2563.0
ARCHIPIÉLAGO DE SAN ANDRÉS, PROVIDENCIA Y SANTA CATALINA;2025;35-39;2120.0;2319.0
ARCHIPIÉLAGO DE SAN ANDRÉS, PROVIDENCIA Y SANTA CATALINA;2025;40-44;2025.0;2305.0
ARCHIPIÉLAGO DE SAN ANDRÉS, PROVIDENCIA Y SANTA CATALINA;2025;45-49;1998.0;2296.0
ARCHIPIÉLAGO DE SAN ANDRÉS, PROVIDENCIA Y SANTA CATALINA;2025;50-54;1968.0;2255.0
ARCHIPIÉLAGO DE SAN ANDRÉS, PROVIDENCIA Y SANTA CATALINA;2025;55-59;1979.0;2313.0
ARCHIPIÉLAGO DE SAN ANDRÉS, PROVIDENCIA Y SANTA CATALINA;2025;60-64;1628.0;1970.0
ARCHIPIÉLAGO DE SAN ANDRÉS, PROVIDENCIA Y SANTA CATALINA;2025;65-69;1076.0;1359.0
ARCHIPIÉLAGO DE SAN ANDRÉS, PROVIDENCIA Y SANTA CATALINA;2025;70-74;687.0;883.0
ARCHIPIÉLAGO DE SAN ANDRÉS, PROVIDENCIA Y SANTA CATALINA;2025;75-79;428.0;523.0
ARCHIPIÉLAGO DE SAN ANDRÉS, PROVIDENCIA Y SANTA CATALINA;2025;80-84;234.0;237.0
ARCHIPIÉLAGO DE SAN ANDRÉS, PROVIDENCIA Y SANTA CATALINA;2025;85-89;112.0;96.0
ARCHIPIÉLAGO DE SAN ANDRÉS, PROVIDENCIA Y SANTA CATALINA;2025;90-94;44.0;26.0
ARCHIPIÉLAGO DE SAN ANDRÉS, PROVIDENCIA Y SANTA CATALINA;2025;95-99;12.0;16.0
ARCHIPIÉLAGO DE SAN ANDRÉS, PROVIDENCIA Y SANTA CATALINA;2025;100+;1.0;2.0
ARCHIPIÉLAGO DE SAN ANDRÉS, PROVIDENCIA Y SANTA CATALINA;2026;0-4;2169.0;2078.0
ARCHIPIÉLAGO DE SAN ANDRÉS, PROVIDENCIA Y SANTA CATALINA;2026;5-9;2316.0;2201.0
ARCHIPIÉLAGO DE SAN ANDRÉS, PROVIDENCIA Y SANTA CATALINA;2026;10-14;2314.0;2170.0
ARCHIPIÉLAGO DE SAN ANDRÉS, PROVIDENCIA Y SANTA CATALINA;2026;15-19;2343.0;2074.0
ARCHIPIÉLAGO DE SAN ANDRÉS, PROVIDENCIA Y SANTA CATALINA;2026;20-24;2404.0;2174.0
ARCHIPIÉLAGO DE SAN ANDRÉS, PROVIDENCIA Y SANTA CATALINA;2026;25-29;2456.0;2462.0
ARCHIPIÉLAGO DE SAN ANDRÉS, PROVIDENCIA Y SANTA CATALINA;2026;30-34;2419.0;2557.0
ARCHIPIÉLAGO DE SAN ANDRÉS, PROVIDENCIA Y SANTA CATALINA;2026;35-39;2156.0;2340.0
ARCHIPIÉLAGO DE SAN ANDRÉS, PROVIDENCIA Y SANTA CATALINA;2026;40-44;2025.0;2311.0
ARCHIPIÉLAGO DE SAN ANDRÉS, PROVIDENCIA Y SANTA CATALINA;2026;45-49;2052.0;2347.0
ARCHIPIÉLAGO DE SAN ANDRÉS, PROVIDENCIA Y SANTA CATALINA;2026;50-54;1978.0;2273.0
ARCHIPIÉLAGO DE SAN ANDRÉS, PROVIDENCIA Y SANTA CATALINA;2026;55-59;1971.0;2295.0
ARCHIPIÉLAGO DE SAN ANDRÉS, PROVIDENCIA Y SANTA CATALINA;2026;60-64;1660.0;2016.0
ARCHIPIÉLAGO DE SAN ANDRÉS, PROVIDENCIA Y SANTA CATALINA;2026;65-69;1119.0;1415.0
ARCHIPIÉLAGO DE SAN ANDRÉS, PROVIDENCIA Y SANTA CATALINA;2026;70-74;714.0;918.0
ARCHIPIÉLAGO DE SAN ANDRÉS, PROVIDENCIA Y SANTA CATALINA;2026;75-79;451.0;547.0
ARCHIPIÉLAGO DE SAN ANDRÉS, PROVIDENCIA Y SANTA CATALINA;2026;80-84;243.0;247.0
ARCHIPIÉLAGO DE SAN ANDRÉS, PROVIDENCIA Y SANTA CATALINA;2026;85-89;116.0;93.0
ARCHIPIÉLAGO DE SAN ANDRÉS, PROVIDENCIA Y SANTA CATALINA;2026;90-94;45.0;25.0
ARCHIPIÉLAGO DE SAN ANDRÉS, PROVIDENCIA Y SANTA CATALINA;2026;95-99;15.0;15.0
ARCHIPIÉLAGO DE SAN ANDRÉS, PROVIDENCIA Y SANTA CATALINA;2026;100+;1.0;2.0
ARCHIPIÉLAGO DE SAN ANDRÉS, PROVIDENCIA Y SANTA CATALINA;2027;0-4;2106.0;2017.0
ARCHIPIÉLAGO DE SAN ANDRÉS, PROVIDENCIA Y SANTA CATALINA;2027;5-9;2269.0;2160.0
ARCHIPIÉLAGO DE SAN ANDRÉS, PROVIDENCIA Y SANTA CATALINA;2027;10-14;2293.0;2147.0
ARCHIPIÉLAGO DE SAN ANDRÉS, PROVIDENCIA Y SANTA CATALINA;2027;15-19;2324.0;2061.0
ARCHIPIÉLAGO DE SAN ANDRÉS, PROVIDENCIA Y SANTA CATALINA;2027;20-24;2384.0;2140.0
ARCHIPIÉLAGO DE SAN ANDRÉS, PROVIDENCIA Y SANTA CATALINA;2027;25-29;2452.0;2437.0
ARCHIPIÉLAGO DE SAN ANDRÉS, PROVIDENCIA Y SANTA CATALINA;2027;30-34;2395.0;2536.0
ARCHIPIÉLAGO DE SAN ANDRÉS, PROVIDENCIA Y SANTA CATALINA;2027;35-39;2188.0;2374.0
ARCHIPIÉLAGO DE SAN ANDRÉS, PROVIDENCIA Y SANTA CATALINA;2027;40-44;2035.0;2305.0
ARCHIPIÉLAGO DE SAN ANDRÉS, PROVIDENCIA Y SANTA CATALINA;2027;45-49;2088.0;2392.0
ARCHIPIÉLAGO DE SAN ANDRÉS, PROVIDENCIA Y SANTA CATALINA;2027;50-54;2012.0;2307.0
ARCHIPIÉLAGO DE SAN ANDRÉS, PROVIDENCIA Y SANTA CATALINA;2027;55-59;1962.0;2281.0
ARCHIPIÉLAGO DE SAN ANDRÉS, PROVIDENCIA Y SANTA CATALINA;2027;60-64;1681.0;2037.0
ARCHIPIÉLAGO DE SAN ANDRÉS, PROVIDENCIA Y SANTA CATALINA;2027;65-69;1162.0;1464.0
ARCHIPIÉLAGO DE SAN ANDRÉS, PROVIDENCIA Y SANTA CATALINA;2027;70-74;743.0;960.0
ARCHIPIÉLAGO DE SAN ANDRÉS, PROVIDENCIA Y SANTA CATALINA;2027;75-79;470.0;570.0
ARCHIPIÉLAGO DE SAN ANDRÉS, PROVIDENCIA Y SANTA CATALINA;2027;80-84;256.0;257.0
ARCHIPIÉLAGO DE SAN ANDRÉS, PROVIDENCIA Y SANTA CATALINA;2027;85-89;123.0;93.0
ARCHIPIÉLAGO DE SAN ANDRÉS, PROVIDENCIA Y SANTA CATALINA;2027;90-94;45.0;28.0
ARCHIPIÉLAGO DE SAN ANDRÉS, PROVIDENCIA Y SANTA CATALINA;2027;95-99;15.0;14.0
ARCHIPIÉLAGO DE SAN ANDRÉS, PROVIDENCIA Y SANTA CATALINA;2027;100+;1.0;1.0
ARCHIPIÉLAGO DE SAN ANDRÉS, PROVIDENCIA Y SANTA CATALINA;2028;0-4;2045.0;1961.0
ARCHIPIÉLAGO DE SAN ANDRÉS, PROVIDENCIA Y SANTA CATALINA;2028;5-9;2221.0;2112.0
ARCHIPIÉLAGO DE SAN ANDRÉS, PROVIDENCIA Y SANTA CATALINA;2028;10-14;2275.0;2122.0
ARCHIPIÉLAGO DE SAN ANDRÉS, PROVIDENCIA Y SANTA CATALINA;2028;15-19;2300.0;2051.0
ARCHIPIÉLAGO DE SAN ANDRÉS, PROVIDENCIA Y SANTA CATALINA;2028;20-24;2367.0;2115.0
ARCHIPIÉLAGO DE SAN ANDRÉS, PROVIDENCIA Y SANTA CATALINA;2028;25-29;2440.0;2401.0
ARCHIPIÉLAGO DE SAN ANDRÉS, PROVIDENCIA Y SANTA CATALINA;2028;30-34;2367.0;2513.0
ARCHIPIÉLAGO DE SAN ANDRÉS, PROVIDENCIA Y SANTA CATALINA;2028;35-39;2226.0;2407.0
ARCHIPIÉLAGO DE SAN ANDRÉS, PROVIDENCIA Y SANTA CATALINA;2028;40-44;2044.0;2299.0
ARCHIPIÉLAGO DE SAN ANDRÉS, PROVIDENCIA Y SANTA CATALINA;2028;45-49;2121.0;2433.0
ARCHIPIÉLAGO DE SAN ANDRÉS, PROVIDENCIA Y SANTA CATALINA;2028;50-54;2054.0;2352.0
ARCHIPIÉLAGO DE SAN ANDRÉS, PROVIDENCIA Y SANTA CATALINA;2028;55-59;1961.0;2265.0
ARCHIPIÉLAGO DE SAN ANDRÉS, PROVIDENCIA Y SANTA CATALINA;2028;60-64;1691.0;2051.0
ARCHIPIÉLAGO DE SAN ANDRÉS, PROVIDENCIA Y SANTA CATALINA;2028;65-69;1209.0;1516.0
ARCHIPIÉLAGO DE SAN ANDRÉS, PROVIDENCIA Y SANTA CATALINA;2028;70-74;773.0;1007.0
ARCHIPIÉLAGO DE SAN ANDRÉS, PROVIDENCIA Y SANTA CATALINA;2028;75-79;488.0;593.0
ARCHIPIÉLAGO DE SAN ANDRÉS, PROVIDENCIA Y SANTA CATALINA;2028;80-84;269.0;270.0
ARCHIPIÉLAGO DE SAN ANDRÉS, PROVIDENCIA Y SANTA CATALINA;2028;85-89;127.0;93.0
ARCHIPIÉLAGO DE SAN ANDRÉS, PROVIDENCIA Y SANTA CATALINA;2028;90-94;44.0;30.0
ARCHIPIÉLAGO DE SAN ANDRÉS, PROVIDENCIA Y SANTA CATALINA;2028;95-99;13.0;14.0
ARCHIPIÉLAGO DE SAN ANDRÉS, PROVIDENCIA Y SANTA CATALINA;2028;100+;1.0;1.0
ARCHIPIÉLAGO DE SAN ANDRÉS, PROVIDENCIA Y SANTA CATALINA;2029;0-4;1988.0;1905.0
ARCHIPIÉLAGO DE SAN ANDRÉS, PROVIDENCIA Y SANTA CATALINA;2029;5-9;2156.0;2059.0
ARCHIPIÉLAGO DE SAN ANDRÉS, PROVIDENCIA Y SANTA CATALINA;2029;10-14;2258.0;2100.0
ARCHIPIÉLAGO DE SAN ANDRÉS, PROVIDENCIA Y SANTA CATALINA;2029;15-19;2275.0;2046.0
ARCHIPIÉLAGO DE SAN ANDRÉS, PROVIDENCIA Y SANTA CATALINA;2029;20-24;2352.0;2097.0
ARCHIPIÉLAGO DE SAN ANDRÉS, PROVIDENCIA Y SANTA CATALINA;2029;25-29;2433.0;2359.0
ARCHIPIÉLAGO DE SAN ANDRÉS, PROVIDENCIA Y SANTA CATALINA;2029;30-34;2341.0;2489.0
ARCHIPIÉLAGO DE SAN ANDRÉS, PROVIDENCIA Y SANTA CATALINA;2029;35-39;2247.0;2437.0
ARCHIPIÉLAGO DE SAN ANDRÉS, PROVIDENCIA Y SANTA CATALINA;2029;40-44;2057.0;2303.0
ARCHIPIÉLAGO DE SAN ANDRÉS, PROVIDENCIA Y SANTA CATALINA;2029;45-49;2142.0;2461.0
ARCHIPIÉLAGO DE SAN ANDRÉS, PROVIDENCIA Y SANTA CATALINA;2029;50-54;2104.0;2410.0
ARCHIPIÉLAGO DE SAN ANDRÉS, PROVIDENCIA Y SANTA CATALINA;2029;55-59;1959.0;2263.0
ARCHIPIÉLAGO DE SAN ANDRÉS, PROVIDENCIA Y SANTA CATALINA;2029;60-64;1695.0;2048.0
ARCHIPIÉLAGO DE SAN ANDRÉS, PROVIDENCIA Y SANTA CATALINA;2029;65-69;1245.0;1568.0
ARCHIPIÉLAGO DE SAN ANDRÉS, PROVIDENCIA Y SANTA CATALINA;2029;70-74;805.0;1042.0
ARCHIPIÉLAGO DE SAN ANDRÉS, PROVIDENCIA Y SANTA CATALINA;2029;75-79;510.0;616.0
ARCHIPIÉLAGO DE SAN ANDRÉS, PROVIDENCIA Y SANTA CATALINA;2029;80-84;280.0;291.0
ARCHIPIÉLAGO DE SAN ANDRÉS, PROVIDENCIA Y SANTA CATALINA;2029;85-89;128.0;94.0
ARCHIPIÉLAGO DE SAN ANDRÉS, PROVIDENCIA Y SANTA CATALINA;2029;90-94;48.0;29.0
ARCHIPIÉLAGO DE SAN ANDRÉS, PROVIDENCIA Y SANTA CATALINA;2029;95-99;14.0;14.0
ARCHIPIÉLAGO DE SAN ANDRÉS, PROVIDENCIA Y SANTA CATALINA;2029;100+;1.0;1.0
ARCHIPIÉLAGO DE SAN ANDRÉS, PROVIDENCIA Y SANTA CATALINA;2030;0-4;1933.0;1852.0
ARCHIPIÉLAGO DE SAN ANDRÉS, PROVIDENCIA Y SANTA CATALINA;2030;5-9;2095.0;1993.0
ARCHIPIÉLAGO DE SAN ANDRÉS, PROVIDENCIA Y SANTA CATALINA;2030;10-14;2235.0;2077.0
ARCHIPIÉLAGO DE SAN ANDRÉS, PROVIDENCIA Y SANTA CATALINA;2030;15-19;2255.0;2034.0
ARCHIPIÉLAGO DE SAN ANDRÉS, PROVIDENCIA Y SANTA CATALINA;2030;20-24;2337.0;2086.0
ARCHIPIÉLAGO DE SAN ANDRÉS, PROVIDENCIA Y SANTA CATALINA;2030;25-29;2417.0;2324.0
ARCHIPIÉLAGO DE SAN ANDRÉS, PROVIDENCIA Y SANTA CATALINA;2030;30-34;2317.0;2468.0
ARCHIPIÉLAGO DE SAN ANDRÉS, PROVIDENCIA Y SANTA CATALINA;2030;35-39;2256.0;2454.0
ARCHIPIÉLAGO DE SAN ANDRÉS, PROVIDENCIA Y SANTA CATALINA;2030;40-44;2092.0;2318.0
ARCHIPIÉLAGO DE SAN ANDRÉS, PROVIDENCIA Y SANTA CATALINA;2030;45-49;2164.0;2471.0
ARCHIPIÉLAGO DE SAN ANDRÉS, PROVIDENCIA Y SANTA CATALINA;2030;50-54;2161.0;2477.0
ARCHIPIÉLAGO DE SAN ANDRÉS, PROVIDENCIA Y SANTA CATALINA;2030;55-59;1959.0;2267.0
ARCHIPIÉLAGO DE SAN ANDRÉS, PROVIDENCIA Y SANTA CATALINA;2030;60-64;1703.0;2047.0
ARCHIPIÉLAGO DE SAN ANDRÉS, PROVIDENCIA Y SANTA CATALINA;2030;65-69;1278.0;1611.0
ARCHIPIÉLAGO DE SAN ANDRÉS, PROVIDENCIA Y SANTA CATALINA;2030;70-74;839.0;1082.0
ARCHIPIÉLAGO DE SAN ANDRÉS, PROVIDENCIA Y SANTA CATALINA;2030;75-79;529.0;647.0
ARCHIPIÉLAGO DE SAN ANDRÉS, PROVIDENCIA Y SANTA CATALINA;2030;80-84;296.0;306.0
ARCHIPIÉLAGO DE SAN ANDRÉS, PROVIDENCIA Y SANTA CATALINA;2030;85-89;135.0;95.0
ARCHIPIÉLAGO DE SAN ANDRÉS, PROVIDENCIA Y SANTA CATALINA;2030;90-94;50.0;32.0
ARCHIPIÉLAGO DE SAN ANDRÉS, PROVIDENCIA Y SANTA CATALINA;2030;95-99;13.0;14.0
ARCHIPIÉLAGO DE SAN ANDRÉS, PROVIDENCIA Y SANTA CATALINA;2030;100+;1.0;1.0
ARCHIPIÉLAGO DE SAN ANDRÉS, PROVIDENCIA Y SANTA CATALINA;2031;0-4;1881.0;1804.0
ARCHIPIÉLAGO DE SAN ANDRÉS, PROVIDENCIA Y SANTA CATALINA;2031;5-9;2032.0;1941.0
ARCHIPIÉLAGO DE SAN ANDRÉS, PROVIDENCIA Y SANTA CATALINA;2031;10-14;2204.0;2048.0
ARCHIPIÉLAGO DE SAN ANDRÉS, PROVIDENCIA Y SANTA CATALINA;2031;15-19;2237.0;2019.0
ARCHIPIÉLAGO DE SAN ANDRÉS, PROVIDENCIA Y SANTA CATALINA;2031;20-24;2325.0;2072.0
ARCHIPIÉLAGO DE SAN ANDRÉS, PROVIDENCIA Y SANTA CATALINA;2031;25-29;2397.0;2287.0
ARCHIPIÉLAGO DE SAN ANDRÉS, PROVIDENCIA Y SANTA CATALINA;2031;30-34;2314.0;2452.0
ARCHIPIÉLAGO DE SAN ANDRÉS, PROVIDENCIA Y SANTA CATALINA;2031;35-39;2248.0;2457.0
ARCHIPIÉLAGO DE SAN ANDRÉS, PROVIDENCIA Y SANTA CATALINA;2031;40-44;2130.0;2343.0
ARCHIPIÉLAGO DE SAN ANDRÉS, PROVIDENCIA Y SANTA CATALINA;2031;45-49;2169.0;2476.0
ARCHIPIÉLAGO DE SAN ANDRÉS, PROVIDENCIA Y SANTA CATALINA;2031;50-54;2217.0;2542.0
ARCHIPIÉLAGO DE SAN ANDRÉS, PROVIDENCIA Y SANTA CATALINA;2031;55-59;1974.0;2286.0
ARCHIPIÉLAGO DE SAN ANDRÉS, PROVIDENCIA Y SANTA CATALINA;2031;60-64;1700.0;2033.0
ARCHIPIÉLAGO DE SAN ANDRÉS, PROVIDENCIA Y SANTA CATALINA;2031;65-69;1305.0;1650.0
ARCHIPIÉLAGO DE SAN ANDRÉS, PROVIDENCIA Y SANTA CATALINA;2031;70-74;872.0;1128.0
ARCHIPIÉLAGO DE SAN ANDRÉS, PROVIDENCIA Y SANTA CATALINA;2031;75-79;549.0;679.0
ARCHIPIÉLAGO DE SAN ANDRÉS, PROVIDENCIA Y SANTA CATALINA;2031;80-84;312.0;320.0
ARCHIPIÉLAGO DE SAN ANDRÉS, PROVIDENCIA Y SANTA CATALINA;2031;85-89;143.0;104.0
ARCHIPIÉLAGO DE SAN ANDRÉS, PROVIDENCIA Y SANTA CATALINA;2031;90-94;52.0;33.0
ARCHIPIÉLAGO DE SAN ANDRÉS, PROVIDENCIA Y SANTA CATALINA;2031;95-99;15.0;14.0
ARCHIPIÉLAGO DE SAN ANDRÉS, PROVIDENCIA Y SANTA CATALINA;2031;100+;1.0;2.0
ARCHIPIÉLAGO DE SAN ANDRÉS, PROVIDENCIA Y SANTA CATALINA;2032;0-4;1832.0;1756.0
ARCHIPIÉLAGO DE SAN ANDRÉS, PROVIDENCIA Y SANTA CATALINA;2032;5-9;1980.0;1889.0
ARCHIPIÉLAGO DE SAN ANDRÉS, PROVIDENCIA Y SANTA CATALINA;2032;10-14;2160.0;2013.0
ARCHIPIÉLAGO DE SAN ANDRÉS, PROVIDENCIA Y SANTA CATALINA;2032;15-19;2221.0;2002.0
ARCHIPIÉLAGO DE SAN ANDRÉS, PROVIDENCIA Y SANTA CATALINA;2032;20-24;2309.0;2063.0
ARCHIPIÉLAGO DE SAN ANDRÉS, PROVIDENCIA Y SANTA CATALINA;2032;25-29;2385.0;2255.0
ARCHIPIÉLAGO DE SAN ANDRÉS, PROVIDENCIA Y SANTA CATALINA;2032;30-34;2311.0;2426.0
ARCHIPIÉLAGO DE SAN ANDRÉS, PROVIDENCIA Y SANTA CATALINA;2032;35-39;2229.0;2444.0
ARCHIPIÉLAGO DE SAN ANDRÉS, PROVIDENCIA Y SANTA CATALINA;2032;40-44;2165.0;2378.0
ARCHIPIÉLAGO DE SAN ANDRÉS, PROVIDENCIA Y SANTA CATALINA;2032;45-49;2179.0;2482.0
ARCHIPIÉLAGO DE SAN ANDRÉS, PROVIDENCIA Y SANTA CATALINA;2032;50-54;2265.0;2596.0
ARCHIPIÉLAGO DE SAN ANDRÉS, PROVIDENCIA Y SANTA CATALINA;2032;55-59;2007.0;2323.0
ARCHIPIÉLAGO DE SAN ANDRÉS, PROVIDENCIA Y SANTA CATALINA;2032;60-64;1697.0;2026.0
ARCHIPIÉLAGO DE SAN ANDRÉS, PROVIDENCIA Y SANTA CATALINA;2032;65-69;1321.0;1673.0
ARCHIPIÉLAGO DE SAN ANDRÉS, PROVIDENCIA Y SANTA CATALINA;2032;70-74;907.0;1166.0
ARCHIPIÉLAGO DE SAN ANDRÉS, PROVIDENCIA Y SANTA CATALINA;2032;75-79;578.0;705.0
ARCHIPIÉLAGO DE SAN ANDRÉS, PROVIDENCIA Y SANTA CATALINA;2032;80-84;330.0;333.0
ARCHIPIÉLAGO DE SAN ANDRÉS, PROVIDENCIA Y SANTA CATALINA;2032;85-89;149.0;111.0
ARCHIPIÉLAGO DE SAN ANDRÉS, PROVIDENCIA Y SANTA CATALINA;2032;90-94;55.0;32.0
ARCHIPIÉLAGO DE SAN ANDRÉS, PROVIDENCIA Y SANTA CATALINA;2032;95-99;15.0;15.0
ARCHIPIÉLAGO DE SAN ANDRÉS, PROVIDENCIA Y SANTA CATALINA;2032;100+;1.0;2.0
ARCHIPIÉLAGO DE SAN ANDRÉS, PROVIDENCIA Y SANTA CATALINA;2033;0-4;1788.0;1714.0
ARCHIPIÉLAGO DE SAN ANDRÉS, PROVIDENCIA Y SANTA CATALINA;2033;5-9;1925.0;1840.0
ARCHIPIÉLAGO DE SAN ANDRÉS, PROVIDENCIA Y SANTA CATALINA;2033;10-14;2114.0;1969.0
ARCHIPIÉLAGO DE SAN ANDRÉS, PROVIDENCIA Y SANTA CATALINA;2033;15-19;2203.0;1979.0
ARCHIPIÉLAGO DE SAN ANDRÉS, PROVIDENCIA Y SANTA CATALINA;2033;20-24;2298.0;2055.0
ARCHIPIÉLAGO DE SAN ANDRÉS, PROVIDENCIA Y SANTA CATALINA;2033;25-29;2370.0;2234.0
ARCHIPIÉLAGO DE SAN ANDRÉS, PROVIDENCIA Y SANTA CATALINA;2033;30-34;2311.0;2395.0
ARCHIPIÉLAGO DE SAN ANDRÉS, PROVIDENCIA Y SANTA CATALINA;2033;35-39;2203.0;2421.0
ARCHIPIÉLAGO DE SAN ANDRÉS, PROVIDENCIA Y SANTA CATALINA;2033;40-44;2203.0;2413.0
ARCHIPIÉLAGO DE SAN ANDRÉS, PROVIDENCIA Y SANTA CATALINA;2033;45-49;2191.0;2478.0
ARCHIPIÉLAGO DE SAN ANDRÉS, PROVIDENCIA Y SANTA CATALINA;2033;50-54;2307.0;2640.0
ARCHIPIÉLAGO DE SAN ANDRÉS, PROVIDENCIA Y SANTA CATALINA;2033;55-59;2051.0;2369.0
ARCHIPIÉLAGO DE SAN ANDRÉS, PROVIDENCIA Y SANTA CATALINA;2033;60-64;1691.0;2015.0
ARCHIPIÉLAGO DE SAN ANDRÉS, PROVIDENCIA Y SANTA CATALINA;2033;65-69;1333.0;1681.0
ARCHIPIÉLAGO DE SAN ANDRÉS, PROVIDENCIA Y SANTA CATALINA;2033;70-74;944.0;1214.0
ARCHIPIÉLAGO DE SAN ANDRÉS, PROVIDENCIA Y SANTA CATALINA;2033;75-79;598.0;739.0
ARCHIPIÉLAGO DE SAN ANDRÉS, PROVIDENCIA Y SANTA CATALINA;2033;80-84;342.0;346.0
ARCHIPIÉLAGO DE SAN ANDRÉS, PROVIDENCIA Y SANTA CATALINA;2033;85-89;160.0;114.0
ARCHIPIÉLAGO DE SAN ANDRÉS, PROVIDENCIA Y SANTA CATALINA;2033;90-94;56.0;31.0
ARCHIPIÉLAGO DE SAN ANDRÉS, PROVIDENCIA Y SANTA CATALINA;2033;95-99;17.0;17.0
ARCHIPIÉLAGO DE SAN ANDRÉS, PROVIDENCIA Y SANTA CATALINA;2033;100+;1.0;1.0
ARCHIPIÉLAGO DE SAN ANDRÉS, PROVIDENCIA Y SANTA CATALINA;2034;0-4;1739.0;1667.0
ARCHIPIÉLAGO DE SAN ANDRÉS, PROVIDENCIA Y SANTA CATALINA;2034;5-9;1873.0;1786.0
ARCHIPIÉLAGO DE SAN ANDRÉS, PROVIDENCIA Y SANTA CATALINA;2034;10-14;2059.0;1919.0
ARCHIPIÉLAGO DE SAN ANDRÉS, PROVIDENCIA Y SANTA CATALINA;2034;15-19;2192.0;1968.0
ARCHIPIÉLAGO DE SAN ANDRÉS, PROVIDENCIA Y SANTA CATALINA;2034;20-24;2282.0;2055.0
ARCHIPIÉLAGO DE SAN ANDRÉS, PROVIDENCIA Y SANTA CATALINA;2034;25-29;2362.0;2220.0
ARCHIPIÉLAGO DE SAN ANDRÉS, PROVIDENCIA Y SANTA CATALINA;2034;30-34;2302.0;2361.0
ARCHIPIÉLAGO DE SAN ANDRÉS, PROVIDENCIA Y SANTA CATALINA;2034;35-39;2185.0;2403.0
ARCHIPIÉLAGO DE SAN ANDRÉS, PROVIDENCIA Y SANTA CATALINA;2034;40-44;2232.0;2451.0
ARCHIPIÉLAGO DE SAN ANDRÉS, PROVIDENCIA Y SANTA CATALINA;2034;45-49;2214.0;2483.0
ARCHIPIÉLAGO DE SAN ANDRÉS, PROVIDENCIA Y SANTA CATALINA;2034;50-54;2333.0;2678.0
ARCHIPIÉLAGO DE SAN ANDRÉS, PROVIDENCIA Y SANTA CATALINA;2034;55-59;2106.0;2433.0
ARCHIPIÉLAGO DE SAN ANDRÉS, PROVIDENCIA Y SANTA CATALINA;2034;60-64;1695.0;2016.0
ARCHIPIÉLAGO DE SAN ANDRÉS, PROVIDENCIA Y SANTA CATALINA;2034;65-69;1343.0;1685.0
ARCHIPIÉLAGO DE SAN ANDRÉS, PROVIDENCIA Y SANTA CATALINA;2034;70-74;978.0;1256.0
ARCHIPIÉLAGO DE SAN ANDRÉS, PROVIDENCIA Y SANTA CATALINA;2034;75-79;630.0;768.0
ARCHIPIÉLAGO DE SAN ANDRÉS, PROVIDENCIA Y SANTA CATALINA;2034;80-84;357.0;364.0
ARCHIPIÉLAGO DE SAN ANDRÉS, PROVIDENCIA Y SANTA CATALINA;2034;85-89;164.0;126.0
ARCHIPIÉLAGO DE SAN ANDRÉS, PROVIDENCIA Y SANTA CATALINA;2034;90-94;57.0;33.0
ARCHIPIÉLAGO DE SAN ANDRÉS, PROVIDENCIA Y SANTA CATALINA;2034;95-99;16.0;17.0
ARCHIPIÉLAGO DE SAN ANDRÉS, PROVIDENCIA Y SANTA CATALINA;2034;100+;1.0;1.0
ARCHIPIÉLAGO DE SAN ANDRÉS, PROVIDENCIA Y SANTA CATALINA;2035;0-4;1699.0;1629.0
ARCHIPIÉLAGO DE SAN ANDRÉS, PROVIDENCIA Y SANTA CATALINA;2035;5-9;1823.0;1740.0
ARCHIPIÉLAGO DE SAN ANDRÉS, PROVIDENCIA Y SANTA CATALINA;2035;10-14;2002.0;1865.0
ARCHIPIÉLAGO DE SAN ANDRÉS, PROVIDENCIA Y SANTA CATALINA;2035;15-19;2174.0;1949.0
ARCHIPIÉLAGO DE SAN ANDRÉS, PROVIDENCIA Y SANTA CATALINA;2035;20-24;2267.0;2045.0
ARCHIPIÉLAGO DE SAN ANDRÉS, PROVIDENCIA Y SANTA CATALINA;2035;25-29;2355.0;2209.0
ARCHIPIÉLAGO DE SAN ANDRÉS, PROVIDENCIA Y SANTA CATALINA;2035;30-34;2290.0;2326.0
ARCHIPIÉLAGO DE SAN ANDRÉS, PROVIDENCIA Y SANTA CATALINA;2035;35-39;2168.0;2381.0
ARCHIPIÉLAGO DE SAN ANDRÉS, PROVIDENCIA Y SANTA CATALINA;2035;40-44;2241.0;2469.0
ARCHIPIÉLAGO DE SAN ANDRÉS, PROVIDENCIA Y SANTA CATALINA;2035;45-49;2250.0;2501.0
ARCHIPIÉLAGO DE SAN ANDRÉS, PROVIDENCIA Y SANTA CATALINA;2035;50-54;2352.0;2693.0
ARCHIPIÉLAGO DE SAN ANDRÉS, PROVIDENCIA Y SANTA CATALINA;2035;55-59;2166.0;2507.0
ARCHIPIÉLAGO DE SAN ANDRÉS, PROVIDENCIA Y SANTA CATALINA;2035;60-64;1695.0;2020.0
ARCHIPIÉLAGO DE SAN ANDRÉS, PROVIDENCIA Y SANTA CATALINA;2035;65-69;1346.0;1678.0
ARCHIPIÉLAGO DE SAN ANDRÉS, PROVIDENCIA Y SANTA CATALINA;2035;70-74;1005.0;1293.0
ARCHIPIÉLAGO DE SAN ANDRÉS, PROVIDENCIA Y SANTA CATALINA;2035;75-79;654.0;802.0
ARCHIPIÉLAGO DE SAN ANDRÉS, PROVIDENCIA Y SANTA CATALINA;2035;80-84;377.0;384.0
ARCHIPIÉLAGO DE SAN ANDRÉS, PROVIDENCIA Y SANTA CATALINA;2035;85-89;177.0;127.0
ARCHIPIÉLAGO DE SAN ANDRÉS, PROVIDENCIA Y SANTA CATALINA;2035;90-94;62.0;33.0
ARCHIPIÉLAGO DE SAN ANDRÉS, PROVIDENCIA Y SANTA CATALINA;2035;95-99;17.0;14.0
ARCHIPIÉLAGO DE SAN ANDRÉS, PROVIDENCIA Y SANTA CATALINA;2035;100+;1.0;1.0
ARCHIPIÉLAGO DE SAN ANDRÉS, PROVIDENCIA Y SANTA CATALINA;2036;0-4;1661.0;1592.0
ARCHIPIÉLAGO DE SAN ANDRÉS, PROVIDENCIA Y SANTA CATALINA;2036;5-9;1775.0;1696.0
ARCHIPIÉLAGO DE SAN ANDRÉS, PROVIDENCIA Y SANTA CATALINA;2036;10-14;1950.0;1814.0
ARCHIPIÉLAGO DE SAN ANDRÉS, PROVIDENCIA Y SANTA CATALINA;2036;15-19;2147.0;1921.0
ARCHIPIÉLAGO DE SAN ANDRÉS, PROVIDENCIA Y SANTA CATALINA;2036;20-24;2253.0;2038.0
ARCHIPIÉLAGO DE SAN ANDRÉS, PROVIDENCIA Y SANTA CATALINA;2036;25-29;2349.0;2200.0
ARCHIPIÉLAGO DE SAN ANDRÉS, PROVIDENCIA Y SANTA CATALINA;2036;30-34;2281.0;2296.0
ARCHIPIÉLAGO DE SAN ANDRÉS, PROVIDENCIA Y SANTA CATALINA;2036;35-39;2164.0;2367.0
ARCHIPIÉLAGO DE SAN ANDRÉS, PROVIDENCIA Y SANTA CATALINA;2036;40-44;2240.0;2473.0
ARCHIPIÉLAGO DE SAN ANDRÉS, PROVIDENCIA Y SANTA CATALINA;2036;45-49;2291.0;2527.0
ARCHIPIÉLAGO DE SAN ANDRÉS, PROVIDENCIA Y SANTA CATALINA;2036;50-54;2362.0;2702.0
ARCHIPIÉLAGO DE SAN ANDRÉS, PROVIDENCIA Y SANTA CATALINA;2036;55-59;2228.0;2573.0
ARCHIPIÉLAGO DE SAN ANDRÉS, PROVIDENCIA Y SANTA CATALINA;2036;60-64;1711.0;2036.0
ARCHIPIÉLAGO DE SAN ANDRÉS, PROVIDENCIA Y SANTA CATALINA;2036;65-69;1344.0;1676.0
ARCHIPIÉLAGO DE SAN ANDRÉS, PROVIDENCIA Y SANTA CATALINA;2036;70-74;1025.0;1319.0
ARCHIPIÉLAGO DE SAN ANDRÉS, PROVIDENCIA Y SANTA CATALINA;2036;75-79;686.0;836.0
ARCHIPIÉLAGO DE SAN ANDRÉS, PROVIDENCIA Y SANTA CATALINA;2036;80-84;392.0;399.0
ARCHIPIÉLAGO DE SAN ANDRÉS, PROVIDENCIA Y SANTA CATALINA;2036;85-89;184.0;135.0
ARCHIPIÉLAGO DE SAN ANDRÉS, PROVIDENCIA Y SANTA CATALINA;2036;90-94;66.0;36.0
ARCHIPIÉLAGO DE SAN ANDRÉS, PROVIDENCIA Y SANTA CATALINA;2036;95-99;17.0;13.0
ARCHIPIÉLAGO DE SAN ANDRÉS, PROVIDENCIA Y SANTA CATALINA;2036;100+;1.0;2.0
ARCHIPIÉLAGO DE SAN ANDRÉS, PROVIDENCIA Y SANTA CATALINA;2037;0-4;1623.0;1557.0
ARCHIPIÉLAGO DE SAN ANDRÉS, PROVIDENCIA Y SANTA CATALINA;2037;5-9;1729.0;1651.0
ARCHIPIÉLAGO DE SAN ANDRÉS, PROVIDENCIA Y SANTA CATALINA;2037;10-14;1897.0;1767.0
ARCHIPIÉLAGO DE SAN ANDRÉS, PROVIDENCIA Y SANTA CATALINA;2037;15-19;2115.0;1891.0
ARCHIPIÉLAGO DE SAN ANDRÉS, PROVIDENCIA Y SANTA CATALINA;2037;20-24;2243.0;2027.0
ARCHIPIÉLAGO DE SAN ANDRÉS, PROVIDENCIA Y SANTA CATALINA;2037;25-29;2338.0;2195.0
ARCHIPIÉLAGO DE SAN ANDRÉS, PROVIDENCIA Y SANTA CATALINA;2037;30-34;2272.0;2270.0
ARCHIPIÉLAGO DE SAN ANDRÉS, PROVIDENCIA Y SANTA CATALINA;2037;35-39;2167.0;2347.0
ARCHIPIÉLAGO DE SAN ANDRÉS, PROVIDENCIA Y SANTA CATALINA;2037;40-44;2223.0;2461.0
ARCHIPIÉLAGO DE SAN ANDRÉS, PROVIDENCIA Y SANTA CATALINA;2037;45-49;2338.0;2571.0
ARCHIPIÉLAGO DE SAN ANDRÉS, PROVIDENCIA Y SANTA CATALINA;2037;50-54;2380.0;2709.0
ARCHIPIÉLAGO DE SAN ANDRÉS, PROVIDENCIA Y SANTA CATALINA;2037;55-59;2278.0;2633.0
ARCHIPIÉLAGO DE SAN ANDRÉS, PROVIDENCIA Y SANTA CATALINA;2037;60-64;1746.0;2073.0
ARCHIPIÉLAGO DE SAN ANDRÉS, PROVIDENCIA Y SANTA CATALINA;2037;65-69;1341.0;1667.0
ARCHIPIÉLAGO DE SAN ANDRÉS, PROVIDENCIA Y SANTA CATALINA;2037;70-74;1046.0;1342.0
ARCHIPIÉLAGO DE SAN ANDRÉS, PROVIDENCIA Y SANTA CATALINA;2037;75-79;715.0;868.0
ARCHIPIÉLAGO DE SAN ANDRÉS, PROVIDENCIA Y SANTA CATALINA;2037;80-84;410.0;419.0
ARCHIPIÉLAGO DE SAN ANDRÉS, PROVIDENCIA Y SANTA CATALINA;2037;85-89;195.0;141.0
ARCHIPIÉLAGO DE SAN ANDRÉS, PROVIDENCIA Y SANTA CATALINA;2037;90-94;70.0;37.0
ARCHIPIÉLAGO DE SAN ANDRÉS, PROVIDENCIA Y SANTA CATALINA;2037;95-99;18.0;14.0
ARCHIPIÉLAGO DE SAN ANDRÉS, PROVIDENCIA Y SANTA CATALINA;2037;100+;1.0;2.0
ARCHIPIÉLAGO DE SAN ANDRÉS, PROVIDENCIA Y SANTA CATALINA;2038;0-4;1587.0;1521.0
ARCHIPIÉLAGO DE SAN ANDRÉS, PROVIDENCIA Y SANTA CATALINA;2038;5-9;1687.0;1611.0
ARCHIPIÉLAGO DE SAN ANDRÉS, PROVIDENCIA Y SANTA CATALINA;2038;10-14;1847.0;1720.0
ARCHIPIÉLAGO DE SAN ANDRÉS, PROVIDENCIA Y SANTA CATALINA;2038;15-19;2073.0;1858.0
ARCHIPIÉLAGO DE SAN ANDRÉS, PROVIDENCIA Y SANTA CATALINA;2038;20-24;2231.0;2006.0
ARCHIPIÉLAGO DE SAN ANDRÉS, PROVIDENCIA Y SANTA CATALINA;2038;25-29;2335.0;2195.0
ARCHIPIÉLAGO DE SAN ANDRÉS, PROVIDENCIA Y SANTA CATALINA;2038;30-34;2265.0;2251.0
ARCHIPIÉLAGO DE SAN ANDRÉS, PROVIDENCIA Y SANTA CATALINA;2038;35-39;2169.0;2326.0
ARCHIPIÉLAGO DE SAN ANDRÉS, PROVIDENCIA Y SANTA CATALINA;2038;40-44;2203.0;2450.0
ARCHIPIÉLAGO DE SAN ANDRÉS, PROVIDENCIA Y SANTA CATALINA;2038;45-49;2382.0;2617.0
ARCHIPIÉLAGO DE SAN ANDRÉS, PROVIDENCIA Y SANTA CATALINA;2038;50-54;2397.0;2710.0
ARCHIPIÉLAGO DE SAN ANDRÉS, PROVIDENCIA Y SANTA CATALINA;2038;55-59;2316.0;2682.0
ARCHIPIÉLAGO DE SAN ANDRÉS, PROVIDENCIA Y SANTA CATALINA;2038;60-64;1785.0;2120.0
ARCHIPIÉLAGO DE SAN ANDRÉS, PROVIDENCIA Y SANTA CATALINA;2038;65-69;1343.0;1663.0
ARCHIPIÉLAGO DE SAN ANDRÉS, PROVIDENCIA Y SANTA CATALINA;2038;70-74;1054.0;1351.0
ARCHIPIÉLAGO DE SAN ANDRÉS, PROVIDENCIA Y SANTA CATALINA;2038;75-79;743.0;902.0
ARCHIPIÉLAGO DE SAN ANDRÉS, PROVIDENCIA Y SANTA CATALINA;2038;80-84;431.0;443.0
ARCHIPIÉLAGO DE SAN ANDRÉS, PROVIDENCIA Y SANTA CATALINA;2038;85-89;208.0;147.0
ARCHIPIÉLAGO DE SAN ANDRÉS, PROVIDENCIA Y SANTA CATALINA;2038;90-94;76.0;41.0
ARCHIPIÉLAGO DE SAN ANDRÉS, PROVIDENCIA Y SANTA CATALINA;2038;95-99;18.0;13.0
ARCHIPIÉLAGO DE SAN ANDRÉS, PROVIDENCIA Y SANTA CATALINA;2038;100+;1.0;2.0
ARCHIPIÉLAGO DE SAN ANDRÉS, PROVIDENCIA Y SANTA CATALINA;2039;0-4;1555.0;1492.0
ARCHIPIÉLAGO DE SAN ANDRÉS, PROVIDENCIA Y SANTA CATALINA;2039;5-9;1646.0;1575.0
ARCHIPIÉLAGO DE SAN ANDRÉS, PROVIDENCIA Y SANTA CATALINA;2039;10-14;1802.0;1676.0
ARCHIPIÉLAGO DE SAN ANDRÉS, PROVIDENCIA Y SANTA CATALINA;2039;15-19;2023.0;1811.0
ARCHIPIÉLAGO DE SAN ANDRÉS, PROVIDENCIA Y SANTA CATALINA;2039;20-24;2228.0;1999.0
ARCHIPIÉLAGO DE SAN ANDRÉS, PROVIDENCIA Y SANTA CATALINA;2039;25-29;2318.0;2195.0
ARCHIPIÉLAGO DE SAN ANDRÉS, PROVIDENCIA Y SANTA CATALINA;2039;30-34;2262.0;2239.0
ARCHIPIÉLAGO DE SAN ANDRÉS, PROVIDENCIA Y SANTA CATALINA;2039;35-39;2168.0;2295.0
ARCHIPIÉLAGO DE SAN ANDRÉS, PROVIDENCIA Y SANTA CATALINA;2039;40-44;2184.0;2431.0
ARCHIPIÉLAGO DE SAN ANDRÉS, PROVIDENCIA Y SANTA CATALINA;2039;45-49;2413.0;2657.0
ARCHIPIÉLAGO DE SAN ANDRÉS, PROVIDENCIA Y SANTA CATALINA;2039;50-54;2422.0;2721.0
ARCHIPIÉLAGO DE SAN ANDRÉS, PROVIDENCIA Y SANTA CATALINA;2039;55-59;2348.0;2716.0
ARCHIPIÉLAGO DE SAN ANDRÉS, PROVIDENCIA Y SANTA CATALINA;2039;60-64;1837.0;2177.0
ARCHIPIÉLAGO DE SAN ANDRÉS, PROVIDENCIA Y SANTA CATALINA;2039;65-69;1345.0;1660.0
ARCHIPIÉLAGO DE SAN ANDRÉS, PROVIDENCIA Y SANTA CATALINA;2039;70-74;1061.0;1354.0
ARCHIPIÉLAGO DE SAN ANDRÉS, PROVIDENCIA Y SANTA CATALINA;2039;75-79;772.0;934.0
ARCHIPIÉLAGO DE SAN ANDRÉS, PROVIDENCIA Y SANTA CATALINA;2039;80-84;454.0;461.0
ARCHIPIÉLAGO DE SAN ANDRÉS, PROVIDENCIA Y SANTA CATALINA;2039;85-89;217.0;153.0
ARCHIPIÉLAGO DE SAN ANDRÉS, PROVIDENCIA Y SANTA CATALINA;2039;90-94;78.0;42.0
ARCHIPIÉLAGO DE SAN ANDRÉS, PROVIDENCIA Y SANTA CATALINA;2039;95-99;19.0;15.0
ARCHIPIÉLAGO DE SAN ANDRÉS, PROVIDENCIA Y SANTA CATALINA;2039;100+;0.0;2.0
ARCHIPIÉLAGO DE SAN ANDRÉS, PROVIDENCIA Y SANTA CATALINA;2040;0-4;1525.0;1461.0
ARCHIPIÉLAGO DE SAN ANDRÉS, PROVIDENCIA Y SANTA CATALINA;2040;5-9;1610.0;1537.0
ARCHIPIÉLAGO DE SAN ANDRÉS, PROVIDENCIA Y SANTA CATALINA;2040;10-14;1754.0;1636.0
ARCHIPIÉLAGO DE SAN ANDRÉS, PROVIDENCIA Y SANTA CATALINA;2040;15-19;1975.0;1767.0
ARCHIPIÉLAGO DE SAN ANDRÉS, PROVIDENCIA Y SANTA CATALINA;2040;20-24;2218.0;1987.0
ARCHIPIÉLAGO DE SAN ANDRÉS, PROVIDENCIA Y SANTA CATALINA;2040;25-29;2311.0;2192.0
ARCHIPIÉLAGO DE SAN ANDRÉS, PROVIDENCIA Y SANTA CATALINA;2040;30-34;2259.0;2232.0
ARCHIPIÉLAGO DE SAN ANDRÉS, PROVIDENCIA Y SANTA CATALINA;2040;35-39;2163.0;2266.0
ARCHIPIÉLAGO DE SAN ANDRÉS, PROVIDENCIA Y SANTA CATALINA;2040;40-44;2175.0;2415.0
ARCHIPIÉLAGO DE SAN ANDRÉS, PROVIDENCIA Y SANTA CATALINA;2040;45-49;2432.0;2683.0
ARCHIPIÉLAGO DE SAN ANDRÉS, PROVIDENCIA Y SANTA CATALINA;2040;50-54;2469.0;2745.0
ARCHIPIÉLAGO DE SAN ANDRÉS, PROVIDENCIA Y SANTA CATALINA;2040;55-59;2370.0;2738.0
ARCHIPIÉLAGO DE SAN ANDRÉS, PROVIDENCIA Y SANTA CATALINA;2040;60-64;1887.0;2247.0
ARCHIPIÉLAGO DE SAN ANDRÉS, PROVIDENCIA Y SANTA CATALINA;2040;65-69;1349.0;1666.0
ARCHIPIÉLAGO DE SAN ANDRÉS, PROVIDENCIA Y SANTA CATALINA;2040;70-74;1068.0;1353.0
ARCHIPIÉLAGO DE SAN ANDRÉS, PROVIDENCIA Y SANTA CATALINA;2040;75-79;796.0;963.0
ARCHIPIÉLAGO DE SAN ANDRÉS, PROVIDENCIA Y SANTA CATALINA;2040;80-84;473.0;479.0
ARCHIPIÉLAGO DE SAN ANDRÉS, PROVIDENCIA Y SANTA CATALINA;2040;85-89;227.0;162.0
ARCHIPIÉLAGO DE SAN ANDRÉS, PROVIDENCIA Y SANTA CATALINA;2040;90-94;81.0;47.0
ARCHIPIÉLAGO DE SAN ANDRÉS, PROVIDENCIA Y SANTA CATALINA;2040;95-99;18.0;18.0
ARCHIPIÉLAGO DE SAN ANDRÉS, PROVIDENCIA Y SANTA CATALINA;2040;100+;0.0;2.0
ARCHIPIÉLAGO DE SAN ANDRÉS, PROVIDENCIA Y SANTA CATALINA;2041;0-4;1494.0;1434.0
ARCHIPIÉLAGO DE SAN ANDRÉS, PROVIDENCIA Y SANTA CATALINA;2041;5-9;1573.0;1508.0
ARCHIPIÉLAGO DE SAN ANDRÉS, PROVIDENCIA Y SANTA CATALINA;2041;10-14;1712.0;1597.0
ARCHIPIÉLAGO DE SAN ANDRÉS, PROVIDENCIA Y SANTA CATALINA;2041;15-19;1927.0;1719.0
ARCHIPIÉLAGO DE SAN ANDRÉS, PROVIDENCIA Y SANTA CATALINA;2041;20-24;2195.0;1964.0
ARCHIPIÉLAGO DE SAN ANDRÉS, PROVIDENCIA Y SANTA CATALINA;2041;25-29;2303.0;2189.0
ARCHIPIÉLAGO DE SAN ANDRÉS, PROVIDENCIA Y SANTA CATALINA;2041;30-34;2260.0;2227.0
ARCHIPIÉLAGO DE SAN ANDRÉS, PROVIDENCIA Y SANTA CATALINA;2041;35-39;2156.0;2236.0
ARCHIPIÉLAGO DE SAN ANDRÉS, PROVIDENCIA Y SANTA CATALINA;2041;40-44;2174.0;2405.0
ARCHIPIÉLAGO DE SAN ANDRÉS, PROVIDENCIA Y SANTA CATALINA;2041;45-49;2432.0;2689.0
ARCHIPIÉLAGO DE SAN ANDRÉS, PROVIDENCIA Y SANTA CATALINA;2041;50-54;2519.0;2783.0
ARCHIPIÉLAGO DE SAN ANDRÉS, PROVIDENCIA Y SANTA CATALINA;2041;55-59;2387.0;2747.0
ARCHIPIÉLAGO DE SAN ANDRÉS, PROVIDENCIA Y SANTA CATALINA;2041;60-64;1942.0;2307.0
ARCHIPIÉLAGO DE SAN ANDRÉS, PROVIDENCIA Y SANTA CATALINA;2041;65-69;1365.0;1679.0
ARCHIPIÉLAGO DE SAN ANDRÉS, PROVIDENCIA Y SANTA CATALINA;2041;70-74;1067.0;1349.0
ARCHIPIÉLAGO DE SAN ANDRÉS, PROVIDENCIA Y SANTA CATALINA;2041;75-79;819.0;985.0
ARCHIPIÉLAGO DE SAN ANDRÉS, PROVIDENCIA Y SANTA CATALINA;2041;80-84;500.0;497.0
ARCHIPIÉLAGO DE SAN ANDRÉS, PROVIDENCIA Y SANTA CATALINA;2041;85-89;239.0;173.0
ARCHIPIÉLAGO DE SAN ANDRÉS, PROVIDENCIA Y SANTA CATALINA;2041;90-94;88.0;48.0
ARCHIPIÉLAGO DE SAN ANDRÉS, PROVIDENCIA Y SANTA CATALINA;2041;95-99;22.0;19.0
ARCHIPIÉLAGO DE SAN ANDRÉS, PROVIDENCIA Y SANTA CATALINA;2041;100+;1.0;2.0
ARCHIPIÉLAGO DE SAN ANDRÉS, PROVIDENCIA Y SANTA CATALINA;2042;0-4;1466.0;1407.0
ARCHIPIÉLAGO DE SAN ANDRÉS, PROVIDENCIA Y SANTA CATALINA;2042;5-9;1541.0;1474.0
ARCHIPIÉLAGO DE SAN ANDRÉS, PROVIDENCIA Y SANTA CATALINA;2042;10-14;1670.0;1560.0
ARCHIPIÉLAGO DE SAN ANDRÉS, PROVIDENCIA Y SANTA CATALINA;2042;15-19;1879.0;1683.0
ARCHIPIÉLAGO DE SAN ANDRÉS, PROVIDENCIA Y SANTA CATALINA;2042;20-24;2168.0;1941.0
ARCHIPIÉLAGO DE SAN ANDRÉS, PROVIDENCIA Y SANTA CATALINA;2042;25-29;2299.0;2182.0
ARCHIPIÉLAGO DE SAN ANDRÉS, PROVIDENCIA Y SANTA CATALINA;2042;30-34;2255.0;2226.0
ARCHIPIÉLAGO DE SAN ANDRÉS, PROVIDENCIA Y SANTA CATALINA;2042;35-39;2149.0;2213.0
ARCHIPIÉLAGO DE SAN ANDRÉS, PROVIDENCIA Y SANTA CATALINA;2042;40-44;2179.0;2386.0
ARCHIPIÉLAGO DE SAN ANDRÉS, PROVIDENCIA Y SANTA CATALINA;2042;45-49;2418.0;2685.0
ARCHIPIÉLAGO DE SAN ANDRÉS, PROVIDENCIA Y SANTA CATALINA;2042;50-54;2569.0;2831.0
ARCHIPIÉLAGO DE SAN ANDRÉS, PROVIDENCIA Y SANTA CATALINA;2042;55-59;2406.0;2757.0
ARCHIPIÉLAGO DE SAN ANDRÉS, PROVIDENCIA Y SANTA CATALINA;2042;60-64;1988.0;2353.0
ARCHIPIÉLAGO DE SAN ANDRÉS, PROVIDENCIA Y SANTA CATALINA;2042;65-69;1391.0;1709.0
ARCHIPIÉLAGO DE SAN ANDRÉS, PROVIDENCIA Y SANTA CATALINA;2042;70-74;1066.0;1346.0
ARCHIPIÉLAGO DE SAN ANDRÉS, PROVIDENCIA Y SANTA CATALINA;2042;75-79;830.0;998.0
ARCHIPIÉLAGO DE SAN ANDRÉS, PROVIDENCIA Y SANTA CATALINA;2042;80-84;522.0;520.0
ARCHIPIÉLAGO DE SAN ANDRÉS, PROVIDENCIA Y SANTA CATALINA;2042;85-89;248.0;184.0
ARCHIPIÉLAGO DE SAN ANDRÉS, PROVIDENCIA Y SANTA CATALINA;2042;90-94;94.0;49.0
ARCHIPIÉLAGO DE SAN ANDRÉS, PROVIDENCIA Y SANTA CATALINA;2042;95-99;24.0;17.0
ARCHIPIÉLAGO DE SAN ANDRÉS, PROVIDENCIA Y SANTA CATALINA;2042;100+;1.0;3.0
ATLÁNTICO;2018;0-4;106044.0;101458.0
ATLÁNTICO;2018;5-9;110706.0;106433.0
ATLÁNTICO;2018;10-14;114696.0;109954.0
ATLÁNTICO;2018;15-19;113559.0;111222.0
ATLÁNTICO;2018;20-24;108460.0;109290.0
ATLÁNTICO;2018;25-29;100902.0;103502.0
ATLÁNTICO;2018;30-34;91744.0;95944.0
ATLÁNTICO;2018;35-39;86210.0;92568.0
ATLÁNTICO;2018;40-44;73793.0;80954.0
ATLÁNTICO;2018;45-49;68356.0;75474.0
ATLÁNTICO;2018;50-54;65622.0;74369.0
ATLÁNTICO;2018;55-59;57517.0;66174.0
ATLÁNTICO;2018;60-64;44690.0;52430.0
ATLÁNTICO;2018;65-69;33494.0;40595.0
ATLÁNTICO;2018;70-74;23301.0;28809.0
ATLÁNTICO;2018;75-79;16362.0;21495.0
ATLÁNTICO;2018;80-84;10207.0;15339.0
ATLÁNTICO;2018;85-89;5398.0;8906.0
ATLÁNTICO;2018;90-94;2303.0;4268.0
ATLÁNTICO;2018;95-99;694.0;1407.0
ATLÁNTICO;2018;100+;337.0;520.0
ATLÁNTICO;2019;0-4;107724.0;103013.0
ATLÁNTICO;2019;5-9;112055.0;107910.0
ATLÁNTICO;2019;10-14;116124.0;111522.0
ATLÁNTICO;2019;15-19;116338.0;113273.0
ATLÁNTICO;2019;20-24;112537.0;113625.0
ATLÁNTICO;2019;25-29;106221.0;108572.0
ATLÁNTICO;2019;30-34;95045.0;99091.0
ATLÁNTICO;2019;35-39;89373.0;95708.0
ATLÁNTICO;2019;40-44;77353.0;84497.0
ATLÁNTICO;2019;45-49;69390.0;76666.0
ATLÁNTICO;2019;50-54;66529.0;75310.0
ATLÁNTICO;2019;55-59;59983.0;68772.0
ATLÁNTICO;2019;60-64;46751.0;54738.0
ATLÁNTICO;2019;65-69;35000.0;42468.0
ATLÁNTICO;2019;70-74;24550.0;30377.0
ATLÁNTICO;2019;75-79;16698.0;21599.0
ATLÁNTICO;2019;80-84;10586.0;15596.0
ATLÁNTICO;2019;85-89;5534.0;8970.0
ATLÁNTICO;2019;90-94;2386.0;4270.0
ATLÁNTICO;2019;95-99;699.0;1409.0
ATLÁNTICO;2019;100+;241.0;405.0
ATLÁNTICO;2020;0-4;110120.0;105224.0
ATLÁNTICO;2020;5-9;114074.0;110021.0
ATLÁNTICO;2020;10-14;117624.0;113380.0
ATLÁNTICO;2020;15-19;119194.0;115614.0
ATLÁNTICO;2020;20-24;117397.0;118418.0
ATLÁNTICO;2020;25-29;111870.0;114042.0
ATLÁNTICO;2020;30-34;99467.0;103565.0
ATLÁNTICO;2020;35-39;92668.0;98642.0
ATLÁNTICO;2020;40-44;81472.0;88770.0
ATLÁNTICO;2020;45-49;70753.0;78284.0
ATLÁNTICO;2020;50-54;67529.0;76472.0
ATLÁNTICO;2020;55-59;62325.0;71013.0
ATLÁNTICO;2020;60-64;48931.0;57368.0
ATLÁNTICO;2020;65-69;36692.0;44339.0
ATLÁNTICO;2020;70-74;25873.0;32159.0
ATLÁNTICO;2020;75-79;17099.0;21975.0
ATLÁNTICO;2020;80-84;10970.0;15854.0
ATLÁNTICO;2020;85-89;5701.0;9108.0
ATLÁNTICO;2020;90-94;2459.0;4255.0
ATLÁNTICO;2020;95-99;724.0;1416.0
ATLÁNTICO;2020;100+;188.0;339.0
ATLÁNTICO;2021;0-4;110012.0;104932.0
ATLÁNTICO;2021;5-9;114705.0;110771.0
ATLÁNTICO;2021;10-14;117840.0;113889.0
ATLÁNTICO;2021;15-19;120194.0;116171.0
ATLÁNTICO;2021;20-24;119998.0;120646.0
ATLÁNTICO;2021;25-29;115028.0;116891.0
ATLÁNTICO;2021;30-34;102789.0;106737.0
ATLÁNTICO;2021;35-39;94568.0;100317.0
ATLÁNTICO;2021;40-44;84743.0;92003.0
ATLÁNTICO;2021;45-49;72034.0;79784.0
ATLÁNTICO;2021;50-54;68198.0;76824.0
ATLÁNTICO;2021;55-59;63680.0;72567.0
ATLÁNTICO;2021;60-64;51007.0;59810.0
ATLÁNTICO;2021;65-69;38114.0;45984.0
ATLÁNTICO;2021;70-74;27018.0;33676.0
ATLÁNTICO;2021;75-79;17397.0;22354.0
ATLÁNTICO;2021;80-84;11129.0;15816.0
ATLÁNTICO;2021;85-89;5696.0;9056.0
ATLÁNTICO;2021;90-94;2371.0;4080.0
ATLÁNTICO;2021;95-99;709.0;1325.0
ATLÁNTICO;2021;100+;152.0;281.0
ATLÁNTICO;2022;0-4;108697.0;103458.0
ATLÁNTICO;2022;5-9;114759.0;110927.0
ATLÁNTICO;2022;10-14;117453.0;113707.0
ATLÁNTICO;2022;15-19;120595.0;116250.0
ATLÁNTICO;2022;20-24;121433.0;121198.0
ATLÁNTICO;2022;25-29;116776.0;118703.0
ATLÁNTICO;2022;30-34;105790.0;109466.0
ATLÁNTICO;2022;35-39;96003.0;101351.0
ATLÁNTICO;2022;40-44;87168.0;94629.0
ATLÁNTICO;2022;45-49;73737.0;81623.0
ATLÁNTICO;2022;50-54;68685.0;76964.0
ATLÁNTICO;2022;55-59;64513.0;73538.0
ATLÁNTICO;2022;60-64;53009.0;62197.0
ATLÁNTICO;2022;65-69;39612.0;47636.0
ATLÁNTICO;2022;70-74;28047.0;35149.0
ATLÁNTICO;2022;75-79;17821.0;22998.0
ATLÁNTICO;2022;80-84;11218.0;15703.0
ATLÁNTICO;2022;85-89;5702.0;9007.0
ATLÁNTICO;2022;90-94;2286.0;3948.0
ATLÁNTICO;2022;95-99;650.0;1262.0
ATLÁNTICO;2022;100+;119.0;222.0
ATLÁNTICO;2023;0-4;106902.0;101815.0
ATLÁNTICO;2023;5-9;114898.0;110761.0
ATLÁNTICO;2023;10-14;117142.0;113482.0
ATLÁNTICO;2023;15-19;120751.0;116363.0
ATLÁNTICO;2023;20-24;122333.0;121050.0
ATLÁNTICO;2023;25-29;118290.0;120158.0
ATLÁNTICO;2023;30-34;108891.0;112257.0
ATLÁNTICO;2023;35-39;97241.0;102378.0
ATLÁNTICO;2023;40-44;89451.0;96808.0
ATLÁNTICO;2023;45-49;75853.0;83870.0
ATLÁNTICO;2023;50-54;69289.0;77179.0
ATLÁNTICO;2023;55-59;64938.0;74345.0
ATLÁNTICO;2023;60-64;55170.0;64460.0
ATLÁNTICO;2023;65-69;41239.0;49501.0
ATLÁNTICO;2023;70-74;29202.0;36552.0
ATLÁNTICO;2023;75-79;18552.0;23993.0
ATLÁNTICO;2023;80-84;11361.0;15656.0
ATLÁNTICO;2023;85-89;5831.0;9084.0
ATLÁNTICO;2023;90-94;2299.0;3899.0
ATLÁNTICO;2023;95-99;660.0;1241.0
ATLÁNTICO;2023;100+;87.0;169.0
ATLÁNTICO;2024;0-4;105500.0;100404.0
ATLÁNTICO;2024;5-9;114397.0;110063.0
ATLÁNTICO;2024;10-14;116886.0;113284.0
ATLÁNTICO;2024;15-19;120718.0;116424.0
ATLÁNTICO;2024;20-24;122889.0;120589.0
ATLÁNTICO;2024;25-29;119611.0;121510.0
ATLÁNTICO;2024;30-34;111788.0;114829.0
ATLÁNTICO;2024;35-39;98785.0;103696.0
ATLÁNTICO;2024;40-44;91336.0;98600.0
ATLÁNTICO;2024;45-49;78485.0;86412.0
ATLÁNTICO;2024;50-54;69749.0;77680.0
ATLÁNTICO;2024;55-59;65483.0;74826.0
ATLÁNTICO;2024;60-64;57258.0;66639.0
ATLÁNTICO;2024;65-69;42994.0;51455.0
ATLÁNTICO;2024;70-74;30452.0;38117.0
ATLÁNTICO;2024;75-79;19530.0;25241.0
ATLÁNTICO;2024;80-84;11607.0;15751.0
ATLÁNTICO;2024;85-89;6065.0;9266.0
ATLÁNTICO;2024;90-94;2358.0;3944.0
ATLÁNTICO;2024;95-99;674.0;1238.0
ATLÁNTICO;2024;100+;89.0;173.0
ATLÁNTICO;2025;0-4;103847.0;98760.0
ATLÁNTICO;2025;5-9;113648.0;109106.0
ATLÁNTICO;2025;10-14;116613.0;113050.0
ATLÁNTICO;2025;15-19;120353.0;116343.0
ATLÁNTICO;2025;20-24;123110.0;119996.0
ATLÁNTICO;2025;25-29;120919.0;122404.0
ATLÁNTICO;2025;30-34;114149.0;116887.0
ATLÁNTICO;2025;35-39;100710.0;105544.0
ATLÁNTICO;2025;40-44;92852.0;99658.0
ATLÁNTICO;2025;45-49;81309.0;89263.0
ATLÁNTICO;2025;50-54;70280.0;78318.0
ATLÁNTICO;2025;55-59;65917.0;75299.0
ATLÁNTICO;2025;60-64;59136.0;68327.0
ATLÁNTICO;2025;65-69;44778.0;53608.0
ATLÁNTICO;2025;70-74;31811.0;39617.0
ATLÁNTICO;2025;75-79;20535.0;26609.0
ATLÁNTICO;2025;80-84;11878.0;16008.0
ATLÁNTICO;2025;85-89;6298.0;9434.0
ATLÁNTICO;2025;90-94;2441.0;4022.0
ATLÁNTICO;2025;95-99;694.0;1233.0
ATLÁNTICO;2025;100+;91.0;179.0
ATLÁNTICO;2026;0-4;102045.0;96988.0
ATLÁNTICO;2026;5-9;112076.0;107311.0
ATLÁNTICO;2026;10-14;116151.0;112655.0
ATLÁNTICO;2026;15-19;119594.0;115783.0
ATLÁNTICO;2026;20-24;122767.0;119029.0
ATLÁNTICO;2026;25-29;121865.0;122780.0
ATLÁNTICO;2026;30-34;115771.0;118116.0
ATLÁNTICO;2026;35-39;102838.0;107465.0
ATLÁNTICO;2026;40-44;93947.0;100438.0
ATLÁNTICO;2026;45-49;83980.0;91828.0
ATLÁNTICO;2026;50-54;71193.0;79375.0
ATLÁNTICO;2026;55-59;66403.0;75418.0
ATLÁNTICO;2026;60-64;60383.0;69688.0
ATLÁNTICO;2026;65-69;46735.0;55859.0
ATLÁNTICO;2026;70-74;33159.0;41143.0
ATLÁNTICO;2026;75-79;21588.0;27999.0
ATLÁNTICO;2026;80-84;12243.0;16442.0
ATLÁNTICO;2026;85-89;6507.0;9548.0
ATLÁNTICO;2026;90-94;2501.0;4094.0
ATLÁNTICO;2026;95-99;693.0;1231.0
ATLÁNTICO;2026;100+;93.0;182.0
ATLÁNTICO;2027;0-4;100263.0;95260.0
ATLÁNTICO;2027;5-9;110105.0;105166.0
ATLÁNTICO;2027;10-14;115685.0;112264.0
ATLÁNTICO;2027;15-19;118714.0;115102.0
ATLÁNTICO;2027;20-24;122515.0;118338.0
ATLÁNTICO;2027;25-29;122593.0;122535.0
ATLÁNTICO;2027;30-34;116814.0;119153.0
ATLÁNTICO;2027;35-39;105278.0;109584.0
ATLÁNTICO;2027;40-44;95027.0;101088.0
ATLÁNTICO;2027;45-49;86157.0;94137.0
ATLÁNTICO;2027;50-54;72743.0;80992.0
ATLÁNTICO;2027;55-59;66858.0;75469.0
ATLÁNTICO;2027;60-64;61224.0;70626.0
ATLÁNTICO;2027;65-69;48700.0;58149.0
ATLÁNTICO;2027;70-74;34648.0;42731.0
ATLÁNTICO;2027;75-79;22611.0;29376.0
ATLÁNTICO;2027;80-84;12745.0;17083.0
ATLÁNTICO;2027;85-89;6711.0;9635.0
ATLÁNTICO;2027;90-94;2602.0;4171.0
ATLÁNTICO;2027;95-99;702.0;1230.0
ATLÁNTICO;2027;100+;96.0;187.0
ATLÁNTICO;2028;0-4;98428.0;93489.0
ATLÁNTICO;2028;5-9;107775.0;102968.0
ATLÁNTICO;2028;10-14;115373.0;111646.0
ATLÁNTICO;2028;15-19;118002.0;114443.0
ATLÁNTICO;2028;20-24;122112.0;117797.0
ATLÁNTICO;2028;25-29;122899.0;121756.0
ATLÁNTICO;2028;30-34;117713.0;119980.0
ATLÁNTICO;2028;35-39;107872.0;111861.0
ATLÁNTICO;2028;40-44;95959.0;101773.0
ATLÁNTICO;2028;45-49;88175.0;96060.0
ATLÁNTICO;2028;50-54;74680.0;83047.0
ATLÁNTICO;2028;55-59;67378.0;75603.0
ATLÁNTICO;2028;60-64;61655.0;71392.0
ATLÁNTICO;2028;65-69;50741.0;60287.0
ATLÁNTICO;2028;70-74;36162.0;44478.0
ATLÁNTICO;2028;75-79;23653.0;30654.0
ATLÁNTICO;2028;80-84;13376.0;17929.0
ATLÁNTICO;2028;85-89;6875.0;9707.0
ATLÁNTICO;2028;90-94;2705.0;4277.0
ATLÁNTICO;2028;95-99;717.0;1248.0
ATLÁNTICO;2028;100+;100.0;188.0
ATLÁNTICO;2029;0-4;96591.0;91719.0
ATLÁNTICO;2029;5-9;105833.0;101007.0
ATLÁNTICO;2029;10-14;114458.0;110527.0
ATLÁNTICO;2029;15-19;117376.0;113875.0
ATLÁNTICO;2029;20-24;121590.0;117297.0
ATLÁNTICO;2029;25-29;122925.0;120730.0
ATLÁNTICO;2029;30-34;118469.0;120724.0
ATLÁNTICO;2029;35-39;110273.0;113948.0
ATLÁNTICO;2029;40-44;97173.0;102735.0
ATLÁNTICO;2029;45-49;89815.0;97584.0
ATLÁNTICO;2029;50-54;77089.0;85363.0
ATLÁNTICO;2029;55-59;67737.0;75999.0
ATLÁNTICO;2029;60-64;62129.0;71804.0
ATLÁNTICO;2029;65-69;52657.0;62292.0
ATLÁNTICO;2029;70-74;37724.0;46252.0
ATLÁNTICO;2029;75-79;24699.0;31990.0
ATLÁNTICO;2029;80-84;14111.0;18907.0
ATLÁNTICO;2029;85-89;7045.0;9809.0
ATLÁNTICO;2029;90-94;2830.0;4383.0
ATLÁNTICO;2029;95-99;748.0;1269.0
ATLÁNTICO;2029;100+;99.0;189.0
ATLÁNTICO;2030;0-4;94772.0;89991.0
ATLÁNTICO;2030;5-9;103778.0;98953.0
ATLÁNTICO;2030;10-14;113386.0;109227.0
ATLÁNTICO;2030;15-19;116842.0;113374.0
ATLÁNTICO;2030;20-24;120887.0;116793.0
ATLÁNTICO;2030;25-29;122770.0;119703.0
ATLÁNTICO;2030;30-34;119350.0;121201.0
ATLÁNTICO;2030;35-39;112262.0;115644.0
ATLÁNTICO;2030;40-44;98819.0;104302.0
ATLÁNTICO;2030;45-49;91149.0;98464.0
ATLÁNTICO;2030;50-54;79737.0;88032.0
ATLÁNTICO;2030;55-59;68193.0;76542.0
ATLÁNTICO;2030;60-64;62537.0;72224.0
ATLÁNTICO;2030;65-69;54377.0;63884.0
ATLÁNTICO;2030;70-74;39317.0;48218.0
ATLÁNTICO;2030;75-79;25851.0;33288.0
ATLÁNTICO;2030;80-84;14882.0;19985.0
ATLÁNTICO;2030;85-89;7245.0;10013.0
ATLÁNTICO;2030;90-94;2947.0;4474.0
ATLÁNTICO;2030;95-99;782.0;1295.0
ATLÁNTICO;2030;100+;99.0;189.0
ATLÁNTICO;2031;0-4;93016.0;88328.0
ATLÁNTICO;2031;5-9;101942.0;97161.0
ATLÁNTICO;2031;10-14;111777.0;107422.0
ATLÁNTICO;2031;15-19;116337.0;112958.0
ATLÁNTICO;2031;20-24;120096.0;116193.0
ATLÁNTICO;2031;25-29;122464.0;118805.0
ATLÁNTICO;2031;30-34;120299.0;121589.0
ATLÁNTICO;2031;35-39;113824.0;116843.0
ATLÁNTICO;2031;40-44;100878.0;106151.0
ATLÁNTICO;2031;45-49;92205.0;99236.0
ATLÁNTICO;2031;50-54;82322.0;90540.0
ATLÁNTICO;2031;55-59;69084.0;77579.0
ATLÁNTICO;2031;60-64;63015.0;72373.0
ATLÁNTICO;2031;65-69;55557.0;65200.0
ATLÁNTICO;2031;70-74;41070.0;50305.0
ATLÁNTICO;2031;75-79;26997.0;34646.0
ATLÁNTICO;2031;80-84;15686.0;21084.0
ATLÁNTICO;2031;85-89;7505.0;10343.0
ATLÁNTICO;2031;90-94;3057.0;4557.0
ATLÁNTICO;2031;95-99;809.0;1319.0
ATLÁNTICO;2031;100+;104.0;191.0
ATLÁNTICO;2032;0-4;91315.0;86700.0
ATLÁNTICO;2032;5-9;100178.0;95442.0
ATLÁNTICO;2032;10-14;109843.0;105323.0
ATLÁNTICO;2032;15-19;115867.0;112569.0
ATLÁNTICO;2032;20-24;119233.0;115503.0
ATLÁNTICO;2032;25-29;122296.0;118183.0
ATLÁNTICO;2032;30-34;121094.0;121468.0
ATLÁNTICO;2032;35-39;114886.0;117888.0
ATLÁNTICO;2032;40-44;103270.0;108249.0
ATLÁNTICO;2032;45-49;93281.0;99875.0
ATLÁNTICO;2032;50-54;84450.0;92822.0
ATLÁNTICO;2032;55-59;70598.0;79163.0
ATLÁNTICO;2032;60-64;63472.0;72460.0
ATLÁNTICO;2032;65-69;56391.0;66148.0
ATLÁNTICO;2032;70-74;42873.0;52444.0
ATLÁNTICO;2032;75-79;28268.0;36060.0
ATLÁNTICO;2032;80-84;16477.0;22175.0
ATLÁNTICO;2032;85-89;7849.0;10800.0
ATLÁNTICO;2032;90-94;3173.0;4625.0
ATLÁNTICO;2032;95-99;841.0;1372.0
ATLÁNTICO;2032;100+;104.0;197.0
ATLÁNTICO;2033;0-4;89645.0;85105.0
ATLÁNTICO;2033;5-9;98390.0;93714.0
ATLÁNTICO;2033;10-14;107587.0;103203.0
ATLÁNTICO;2033;15-19;115583.0;111988.0
ATLÁNTICO;2033;20-24;118551.0;114897.0
ATLÁNTICO;2033;25-29;121996.0;117736.0
ATLÁNTICO;2033;30-34;121549.0;120859.0
ATLÁNTICO;2033;35-39;115802.0;118769.0
ATLÁNTICO;2033;40-44;105827.0;110517.0
ATLÁNTICO;2033;45-49;94227.0;100586.0
ATLÁNTICO;2033;50-54;86450.0;94743.0
ATLÁNTICO;2033;55-59;72488.0;81173.0
ATLÁNTICO;2033;60-64;64002.0;72637.0
ATLÁNTICO;2033;65-69;56838.0;66920.0
ATLÁNTICO;2033;70-74;44739.0;54439.0
ATLÁNTICO;2033;75-79;29568.0;37610.0
ATLÁNTICO;2033;80-84;17297.0;23209.0
ATLÁNTICO;2033;85-89;8278.0;11390.0
ATLÁNTICO;2033;90-94;3270.0;4690.0
ATLÁNTICO;2033;95-99;884.0;1414.0
ATLÁNTICO;2033;100+;111.0;197.0
ATLÁNTICO;2034;0-4;88017.0;83569.0
ATLÁNTICO;2034;5-9;96605.0;92013.0
ATLÁNTICO;2034;10-14;105707.0;101311.0
ATLÁNTICO;2034;15-19;114710.0;110926.0
ATLÁNTICO;2034;20-24;117978.0;114384.0
ATLÁNTICO;2034;25-29;121595.0;117333.0
ATLÁNTICO;2034;30-34;121728.0;120004.0
ATLÁNTICO;2034;35-39;116594.0;119580.0
ATLÁNTICO;2034;40-44;108225.0;112636.0
ATLÁNTICO;2034;45-49;95472.0;101582.0
ATLÁNTICO;2034;50-54;88087.0;96294.0
ATLÁNTICO;2034;55-59;74845.0;83467.0
ATLÁNTICO;2034;60-64;64381.0;73046.0
ATLÁNTICO;2034;65-69;57338.0;67363.0
ATLÁNTICO;2034;70-74;46484.0;56327.0
ATLÁNTICO;2034;75-79;30914.0;39186.0
ATLÁNTICO;2034;80-84;18128.0;24281.0
ATLÁNTICO;2034;85-89;8779.0;12057.0
ATLÁNTICO;2034;90-94;3369.0;4768.0
ATLÁNTICO;2034;95-99;924.0;1464.0
ATLÁNTICO;2034;100+;115.0;201.0
ATLÁNTICO;2035;0-4;86431.0;82056.0
ATLÁNTICO;2035;5-9;94847.0;90337.0
ATLÁNTICO;2035;10-14;103730.0;99342.0
ATLÁNTICO;2035;15-19;113702.0;109711.0
ATLÁNTICO;2035;20-24;117495.0;113958.0
ATLÁNTICO;2035;25-29;121007.0;116932.0
ATLÁNTICO;2035;30-34;121714.0;119159.0
ATLÁNTICO;2035;35-39;117543.0;120156.0
ATLÁNTICO;2035;40-44;110221.0;114361.0
ATLÁNTICO;2035;45-49;97118.0;103160.0
ATLÁNTICO;2035;50-54;89416.0;97197.0
ATLÁNTICO;2035;55-59;77415.0;86101.0
ATLÁNTICO;2035;60-64;64854.0;73609.0
ATLÁNTICO;2035;65-69;57763.0;67820.0
ATLÁNTICO;2035;70-74;48063.0;57835.0
ATLÁNTICO;2035;75-79;32295.0;40950.0
ATLÁNTICO;2035;80-84;19013.0;25345.0
ATLÁNTICO;2035;85-89;9295.0;12793.0
ATLÁNTICO;2035;90-94;3484.0;4899.0
ATLÁNTICO;2035;95-99;981.0;1503.0
ATLÁNTICO;2035;100+;120.0;208.0
ATLÁNTICO;2036;0-4;84881.0;80596.0
ATLÁNTICO;2036;5-9;93167.0;88725.0
ATLÁNTICO;2036;10-14;101969.0;97620.0
ATLÁNTICO;2036;15-19;112184.0;108014.0
ATLÁNTICO;2036;20-24;117072.0;113614.0
ATLÁNTICO;2036;25-29;120328.0;116423.0
ATLÁNTICO;2036;30-34;121590.0;118410.0
ATLÁNTICO;2036;35-39;118585.0;120656.0
ATLÁNTICO;2036;40-44;111804.0;115619.0
ATLÁNTICO;2036;45-49;99178.0;105021.0
ATLÁNTICO;2036;50-54;90505.0;98006.0
ATLÁNTICO;2036;55-59;79955.0;88591.0
ATLÁNTICO;2036;60-64;65730.0;74642.0
ATLÁNTICO;2036;65-69;58266.0;68022.0
ATLÁNTICO;2036;70-74;49162.0;59111.0
ATLÁNTICO;2036;75-79;33808.0;42807.0
ATLÁNTICO;2036;80-84;19926.0;26459.0
ATLÁNTICO;2036;85-89;9832.0;13541.0
ATLÁNTICO;2036;90-94;3634.0;5101.0
ATLÁNTICO;2036;95-99;1018.0;1546.0
ATLÁNTICO;2036;100+;124.0;215.0
ATLÁNTICO;2037;0-4;83393.0;79178.0
ATLÁNTICO;2037;5-9;91513.0;87159.0
ATLÁNTICO;2037;10-14;100277.0;95974.0
ATLÁNTICO;2037;15-19;110348.0;106014.0
ATLÁNTICO;2037;20-24;116691.0;113330.0
ATLÁNTICO;2037;25-29;119579.0;115838.0
ATLÁNTICO;2037;30-34;121551.0;117946.0
ATLÁNTICO;2037;35-39;119481.0;120680.0
ATLÁNTICO;2037;40-44;112906.0;116727.0
ATLÁNTICO;2037;45-49;101560.0;107145.0
ATLÁNTICO;2037;50-54;91600.0;98698.0
ATLÁNTICO;2037;55-59;82033.0;90856.0
ATLÁNTICO;2037;60-64;67207.0;76214.0
ATLÁNTICO;2037;65-69;58750.0;68178.0
ATLÁNTICO;2037;70-74;49968.0;60043.0
ATLÁNTICO;2037;75-79;35361.0;44708.0
ATLÁNTICO;2037;80-84;20921.0;27610.0
ATLÁNTICO;2037;85-89;10358.0;14296.0
ATLÁNTICO;2037;90-94;3819.0;5347.0
ATLÁNTICO;2037;95-99;1062.0;1578.0
ATLÁNTICO;2037;100+;128.0;224.0
ATLÁNTICO;2038;0-4;81937.0;77796.0
ATLÁNTICO;2038;5-9;89905.0;85632.0
ATLÁNTICO;2038;10-14;98552.0;94319.0
ATLÁNTICO;2038;15-19;108198.0;104002.0
ATLÁNTICO;2038;20-24;116483.0;112852.0
ATLÁNTICO;2038;25-29;118999.0;115324.0
ATLÁNTICO;2038;30-34;121398.0;117631.0
ATLÁNTICO;2038;35-39;120050.0;120220.0
ATLÁNTICO;2038;40-44;113867.0;117662.0
ATLÁNTICO;2038;45-49;104121.0;109450.0
ATLÁNTICO;2038;50-54;92579.0;99445.0
ATLÁNTICO;2038;55-59;84004.0;92777.0
ATLÁNTICO;2038;60-64;69038.0;78194.0
ATLÁNTICO;2038;65-69;59279.0;68396.0
ATLÁNTICO;2038;70-74;50437.0;60822.0
ATLÁNTICO;2038;75-79;36979.0;46504.0
ATLÁNTICO;2038;80-84;21953.0;28883.0
ATLÁNTICO;2038;85-89;10920.0;15004.0
ATLÁNTICO;2038;90-94;4050.0;5678.0
ATLÁNTICO;2038;95-99;1092.0;1600.0
ATLÁNTICO;2038;100+;137.0;233.0
ATLÁNTICO;2039;0-4;80526.0;76460.0
ATLÁNTICO;2039;5-9;88344.0;84152.0
ATLÁNTICO;2039;10-14;96838.0;92663.0
ATLÁNTICO;2039;15-19;106429.0;102230.0
ATLÁNTICO;2039;20-24;115735.0;111913.0
ATLÁNTICO;2039;25-29;118536.0;114925.0
ATLÁNTICO;2039;30-34;121128.0;117336.0
ATLÁNTICO;2039;35-39;120350.0;119519.0
ATLÁNTICO;2039;40-44;114725.0;118549.0
ATLÁNTICO;2039;45-49;106538.0;111592.0
ATLÁNTICO;2039;50-54;93843.0;100482.0
ATLÁNTICO;2039;55-59;85625.0;94336.0
ATLÁNTICO;2039;60-64;71312.0;80438.0
ATLÁNTICO;2039;65-69;59686.0;68844.0
ATLÁNTICO;2039;70-74;50939.0;61312.0
ATLÁNTICO;2039;75-79;38494.0;48207.0
ATLÁNTICO;2039;80-84;23014.0;30172.0
ATLÁNTICO;2039;85-89;11486.0;15745.0
ATLÁNTICO;2039;90-94;4321.0;6036.0
ATLÁNTICO;2039;95-99;1148.0;1645.0
ATLÁNTICO;2039;100+;145.0;242.0
ATLÁNTICO;2040;0-4;79144.0;75147.0
ATLÁNTICO;2040;5-9;86818.0;82700.0
ATLÁNTICO;2040;10-14;95142.0;91062.0
ATLÁNTICO;2040;15-19;104555.0;100383.0
ATLÁNTICO;2040;20-24;114833.0;110825.0
ATLÁNTICO;2040;25-29;118170.0;114615.0
ATLÁNTICO;2040;30-34;120672.0;117041.0
ATLÁNTICO;2040;35-39;120477.0;118815.0
ATLÁNTICO;2040;40-44;115724.0;119211.0
ATLÁNTICO;2040;45-49;108556.0;113376.0
ATLÁNTICO;2040;50-54;95510.0;102073.0
ATLÁNTICO;2040;55-59;86962.0;95284.0
ATLÁNTICO;2040;60-64;73801.0;83022.0
ATLÁNTICO;2040;65-69;60174.0;69444.0
ATLÁNTICO;2040;70-74;51401.0;61828.0
ATLÁNTICO;2040;75-79;39869.0;49600.0
ATLÁNTICO;2040;80-84;24105.0;31613.0
ATLÁNTICO;2040;85-89;12092.0;16494.0
ATLÁNTICO;2040;90-94;4587.0;6438.0
ATLÁNTICO;2040;95-99;1191.0;1701.0
ATLÁNTICO;2040;100+;155.0;249.0
ATLÁNTICO;2041;0-4;77812.0;73880.0
ATLÁNTICO;2041;5-9;85332.0;81300.0
ATLÁNTICO;2041;10-14;93521.0;89506.0
ATLÁNTICO;2041;15-19;102892.0;98758.0
ATLÁNTICO;2041;20-24;113448.0;109279.0
ATLÁNTICO;2041;25-29;117840.0;114392.0
ATLÁNTICO;2041;30-34;120112.0;116635.0
ATLÁNTICO;2041;35-39;120455.0;118206.0
ATLÁNTICO;2041;40-44;116802.0;119805.0
ATLÁNTICO;2041;45-49;110178.0;114690.0
ATLÁNTICO;2041;50-54;97586.0;103985.0
ATLÁNTICO;2041;55-59;88066.0;96120.0
ATLÁNTICO;2041;60-64;76244.0;85459.0
ATLÁNTICO;2041;65-69;61043.0;70469.0
ATLÁNTICO;2041;70-74;51924.0;62091.0
ATLÁNTICO;2041;75-79;40865.0;50781.0
ATLÁNTICO;2041;80-84;25316.0;33145.0
ATLÁNTICO;2041;85-89;12719.0;17274.0
ATLÁNTICO;2041;90-94;4879.0;6840.0
ATLÁNTICO;2041;95-99;1248.0;1786.0
ATLÁNTICO;2041;100+;159.0;258.0
ATLÁNTICO;2042;0-4;76502.0;72648.0
ATLÁNTICO;2042;5-9;83904.0;79930.0
ATLÁNTICO;2042;10-14;91923.0;87992.0
ATLÁNTICO;2042;15-19;101282.0;97208.0
ATLÁNTICO;2042;20-24;111768.0;107445.0
ATLÁNTICO;2042;25-29;117582.0;114203.0
ATLÁNTICO;2042;30-34;119485.0;116156.0
ATLÁNTICO;2042;35-39;120548.0;117848.0
ATLÁNTICO;2042;40-44;117777.0;119929.0
ATLÁNTICO;2042;45-49;111334.0;115847.0
ATLÁNTICO;2042;50-54;99978.0;106137.0
ATLÁNTICO;2042;55-59;89184.0;96863.0
ATLÁNTICO;2042;60-64;78280.0;87701.0
ATLÁNTICO;2042;65-69;62460.0;72008.0
ATLÁNTICO;2042;70-74;52412.0;62315.0
ATLÁNTICO;2042;75-79;41596.0;51687.0
ATLÁNTICO;2042;80-84;26556.0;34709.0
ATLÁNTICO;2042;85-89;13404.0;18094.0
ATLÁNTICO;2042;90-94;5167.0;7251.0
ATLÁNTICO;2042;95-99;1320.0;1883.0
ATLÁNTICO;2042;100+;169.0;261.0
BOLÍVAR;2018;0-4;100388.0;95956.0
BOLÍVAR;2018;5-9;102895.0;97000.0
BOLÍVAR;2018;10-14;104563.0;98217.0
BOLÍVAR;2018;15-19;98765.0;95170.0
BOLÍVAR;2018;20-24;87008.0;87193.0
BOLÍVAR;2018;25-29;79676.0;80577.0
BOLÍVAR;2018;30-34;69987.0;73243.0
BOLÍVAR;2018;35-39;65115.0;69285.0
BOLÍVAR;2018;40-44;57790.0;60698.0
BOLÍVAR;2018;45-49;54220.0;56786.0
BOLÍVAR;2018;50-54;51560.0;54528.0
BOLÍVAR;2018;55-59;44114.0;46873.0
BOLÍVAR;2018;60-64;34521.0;37381.0
BOLÍVAR;2018;65-69;26775.0;29284.0
BOLÍVAR;2018;70-74;19191.0;21338.0
BOLÍVAR;2018;75-79;13937.0;16011.0
BOLÍVAR;2018;80-84;8850.0;11379.0
BOLÍVAR;2018;85-89;4863.0;6736.0
BOLÍVAR;2018;90-94;2150.0;3226.0
BOLÍVAR;2018;95-99;725.0;1151.0
BOLÍVAR;2018;100+;398.0;560.0
BOLÍVAR;2019;0-4;101240.0;96686.0
BOLÍVAR;2019;5-9;103099.0;97613.0
BOLÍVAR;2019;10-14;105206.0;98700.0
BOLÍVAR;2019;15-19;101034.0;96663.0
BOLÍVAR;2019;20-24;88764.0;88993.0
BOLÍVAR;2019;25-29;82222.0;83148.0
BOLÍVAR;2019;30-34;71719.0;74556.0
BOLÍVAR;2019;35-39;66529.0;70875.0
BOLÍVAR;2019;40-44;59471.0;62579.0
BOLÍVAR;2019;45-49;54538.0;57079.0
BOLÍVAR;2019;50-54;52155.0;55043.0
BOLÍVAR;2019;55-59;45726.0;48661.0
BOLÍVAR;2019;60-64;35984.0;38885.0
BOLÍVAR;2019;65-69;27683.0;30441.0
BOLÍVAR;2019;70-74;20027.0;22496.0
BOLÍVAR;2019;75-79;14106.0;16147.0
BOLÍVAR;2019;80-84;9125.0;11655.0
BOLÍVAR;2019;85-89;4853.0;6801.0
BOLÍVAR;2019;90-94;2175.0;3240.0
BOLÍVAR;2019;95-99;687.0;1145.0
BOLÍVAR;2019;100+;272.0;391.0
BOLÍVAR;2020;0-4;102316.0;97684.0
BOLÍVAR;2020;5-9;103663.0;98558.0
BOLÍVAR;2020;10-14;105914.0;99265.0
BOLÍVAR;2020;15-19;103038.0;98066.0
BOLÍVAR;2020;20-24;91301.0;91300.0
BOLÍVAR;2020;25-29;84583.0;85608.0
BOLÍVAR;2020;30-34;74083.0;76491.0
BOLÍVAR;2020;35-39;67906.0;72253.0
BOLÍVAR;2020;40-44;61480.0;64870.0
BOLÍVAR;2020;45-49;55000.0;57595.0
BOLÍVAR;2020;50-54;52695.0;55501.0
BOLÍVAR;2020;55-59;47241.0;50286.0
BOLÍVAR;2020;60-64;37492.0;40568.0
BOLÍVAR;2020;65-69;28651.0;31651.0
BOLÍVAR;2020;70-74;20928.0;23691.0
BOLÍVAR;2020;75-79;14344.0;16460.0
BOLÍVAR;2020;80-84;9434.0;11912.0
BOLÍVAR;2020;85-89;4914.0;6906.0
BOLÍVAR;2020;90-94;2170.0;3268.0
BOLÍVAR;2020;95-99;704.0;1151.0
BOLÍVAR;2020;100+;212.0;308.0
BOLÍVAR;2021;0-4;102005.0;97315.0
BOLÍVAR;2021;5-9;103519.0;98781.0
BOLÍVAR;2021;10-14;105785.0;99050.0
BOLÍVAR;2021;15-19;103792.0;98422.0
BOLÍVAR;2021;20-24;93564.0;92984.0
BOLÍVAR;2021;25-29;85605.0;86803.0
BOLÍVAR;2021;30-34;76024.0;78037.0
BOLÍVAR;2021;35-39;68835.0;73024.0
BOLÍVAR;2021;40-44;63022.0;66726.0
BOLÍVAR;2021;45-49;55502.0;58201.0
BOLÍVAR;2021;50-54;52922.0;55584.0
BOLÍVAR;2021;55-59;48311.0;51470.0
BOLÍVAR;2021;60-64;38897.0;42141.0
BOLÍVAR;2021;65-69;29536.0;32827.0
BOLÍVAR;2021;70-74;21764.0;24726.0
BOLÍVAR;2021;75-79;14562.0;16821.0
BOLÍVAR;2021;80-84;9603.0;11973.0
BOLÍVAR;2021;85-89;4888.0;6912.0
BOLÍVAR;2021;90-94;2100.0;3199.0
BOLÍVAR;2021;95-99;640.0;1073.0
BOLÍVAR;2021;100+;157.0;250.0
BOLÍVAR;2022;0-4;100871.0;96268.0
BOLÍVAR;2022;5-9;103213.0;98511.0
BOLÍVAR;2022;10-14;105099.0;98631.0
BOLÍVAR;2022;15-19;103999.0;98305.0
BOLÍVAR;2022;20-24;95549.0;94178.0
BOLÍVAR;2022;25-29;85942.0;87252.0
BOLÍVAR;2022;30-34;77720.0;79621.0
BOLÍVAR;2022;35-39;69571.0;73499.0
BOLÍVAR;2022;40-44;64187.0;68192.0
BOLÍVAR;2022;45-49;56355.0;59084.0
BOLÍVAR;2022;50-54;52916.0;55544.0
BOLÍVAR;2022;55-59;49028.0;52275.0
BOLÍVAR;2022;60-64;40294.0;43658.0
BOLÍVAR;2022;65-69;30500.0;34058.0
BOLÍVAR;2022;70-74;22488.0;25683.0
BOLÍVAR;2022;75-79;14865.0;17395.0
BOLÍVAR;2022;80-84;9659.0;12008.0
BOLÍVAR;2022;85-89;4866.0;6936.0
BOLÍVAR;2022;90-94;2012.0;3112.0
BOLÍVAR;2022;95-99;602.0;1003.0
BOLÍVAR;2022;100+;122.0;204.0
BOLÍVAR;2023;0-4;99422.0;94920.0
BOLÍVAR;2023;5-9;102900.0;98017.0
BOLÍVAR;2023;10-14;104382.0;98188.0
BOLÍVAR;2023;15-19;103891.0;98084.0
BOLÍVAR;2023;20-24;97052.0;94809.0
BOLÍVAR;2023;25-29;86218.0;87633.0
BOLÍVAR;2023;30-34;79445.0;81213.0
BOLÍVAR;2023;35-39;70207.0;73851.0
BOLÍVAR;2023;40-44;65257.0;69471.0
BOLÍVAR;2023;45-49;57407.0;60185.0
BOLÍVAR;2023;50-54;52910.0;55462.0
BOLÍVAR;2023;55-59;49462.0;52824.0
BOLÍVAR;2023;60-64;41697.0;45223.0
BOLÍVAR;2023;65-69;31602.0;35353.0
BOLÍVAR;2023;70-74;23189.0;26615.0
BOLÍVAR;2023;75-79;15363.0;18141.0
BOLÍVAR;2023;80-84;9700.0;12017.0
BOLÍVAR;2023;85-89;4942.0;7039.0
BOLÍVAR;2023;90-94;1975.0;3076.0
BOLÍVAR;2023;95-99;577.0;976.0
BOLÍVAR;2023;100+;105.0;179.0
BOLÍVAR;2024;0-4;97833.0;93412.0
BOLÍVAR;2024;5-9;102502.0;97522.0
BOLÍVAR;2024;10-14;103656.0;97844.0
BOLÍVAR;2024;15-19;103687.0;97722.0
BOLÍVAR;2024;20-24;98185.0;95144.0
BOLÍVAR;2024;25-29;86788.0;88157.0
BOLÍVAR;2024;30-34;80932.0;82718.0
BOLÍVAR;2024;35-39;71142.0;74382.0
BOLÍVAR;2024;40-44;66103.0;70466.0
BOLÍVAR;2024;45-49;58664.0;61610.0
BOLÍVAR;2024;50-54;52961.0;55485.0
BOLÍVAR;2024;55-59;49852.0;53099.0
BOLÍVAR;2024;60-64;43107.0;46788.0
BOLÍVAR;2024;65-69;32862.0;36677.0
BOLÍVAR;2024;70-74;23945.0;27602.0
BOLÍVAR;2024;75-79;16039.0;19084.0
BOLÍVAR;2024;80-84;9844.0;12120.0
BOLÍVAR;2024;85-89;5122.0;7219.0
BOLÍVAR;2024;90-94;1984.0;3112.0
BOLÍVAR;2024;95-99;582.0;982.0
BOLÍVAR;2024;100+;84.0;162.0
BOLÍVAR;2025;0-4;96073.0;91730.0
BOLÍVAR;2025;5-9;101871.0;96828.0
BOLÍVAR;2025;10-14;102929.0;97518.0
BOLÍVAR;2025;15-19;103266.0;97163.0
BOLÍVAR;2025;20-24;98819.0;95134.0
BOLÍVAR;2025;25-29;87758.0;88835.0
BOLÍVAR;2025;30-34;81949.0;83764.0
BOLÍVAR;2025;35-39;72404.0;75239.0
BOLÍVAR;2025;40-44;66701.0;71049.0
BOLÍVAR;2025;45-49;60080.0;63259.0
BOLÍVAR;2025;50-54;53038.0;55572.0
BOLÍVAR;2025;55-59;50121.0;53274.0
BOLÍVAR;2025;60-64;44358.0;48134.0
BOLÍVAR;2025;65-69;34143.0;38108.0
BOLÍVAR;2025;70-74;24758.0;28596.0
BOLÍVAR;2025;75-79;16754.0;20056.0
BOLÍVAR;2025;80-84;10038.0;12362.0
BOLÍVAR;2025;85-89;5282.0;7364.0
BOLÍVAR;2025;90-94;2002.0;3158.0
BOLÍVAR;2025;95-99;575.0;988.0
BOLÍVAR;2025;100+;81.0;151.0
BOLÍVAR;2026;0-4;94170.0;89913.0
BOLÍVAR;2026;5-9;100690.0;95627.0
BOLÍVAR;2026;10-14;102121.0;97053.0
BOLÍVAR;2026;15-19;102561.0;96383.0
BOLÍVAR;2026;20-24;98874.0;94745.0
BOLÍVAR;2026;25-29;89101.0;89602.0
BOLÍVAR;2026;30-34;82304.0;84235.0
BOLÍVAR;2026;35-39;73768.0;76198.0
BOLÍVAR;2026;40-44;67250.0;71416.0
BOLÍVAR;2026;45-49;61307.0;64790.0
BOLÍVAR;2026;50-54;53375.0;55972.0
BOLÍVAR;2026;55-59;50240.0;53242.0
BOLÍVAR;2026;60-64;45300.0;49207.0
BOLÍVAR;2026;65-69;35431.0;39567.0
BOLÍVAR;2026;70-74;25579.0;29689.0
BOLÍVAR;2026;75-79;17485.0;20970.0
BOLÍVAR;2026;80-84;10295.0;12721.0
BOLÍVAR;2026;85-89;5465.0;7481.0
BOLÍVAR;2026;90-94;2054.0;3225.0
BOLÍVAR;2026;95-99;579.0;977.0
BOLÍVAR;2026;100+;82.0;146.0
BOLÍVAR;2027;0-4;92256.0;88079.0
BOLÍVAR;2027;5-9;99182.0;94207.0
BOLÍVAR;2027;10-14;101501.0;96440.0
BOLÍVAR;2027;15-19;101628.0;95648.0
BOLÍVAR;2027;20-24;98733.0;94248.0
BOLÍVAR;2027;25-29;90537.0;90280.0
BOLÍVAR;2027;30-34;82358.0;84363.0
BOLÍVAR;2027;35-39;75177.0;77482.0
BOLÍVAR;2027;40-44;67826.0;71714.0
BOLÍVAR;2027;45-49;62348.0;66087.0
BOLÍVAR;2027;50-54;54131.0;56745.0
BOLÍVAR;2027;55-59;50228.0;53156.0
BOLÍVAR;2027;60-64;46027.0;49970.0
BOLÍVAR;2027;65-69;36795.0;41029.0
BOLÍVAR;2027;70-74;26537.0;30864.0
BOLÍVAR;2027;75-79;18215.0;21853.0
BOLÍVAR;2027;80-84;10617.0;13241.0
BOLÍVAR;2027;85-89;5603.0;7581.0
BOLÍVAR;2027;90-94;2100.0;3300.0
BOLÍVAR;2027;95-99;582.0;986.0
BOLÍVAR;2027;100+;77.0;148.0
BOLÍVAR;2028;0-4;90329.0;86225.0
BOLÍVAR;2028;5-9;97463.0;92619.0
BOLÍVAR;2028;10-14;100946.0;95743.0
BOLÍVAR;2028;15-19;100711.0;95026.0
BOLÍVAR;2028;20-24;98401.0;93778.0
BOLÍVAR;2028;25-29;91711.0;90586.0
BOLÍVAR;2028;30-34;82446.0;84505.0
BOLÍVAR;2028;35-39;76684.0;78863.0
BOLÍVAR;2028;40-44;68326.0;71947.0
BOLÍVAR;2028;45-49;63331.0;67236.0
BOLÍVAR;2028;50-54;55087.0;57764.0
BOLÍVAR;2028;55-59;50247.0;53074.0
BOLÍVAR;2028;60-64;46469.0;50497.0
BOLÍVAR;2028;65-69;38136.0;42541.0
BOLÍVAR;2028;70-74;27582.0;32086.0
BOLÍVAR;2028;75-79;18892.0;22708.0
BOLÍVAR;2028;80-84;11074.0;13899.0
BOLÍVAR;2028;85-89;5696.0;7656.0
BOLÍVAR;2028;90-94;2172.0;3388.0
BOLÍVAR;2028;95-99;594.0;983.0
BOLÍVAR;2028;100+;76.0;150.0
BOLÍVAR;2029;0-4;88331.0;84340.0
BOLÍVAR;2029;5-9;95615.0;90853.0
BOLÍVAR;2029;10-14;100310.0;95001.0
BOLÍVAR;2029;15-19;99833.0;94500.0
BOLÍVAR;2029;20-24;97993.0;93169.0
BOLÍVAR;2029;25-29;92486.0;90592.0
BOLÍVAR;2029;30-34;82738.0;84766.0
BOLÍVAR;2029;35-39;77982.0;80132.0
BOLÍVAR;2029;40-44;69119.0;72333.0
BOLÍVAR;2029;45-49;64071.0;68140.0
BOLÍVAR;2029;50-54;56244.0;59079.0
BOLÍVAR;2029;55-59;50267.0;53038.0
BOLÍVAR;2029;60-64;46841.0;50762.0
BOLÍVAR;2029;65-69;39432.0;44004.0
BOLÍVAR;2029;70-74;28706.0;33314.0
BOLÍVAR;2029;75-79;19529.0;23587.0
BOLÍVAR;2029;80-84;11602.0;14623.0
BOLÍVAR;2029;85-89;5817.0;7758.0
BOLÍVAR;2029;90-94;2267.0;3492.0
BOLÍVAR;2029;95-99;597.0;1003.0
BOLÍVAR;2029;100+;80.0;147.0
BOLÍVAR;2030;0-4;86390.0;82489.0
BOLÍVAR;2030;5-9;93672.0;88994.0
BOLÍVAR;2030;10-14;99513.0;94160.0
BOLÍVAR;2030;15-19;99016.0;94023.0
BOLÍVAR;2030;20-24;97468.0;92497.0
BOLÍVAR;2030;25-29;92924.0;90396.0
BOLÍVAR;2030;30-34;83486.0;85215.0
BOLÍVAR;2030;35-39;78858.0;81035.0
BOLÍVAR;2030;40-44;70259.0;73065.0
BOLÍVAR;2030;45-49;64581.0;68635.0
BOLÍVAR;2030;50-54;57564.0;60610.0
BOLÍVAR;2030;55-59;50314.0;53097.0
BOLÍVAR;2030;60-64;47084.0;50925.0
BOLÍVAR;2030;65-69;40614.0;45266.0
BOLÍVAR;2030;70-74;29864.0;34632.0
BOLÍVAR;2030;75-79;20229.0;24472.0
BOLÍVAR;2030;80-84;12157.0;15391.0
BOLÍVAR;2030;85-89;5953.0;7954.0
BOLÍVAR;2030;90-94;2357.0;3604.0
BOLÍVAR;2030;95-99;607.0;1026.0
BOLÍVAR;2030;100+;78.0;151.0
BOLÍVAR;2031;0-4;84502.0;80669.0
BOLÍVAR;2031;5-9;91820.0;87211.0
BOLÍVAR;2031;10-14;98371.0;92991.0
BOLÍVAR;2031;15-19;98250.0;93555.0
BOLÍVAR;2031;20-24;96833.0;91756.0
BOLÍVAR;2031;25-29;93004.0;90007.0
BOLÍVAR;2031;30-34;84743.0;85919.0
BOLÍVAR;2031;35-39;79252.0;81514.0
BOLÍVAR;2031;40-44;71587.0;74029.0
BOLÍVAR;2031;45-49;65151.0;69000.0
BOLÍVAR;2031;50-54;58779.0;62095.0
BOLÍVAR;2031;55-59;50659.0;53524.0
BOLÍVAR;2031;60-64;47236.0;50916.0
BOLÍVAR;2031;65-69;41532.0;46324.0
BOLÍVAR;2031;70-74;31062.0;36009.0
BOLÍVAR;2031;75-79;20961.0;25451.0
BOLÍVAR;2031;80-84;12738.0;16159.0
BOLÍVAR;2031;85-89;6138.0;8212.0
BOLÍVAR;2031;90-94;2459.0;3679.0
BOLÍVAR;2031;95-99;607.0;1062.0
BOLÍVAR;2031;100+;78.0;147.0
BOLÍVAR;2032;0-4;82625.0;78904.0
BOLÍVAR;2032;5-9;89985.0;85496.0
BOLÍVAR;2032;10-14;96917.0;91612.0
BOLÍVAR;2032;15-19;97689.0;93022.0
BOLÍVAR;2032;20-24;96003.0;91123.0
BOLÍVAR;2032;25-29;92940.0;89606.0
BOLÍVAR;2032;30-34;86145.0;86599.0
BOLÍVAR;2032;35-39;79375.0;81698.0
BOLÍVAR;2032;40-44;73011.0;75306.0
BOLÍVAR;2032;45-49;65725.0;69310.0
BOLÍVAR;2032;50-54;59812.0;63374.0
BOLÍVAR;2032;55-59;51402.0;54271.0
BOLÍVAR;2032;60-64;47269.0;50863.0
BOLÍVAR;2032;65-69;42245.0;47089.0
BOLÍVAR;2032;70-74;32304.0;37376.0
BOLÍVAR;2032;75-79;21810.0;26505.0
BOLÍVAR;2032;80-84;13305.0;16889.0
BOLÍVAR;2032;85-89;6377.0;8580.0
BOLÍVAR;2032;90-94;2523.0;3741.0
BOLÍVAR;2032;95-99;648.0;1089.0
BOLÍVAR;2032;100+;77.0;146.0
BOLÍVAR;2033;0-4;80813.0;77167.0
BOLÍVAR;2033;5-9;88141.0;83729.0
BOLÍVAR;2033;10-14;95304.0;90120.0
BOLÍVAR;2033;15-19;97204.0;92390.0
BOLÍVAR;2033;20-24;95229.0;90552.0
BOLÍVAR;2033;25-29;92721.0;89233.0
BOLÍVAR;2033;30-34;87278.0;86946.0
BOLÍVAR;2033;35-39;79541.0;81884.0
BOLÍVAR;2033;40-44;74551.0;76692.0
BOLÍVAR;2033;45-49;66276.0;69567.0
BOLÍVAR;2033;50-54;60775.0;64515.0
BOLÍVAR;2033;55-59;52340.0;55286.0
BOLÍVAR;2033;60-64;47335.0;50810.0
BOLÍVAR;2033;65-69;42701.0;47631.0
BOLÍVAR;2033;70-74;33548.0;38803.0
BOLÍVAR;2033;75-79;22737.0;27615.0
BOLÍVAR;2033;80-84;13863.0;17590.0
BOLÍVAR;2033;85-89;6702.0;9041.0
BOLÍVAR;2033;90-94;2588.0;3807.0
BOLÍVAR;2033;95-99;668.0;1132.0
BOLÍVAR;2033;100+;81.0;148.0
BOLÍVAR;2034;0-4;79053.0;75496.0
BOLÍVAR;2034;5-9;86295.0;81955.0
BOLÍVAR;2034;10-14;93560.0;88462.0
BOLÍVAR;2034;15-19;96651.0;91720.0
BOLÍVAR;2034;20-24;94477.0;90127.0
BOLÍVAR;2034;25-29;92444.0;88736.0
BOLÍVAR;2034;30-34;88130.0;87008.0
BOLÍVAR;2034;35-39;79904.0;82192.0
BOLÍVAR;2034;40-44;75847.0;77965.0
BOLÍVAR;2034;45-49;67068.0;69997.0
BOLÍVAR;2034;50-54;61536.0;65380.0
BOLÍVAR;2034;55-59;53483.0;56563.0
BOLÍVAR;2034;60-64;47372.0;50825.0
BOLÍVAR;2034;65-69;43086.0;47922.0
BOLÍVAR;2034;70-74;34721.0;40208.0
BOLÍVAR;2034;75-79;23710.0;28738.0
BOLÍVAR;2034;80-84;14376.0;18313.0
BOLÍVAR;2034;85-89;7046.0;9561.0
BOLÍVAR;2034;90-94;2643.0;3870.0
BOLÍVAR;2034;95-99;712.0;1165.0
BOLÍVAR;2034;100+;85.0;150.0
BOLÍVAR;2035;0-4;77353.0;73884.0
BOLÍVAR;2035;5-9;84449.0;80223.0
BOLÍVAR;2035;10-14;91736.0;86729.0
BOLÍVAR;2035;15-19;95965.0;90979.0
BOLÍVAR;2035;20-24;93808.0;89743.0
BOLÍVAR;2035;25-29;92054.0;88179.0
BOLÍVAR;2035;30-34;88648.0;86891.0
BOLÍVAR;2035;35-39;80672.0;82691.0
BOLÍVAR;2035;40-44;76792.0;78919.0
BOLÍVAR;2035;45-49;68223.0;70749.0
BOLÍVAR;2035;50-54;62083.0;65908.0
BOLÍVAR;2035;55-59;54780.0;58082.0
BOLÍVAR;2035;60-64;47481.0;50934.0
BOLÍVAR;2035;65-69;43381.0;48124.0
BOLÍVAR;2035;70-74;35842.0;41432.0
BOLÍVAR;2035;75-79;24731.0;29914.0
BOLÍVAR;2035;80-84;14963.0;19060.0
BOLÍVAR;2035;85-89;7422.0;10110.0
BOLÍVAR;2035;90-94;2751.0;3995.0
BOLÍVAR;2035;95-99;725.0;1214.0
BOLÍVAR;2035;100+;88.0;159.0
BOLÍVAR;2036;0-4;75729.0;72321.0
BOLÍVAR;2036;5-9;82663.0;78514.0
BOLÍVAR;2036;10-14;90001.0;85069.0
BOLÍVAR;2036;15-19;94938.0;89921.0
BOLÍVAR;2036;20-24;93180.0;89416.0
BOLÍVAR;2036;25-29;91570.0;87582.0
BOLÍVAR;2036;30-34;88823.0;86623.0
BOLÍVAR;2036;35-39;81921.0;83419.0
BOLÍVAR;2036;40-44;77278.0;79463.0
BOLÍVAR;2036;45-49;69591.0;71740.0
BOLÍVAR;2036;50-54;62663.0;66311.0
BOLÍVAR;2036;55-59;55983.0;59537.0
BOLÍVAR;2036;60-64;47839.0;51358.0
BOLÍVAR;2036;65-69;43586.0;48163.0
BOLÍVAR;2036;70-74;36731.0;42443.0
BOLÍVAR;2036;75-79;25776.0;31178.0
BOLÍVAR;2036;80-84;15543.0;19867.0
BOLÍVAR;2036;85-89;7820.0;10644.0
BOLÍVAR;2036;90-94;2855.0;4154.0
BOLÍVAR;2036;95-99;778.0;1256.0
BOLÍVAR;2036;100+;90.0;163.0
BOLÍVAR;2037;0-4;74143.0;70817.0
BOLÍVAR;2037;5-9;80909.0;76844.0
BOLÍVAR;2037;10-14;88281.0;83442.0
BOLÍVAR;2037;15-19;93643.0;88688.0
BOLÍVAR;2037;20-24;92765.0;88971.0
BOLÍVAR;2037;25-29;90915.0;87073.0
BOLÍVAR;2037;30-34;88894.0;86318.0
BOLÍVAR;2037;35-39;83355.0;84138.0
BOLÍVAR;2037;40-44;77493.0;79698.0
BOLÍVAR;2037;45-49;71032.0;73025.0
BOLÍVAR;2037;50-54;63269.0;66656.0
BOLÍVAR;2037;55-59;57011.0;60800.0
BOLÍVAR;2037;60-64;48614.0;52141.0
BOLÍVAR;2037;65-69;43644.0;48158.0
BOLÍVAR;2037;70-74;37407.0;43193.0
BOLÍVAR;2037;75-79;26900.0;32431.0
BOLÍVAR;2037;80-84;16246.0;20768.0
BOLÍVAR;2037;85-89;8218.0;11154.0
BOLÍVAR;2037;90-94;3000.0;4368.0
BOLÍVAR;2037;95-99;804.0;1276.0
BOLÍVAR;2037;100+;97.0;171.0
BOLÍVAR;2038;0-4;72623.0;69356.0
BOLÍVAR;2038;5-9;79203.0;75233.0
BOLÍVAR;2038;10-14;86565.0;81808.0
BOLÍVAR;2038;15-19;92164.0;87317.0
BOLÍVAR;2038;20-24;92422.0;88468.0
BOLÍVAR;2038;25-29;90300.0;86631.0
BOLÍVAR;2038;30-34;88801.0;86040.0
BOLÍVAR;2038;35-39;84546.0;84545.0
BOLÍVAR;2038;40-44;77710.0;79965.0
BOLÍVAR;2038;45-49;72581.0;74402.0
BOLÍVAR;2038;50-54;63841.0;66943.0
BOLÍVAR;2038;55-59;57990.0;61936.0
BOLÍVAR;2038;60-64;49554.0;53141.0
BOLÍVAR;2038;65-69;43762.0;48158.0
BOLÍVAR;2038;70-74;37879.0;43761.0
BOLÍVAR;2038;75-79;28001.0;33731.0
BOLÍVAR;2038;80-84;16991.0;21675.0
BOLÍVAR;2038;85-89;8571.0;11670.0
BOLÍVAR;2038;90-94;3168.0;4632.0
BOLÍVAR;2038;95-99;833.0;1302.0
BOLÍVAR;2038;100+;105.0;177.0
BOLÍVAR;2039;0-4;71168.0;67969.0
BOLÍVAR;2039;5-9;77549.0;73658.0
BOLÍVAR;2039;10-14;84811.0;80152.0
BOLÍVAR;2039;15-19;90595.0;85824.0
BOLÍVAR;2039;20-24;92012.0;87935.0
BOLÍVAR;2039;25-29;89730.0;86320.0
BOLÍVAR;2039;30-34;88652.0;85676.0
BOLÍVAR;2039;35-39;85467.0;84669.0
BOLÍVAR;2039;40-44;78145.0;80325.0
BOLÍVAR;2039;45-49;73930.0;75735.0
BOLÍVAR;2039;50-54;64666.0;67403.0
BOLÍVAR;2039;55-59;58749.0;62835.0
BOLÍVAR;2039;60-64;50689.0;54417.0
BOLÍVAR;2039;65-69;43862.0;48225.0
BOLÍVAR;2039;70-74;38321.0;44074.0
BOLÍVAR;2039;75-79;29070.0;35026.0
BOLÍVAR;2039;80-84;17781.0;22607.0
BOLÍVAR;2039;85-89;8940.0;12203.0
BOLÍVAR;2039;90-94;3352.0;4915.0
BOLÍVAR;2039;95-99;862.0;1348.0
BOLÍVAR;2039;100+;110.0;185.0
BOLÍVAR;2040;0-4;69768.0;66626.0
BOLÍVAR;2040;5-9;75954.0;72139.0
BOLÍVAR;2040;10-14;83092.0;78514.0
BOLÍVAR;2040;15-19;88924.0;84222.0
BOLÍVAR;2040;20-24;91483.0;87326.0
BOLÍVAR;2040;25-29;89232.0;86073.0
BOLÍVAR;2040;30-34;88405.0;85258.0
BOLÍVAR;2040;35-39;86059.0;84637.0
BOLÍVAR;2040;40-44;78967.0;80870.0
BOLÍVAR;2040;45-49;74921.0;76708.0
BOLÍVAR;2040;50-54;65812.0;68178.0
BOLÍVAR;2040;55-59;59326.0;63379.0
BOLÍVAR;2040;60-64;51969.0;55919.0
BOLÍVAR;2040;65-69;44013.0;48379.0
BOLÍVAR;2040;70-74;38629.0;44308.0
BOLÍVAR;2040;75-79;30059.0;36133.0
BOLÍVAR;2040;80-84;18593.0;23615.0
BOLÍVAR;2040;85-89;9342.0;12733.0
BOLÍVAR;2040;90-94;3549.0;5204.0
BOLÍVAR;2040;95-99;898.0;1392.0
BOLÍVAR;2040;100+;111.0;191.0
BOLÍVAR;2041;0-4;68398.0;65328.0
BOLÍVAR;2041;5-9;74415.0;70669.0
BOLÍVAR;2041;10-14;81398.0;76921.0
BOLÍVAR;2041;15-19;87343.0;82706.0
BOLÍVAR;2041;20-24;90653.0;86431.0
BOLÍVAR;2041;25-29;88786.0;85859.0
BOLÍVAR;2041;30-34;88074.0;84771.0
BOLÍVAR;2041;35-39;86346.0;84463.0
BOLÍVAR;2041;40-44;80267.0;81642.0
BOLÍVAR;2041;45-49;75451.0;77306.0
BOLÍVAR;2041;50-54;67166.0;69165.0
BOLÍVAR;2041;55-59;59918.0;63818.0
BOLÍVAR;2041;60-64;53163.0;57370.0
BOLÍVAR;2041;65-69;44427.0;48839.0
BOLÍVAR;2041;70-74;38867.0;44416.0
BOLÍVAR;2041;75-79;30853.0;37083.0
BOLÍVAR;2041;80-84;19458.0;24668.0
BOLÍVAR;2041;85-89;9756.0;13313.0
BOLÍVAR;2041;90-94;3763.0;5506.0
BOLÍVAR;2041;95-99;942.0;1451.0
BOLÍVAR;2041;100+;115.0;199.0
BOLÍVAR;2042;0-4;67085.0;64070.0
BOLÍVAR;2042;5-9;72925.0;69276.0
BOLÍVAR;2042;10-14;79762.0;75350.0
BOLÍVAR;2042;15-19;85793.0;81221.0
BOLÍVAR;2042;20-24;89543.0;85369.0
BOLÍVAR;2042;25-29;88513.0;85570.0
BOLÍVAR;2042;30-34;87559.0;84357.0
BOLÍVAR;2042;35-39;86527.0;84258.0
BOLÍVAR;2042;40-44;81746.0;82414.0
BOLÍVAR;2042;45-49;75738.0;77602.0
BOLÍVAR;2042;50-54;68611.0;70456.0
BOLÍVAR;2042;55-59;60546.0;64192.0
BOLÍVAR;2042;60-64;54195.0;58648.0
BOLÍVAR;2042;65-69;45174.0;49614.0
BOLÍVAR;2042;70-74;38991.0;44456.0
BOLÍVAR;2042;75-79;31510.0;37804.0
BOLÍVAR;2042;80-84;20351.0;25728.0
BOLÍVAR;2042;85-89;10256.0;13937.0
BOLÍVAR;2042;90-94;3963.0;5790.0
BOLÍVAR;2042;95-99;998.0;1543.0
BOLÍVAR;2042;100+;120.0;207.0
CESAR;2018;0-4;65977.0;62917.0
CESAR;2018;5-9;67756.0;64266.0
CESAR;2018;10-14;68542.0;64923.0
CESAR;2018;15-19;59562.0;58965.0
CESAR;2018;20-24;49560.0;51646.0
CESAR;2018;25-29;45370.0;47264.0
CESAR;2018;30-34;40281.0;42951.0
CESAR;2018;35-39;37158.0;40050.0
CESAR;2018;40-44;32384.0;34996.0
CESAR;2018;45-49;29015.0;31057.0
CESAR;2018;50-54;25374.0;27494.0
CESAR;2018;55-59;21155.0;22807.0
CESAR;2018;60-64;16126.0;17695.0
CESAR;2018;65-69;13051.0;14024.0
CESAR;2018;70-74;9442.0;9618.0
CESAR;2018;75-79;6634.0;6840.0
CESAR;2018;80-84;4031.0;4373.0
CESAR;2018;85-89;2101.0;2390.0
CESAR;2018;90-94;874.0;1073.0
CESAR;2018;95-99;255.0;373.0
CESAR;2018;100+;91.0;128.0
CESAR;2019;0-4;67388.0;64052.0
CESAR;2019;5-9;68853.0;65496.0
CESAR;2019;10-14;70504.0;66486.0
CESAR;2019;15-19;63290.0;62048.0
CESAR;2019;20-24;52874.0;55176.0
CESAR;2019;25-29;48374.0;50483.0
CESAR;2019;30-34;42570.0;45011.0
CESAR;2019;35-39;38899.0;41799.0
CESAR;2019;40-44;34154.0;36868.0
CESAR;2019;45-49;29935.0;32158.0
CESAR;2019;50-54;26305.0;28420.0
CESAR;2019;55-59;22087.0;23919.0
CESAR;2019;60-64;17035.0;18741.0
CESAR;2019;65-69;13454.0;14646.0
CESAR;2019;70-74;9976.0;10324.0
CESAR;2019;75-79;6744.0;6955.0
CESAR;2019;80-84;4186.0;4556.0
CESAR;2019;85-89;2140.0;2455.0
CESAR;2019;90-94;891.0;1107.0
CESAR;2019;95-99;273.0;379.0
CESAR;2019;100+;68.0;96.0
CESAR;2020;0-4;69292.0;65682.0
CESAR;2020;5-9;70425.0;67076.0
CESAR;2020;10-14;72179.0;68022.0
CESAR;2020;15-19;66956.0;65108.0
CESAR;2020;20-24;56846.0;59269.0
CESAR;2020;25-29;51682.0;53941.0
CESAR;2020;30-34;45360.0;47610.0
CESAR;2020;35-39;40812.0;43622.0
CESAR;2020;40-44;36166.0;39024.0
CESAR;2020;45-49;31044.0;33402.0
CESAR;2020;50-54;27300.0;29472.0
CESAR;2020;55-59;23004.0;25009.0
CESAR;2020;60-64;18016.0;19868.0
CESAR;2020;65-69;13901.0;15271.0
CESAR;2020;70-74;10546.0;11122.0
CESAR;2020;75-79;6906.0;7150.0
CESAR;2020;80-84;4336.0;4750.0
CESAR;2020;85-89;2185.0;2539.0
CESAR;2020;90-94;916.0;1148.0
CESAR;2020;95-99;284.0;374.0
CESAR;2020;100+;56.0;92.0
CESAR;2021;0-4;69824.0;66056.0
CESAR;2021;5-9;71251.0;67954.0
CESAR;2021;10-14;72893.0;68720.0
CESAR;2021;15-19;69418.0;67087.0
CESAR;2021;20-24;60185.0;62295.0
CESAR;2021;25-29;53864.0;56347.0
CESAR;2021;30-34;47551.0;49639.0
CESAR;2021;35-39;42208.0;45022.0
CESAR;2021;40-44;37756.0;40703.0
CESAR;2021;45-49;32011.0;34605.0
CESAR;2021;50-54;28126.0;30279.0
CESAR;2021;55-59;23712.0;25936.0
CESAR;2021;60-64;18923.0;20883.0
CESAR;2021;65-69;14314.0;15898.0
CESAR;2021;70-74;10993.0;11794.0
CESAR;2021;75-79;7050.0;7342.0
CESAR;2021;80-84;4433.0;4859.0
CESAR;2021;85-89;2165.0;2556.0
CESAR;2021;90-94;890.0;1138.0
CESAR;2021;95-99;266.0;378.0
CESAR;2021;100+;44.0;78.0
CESAR;2022;0-4;69693.0;65841.0
CESAR;2022;5-9;71831.0;68473.0
CESAR;2022;10-14;72998.0;68938.0
CESAR;2022;15-19;71440.0;68511.0
CESAR;2022;20-24;63015.0;64711.0
CESAR;2022;25-29;55534.0;58248.0
CESAR;2022;30-34;49480.0;51558.0
CESAR;2022;35-39;43408.0;46169.0
CESAR;2022;40-44;39038.0;42147.0
CESAR;2022;45-49;33038.0;35808.0
CESAR;2022;50-54;28802.0;31024.0
CESAR;2022;55-59;24343.0;26745.0
CESAR;2022;60-64;19748.0;21847.0
CESAR;2022;65-69;14799.0;16573.0
CESAR;2022;70-74;11363.0;12392.0
CESAR;2022;75-79;7223.0;7643.0
CESAR;2022;80-84;4461.0;4935.0
CESAR;2022;85-89;2170.0;2600.0
CESAR;2022;90-94;876.0;1131.0
CESAR;2022;95-99;262.0;359.0
CESAR;2022;100+;38.0;66.0
CESAR;2023;0-4;69311.0;65622.0
CESAR;2023;5-9;72464.0;68863.0
CESAR;2023;10-14;73125.0;69161.0
CESAR;2023;15-19;72936.0;69538.0
CESAR;2023;20-24;65755.0;66668.0
CESAR;2023;25-29;57181.0;60294.0
CESAR;2023;30-34;51453.0;53575.0
CESAR;2023;35-39;44642.0;47319.0
CESAR;2023;40-44;40272.0;43476.0
CESAR;2023;45-49;34170.0;37188.0
CESAR;2023;50-54;29467.0;31758.0
CESAR;2023;55-59;24987.0;27480.0
CESAR;2023;60-64;20555.0;22822.0
CESAR;2023;65-69;15410.0;17388.0
CESAR;2023;70-74;11676.0;12920.0
CESAR;2023;75-79;7524.0;8077.0
CESAR;2023;80-84;4485.0;4999.0
CESAR;2023;85-89;2211.0;2660.0
CESAR;2023;90-94;863.0;1136.0
CESAR;2023;95-99;254.0;371.0
CESAR;2023;100+;33.0;58.0
CESAR;2024;0-4;69378.0;65731.0
CESAR;2024;5-9;72501.0;68754.0
CESAR;2024;10-14;73256.0;69466.0
CESAR;2024;15-19;74015.0;70217.0
CESAR;2024;20-24;68220.0;68335.0
CESAR;2024;25-29;59125.0;62395.0
CESAR;2024;30-34;53306.0;55672.0
CESAR;2024;35-39;46055.0;48543.0
CESAR;2024;40-44;41411.0;44648.0
CESAR;2024;45-49;35503.0;38639.0
CESAR;2024;50-54;30087.0;32563.0
CESAR;2024;55-59;25676.0;28149.0
CESAR;2024;60-64;21330.0;23750.0
CESAR;2024;65-69;16168.0;18267.0
CESAR;2024;70-74;11987.0;13417.0
CESAR;2024;75-79;7922.0;8606.0
CESAR;2024;80-84;4542.0;5067.0
CESAR;2024;85-89;2285.0;2761.0
CESAR;2024;90-94;881.0;1143.0
CESAR;2024;95-99;254.0;368.0
CESAR;2024;100+;34.0;57.0
CESAR;2025;0-4;69194.0;65577.0
CESAR;2025;5-9;72490.0;68625.0
CESAR;2025;10-14;73469.0;69753.0
CESAR;2025;15-19;74571.0;70682.0
CESAR;2025;20-24;70402.0;69700.0
CESAR;2025;25-29;61282.0;64533.0
CESAR;2025;30-34;55006.0;57554.0
CESAR;2025;35-39;47600.0;49974.0
CESAR;2025;40-44;42442.0;45635.0
CESAR;2025;45-49;36877.0;40171.0
CESAR;2025;50-54;30760.0;33332.0
CESAR;2025;55-59;26366.0;28867.0
CESAR;2025;60-64;22025.0;24614.0
CESAR;2025;65-69;16967.0;19215.0
CESAR;2025;70-74;12295.0;13886.0
CESAR;2025;75-79;8314.0;9183.0
CESAR;2025;80-84;4628.0;5162.0
CESAR;2025;85-89;2360.0;2856.0
CESAR;2025;90-94;888.0;1181.0
CESAR;2025;95-99;258.0;372.0
CESAR;2025;100+;38.0;55.0
CESAR;2026;0-4;68839.0;65245.0
CESAR;2026;5-9;72079.0;68110.0
CESAR;2026;10-14;73610.0;69936.0
CESAR;2026;15-19;74652.0;70724.0
CESAR;2026;20-24;72025.0;70726.0
CESAR;2026;25-29;63626.0;66519.0
CESAR;2026;30-34;56385.0;59140.0
CESAR;2026;35-39;49157.0;51401.0
CESAR;2026;40-44;43386.0;46585.0
CESAR;2026;45-49;38164.0;41563.0
CESAR;2026;50-54;31487.0;34269.0
CESAR;2026;55-59;27023.0;29492.0
CESAR;2026;60-64;22618.0;25413.0
CESAR;2026;65-69;17785.0;20119.0
CESAR;2026;70-74;12675.0;14404.0
CESAR;2026;75-79;8687.0;9718.0
CESAR;2026;80-84;4757.0;5313.0
CESAR;2026;85-89;2440.0;2929.0
CESAR;2026;90-94;899.0;1204.0
CESAR;2026;95-99;257.0;379.0
CESAR;2026;100+;30.0;54.0
CESAR;2027;0-4;68413.0;64828.0
CESAR;2027;5-9;71473.0;67470.0
CESAR;2027;10-14;73830.0;70123.0
CESAR;2027;15-19;74423.0;70603.0
CESAR;2027;20-24;73583.0;71637.0
CESAR;2027;25-29;65967.0;68384.0
CESAR;2027;30-34;57627.0;60624.0
CESAR;2027;35-39;50799.0;52994.0
CESAR;2027;40-44;44387.0;47538.0
CESAR;2027;45-49;39295.0;42832.0
CESAR;2027;50-54;32408.0;35345.0
CESAR;2027;55-59;27621.0;30133.0
CESAR;2027;60-64;23220.0;26145.0
CESAR;2027;65-69;18583.0;21008.0
CESAR;2027;70-74;13144.0;15022.0
CESAR;2027;75-79;9015.0;10221.0
CESAR;2027;80-84;4927.0;5551.0
CESAR;2027;85-89;2494.0;2994.0
CESAR;2027;90-94;928.0;1233.0
CESAR;2027;95-99;264.0;383.0
CESAR;2027;100+;32.0;55.0
CESAR;2028;0-4;67861.0;64302.0
CESAR;2028;5-9;70676.0;66842.0
CESAR;2028;10-14;74114.0;70204.0
CESAR;2028;15-19;74298.0;70539.0
CESAR;2028;20-24;74700.0;72234.0
CESAR;2028;25-29;68224.0;69864.0
CESAR;2028;30-34;58912.0;62260.0
CESAR;2028;35-39;52512.0;54746.0
CESAR;2028;40-44;45422.0;48471.0
CESAR;2028;45-49;40391.0;44010.0
CESAR;2028;50-54;33413.0;36574.0
CESAR;2028;55-59;28199.0;30770.0
CESAR;2028;60-64;23813.0;26812.0
CESAR;2028;65-69;19347.0;21891.0
CESAR;2028;70-74;13703.0;15724.0
CESAR;2028;75-79;9292.0;10642.0
CESAR;2028;80-84;5158.0;5850.0
CESAR;2028;85-89;2527.0;3026.0
CESAR;2028;90-94;957.0;1267.0
CESAR;2028;95-99;272.0;387.0
CESAR;2028;100+;31.0;56.0
CESAR;2029;0-4;67227.0;63689.0
CESAR;2029;5-9;70331.0;66570.0
CESAR;2029;10-14;73877.0;69804.0
CESAR;2029;15-19;74173.0;70607.0
CESAR;2029;20-24;75453.0;72556.0
CESAR;2029;25-29;70287.0;71082.0
CESAR;2029;30-34;60451.0;63985.0
CESAR;2029;35-39;54100.0;56577.0
CESAR;2029;40-44;46651.0;49519.0
CESAR;2029;45-49;41371.0;45031.0
CESAR;2029;50-54;34612.0;37899.0
CESAR;2029;55-59;28717.0;31456.0
CESAR;2029;60-64;24420.0;27431.0
CESAR;2029;65-69;20037.0;22746.0
CESAR;2029;70-74;14357.0;16515.0
CESAR;2029;75-79;9524.0;11025.0
CESAR;2029;80-84;5428.0;6243.0
CESAR;2029;85-89;2558.0;3062.0
CESAR;2029;90-94;979.0;1311.0
CESAR;2029;95-99;265.0;391.0
CESAR;2029;100+;33.0;57.0
CESAR;2030;0-4;66525.0;63034.0
CESAR;2030;5-9;69829.0;66126.0
CESAR;2030;10-14;73616.0;69452.0
CESAR;2030;15-19;74170.0;70689.0
CESAR;2030;20-24;75784.0;72740.0
CESAR;2030;25-29;72152.0;72124.0
CESAR;2030;30-34;62275.0;65794.0
CESAR;2030;35-39;55593.0;58246.0
CESAR;2030;40-44;48018.0;50796.0
CESAR;2030;45-49;42276.0;45907.0
CESAR;2030;50-54;35864.0;39309.0
CESAR;2030;55-59;29302.0;32152.0
CESAR;2030;60-64;25040.0;28070.0
CESAR;2030;65-69;20657.0;23552.0
CESAR;2030;70-74;15056.0;17325.0
CESAR;2030;75-79;9778.0;11408.0
CESAR;2030;80-84;5701.0;6639.0
CESAR;2030;85-89;2607.0;3120.0
CESAR;2030;90-94;1026.0;1354.0
CESAR;2030;95-99;271.0;397.0
CESAR;2030;100+;36.0;60.0
CESAR;2031;0-4;65797.0;62343.0
CESAR;2031;5-9;69385.0;65718.0
CESAR;2031;10-14;73134.0;68877.0
CESAR;2031;15-19;74241.0;70816.0
CESAR;2031;20-24;75802.0;72738.0
CESAR;2031;25-29;73705.0;73070.0
CESAR;2031;30-34;64494.0;67666.0
CESAR;2031;35-39;56897.0;59782.0
CESAR;2031;40-44;49546.0;52185.0
CESAR;2031;45-49;43184.0;46835.0
CESAR;2031;50-54;37093.0;40617.0
CESAR;2031;55-59;29970.0;33031.0
CESAR;2031;60-64;25658.0;28666.0
CESAR;2031;65-69;21229.0;24310.0
CESAR;2031;70-74;15786.0;18141.0
CESAR;2031;75-79;10089.0;11841.0
CESAR;2031;80-84;5948.0;7037.0
CESAR;2031;85-89;2683.0;3226.0
CESAR;2031;90-94;1055.0;1399.0
CESAR;2031;95-99;263.0;410.0
CESAR;2031;100+;38.0;58.0
CESAR;2032;0-4;65039.0;61620.0
CESAR;2032;5-9;68911.0;65257.0
CESAR;2032;10-14;72489.0;68199.0
CESAR;2032;15-19;74438.0;70946.0
CESAR;2032;20-24;75569.0;72578.0
CESAR;2032;25-29;75212.0;73948.0
CESAR;2032;30-34;66728.0;69441.0
CESAR;2032;35-39;58111.0;61196.0
CESAR;2032;40-44;51146.0;53773.0
CESAR;2032;45-49;44151.0;47751.0
CESAR;2032;50-54;38160.0;41853.0
CESAR;2032;55-59;30847.0;34038.0
CESAR;2032;60-64;26195.0;29277.0
CESAR;2032;65-69;21774.0;24994.0
CESAR;2032;70-74;16474.0;18946.0
CESAR;2032;75-79;10468.0;12356.0
CESAR;2032;80-84;6184.0;7391.0
CESAR;2032;85-89;2785.0;3375.0
CESAR;2032;90-94;1083.0;1425.0
CESAR;2032;95-99;276.0;409.0
CESAR;2032;100+;35.0;57.0
CESAR;2033;0-4;64246.0;60864.0
CESAR;2033;5-9;68334.0;64711.0
CESAR;2033;10-14;71663.0;67551.0
CESAR;2033;15-19;74708.0;71004.0
CESAR;2033;20-24;75422.0;72511.0
CESAR;2033;25-29;76336.0;74540.0
CESAR;2033;30-34;68952.0;70890.0
CESAR;2033;35-39;59357.0;62818.0
CESAR;2033;40-44;52843.0;55511.0
CESAR;2033;45-49;45157.0;48689.0
CESAR;2033;50-54;39214.0;43001.0
CESAR;2033;55-59;31797.0;35230.0
CESAR;2033;60-64;26742.0;29891.0
CESAR;2033;65-69;22327.0;25613.0
CESAR;2033;70-74;17145.0;19750.0
CESAR;2033;75-79;10941.0;12939.0
CESAR;2033;80-84;6388.0;7708.0
CESAR;2033;85-89;2921.0;3572.0
CESAR;2033;90-94;1084.0;1432.0
CESAR;2033;95-99;292.0;428.0
CESAR;2033;100+;34.0;61.0
CESAR;2034;0-4;63437.0;60091.0
CESAR;2034;5-9;67677.0;64101.0
CESAR;2034;10-14;71307.0;67254.0
CESAR;2034;15-19;74458.0;70629.0
CESAR;2034;20-24;75331.0;72546.0
CESAR;2034;25-29;77101.0;74889.0
CESAR;2034;30-34;70959.0;72070.0
CESAR;2034;35-39;60833.0;64496.0
CESAR;2034;40-44;54435.0;57360.0
CESAR;2034;45-49;46357.0;49733.0
CESAR;2034;50-54;40160.0;43996.0
CESAR;2034;55-59;32917.0;36482.0
CESAR;2034;60-64;27226.0;30557.0
CESAR;2034;65-69;22902.0;26218.0
CESAR;2034;70-74;17781.0;20502.0
CESAR;2034;75-79;11455.0;13568.0
CESAR;2034;80-84;6551.0;7980.0
CESAR;2034;85-89;3081.0;3815.0
CESAR;2034;90-94;1113.0;1456.0
CESAR;2034;95-99;302.0;448.0
CESAR;2034;100+;35.0;66.0
CESAR;2035;0-4;62618.0;59294.0
CESAR;2035;5-9;66981.0;63438.0
CESAR;2035;10-14;70802.0;66821.0
CESAR;2035;15-19;74225.0;70266.0
CESAR;2035;20-24;75339.0;72641.0
CESAR;2035;25-29;77455.0;75080.0
CESAR;2035;30-34;72811.0;73110.0
CESAR;2035;35-39;62611.0;66272.0
CESAR;2035;40-44;55927.0;59040.0
CESAR;2035;45-49;47703.0;50993.0
CESAR;2035;50-54;41037.0;44852.0
CESAR;2035;55-59;34100.0;37838.0
CESAR;2035;60-64;27785.0;31226.0
CESAR;2035;65-69;23466.0;26824.0
CESAR;2035;70-74;18340.0;21226.0
CESAR;2035;75-79;12025.0;14263.0
CESAR;2035;80-84;6719.0;8258.0
CESAR;2035;85-89;3241.0;4055.0
CESAR;2035;90-94;1139.0;1498.0
CESAR;2035;95-99;309.0;462.0
CESAR;2035;100+;35.0;64.0
CESAR;2036;0-4;61761.0;58488.0
CESAR;2036;5-9;66253.0;62751.0
CESAR;2036;10-14;70352.0;66402.0
CESAR;2036;15-19;73741.0;69710.0
CESAR;2036;20-24;75438.0;72785.0
CESAR;2036;25-29;77532.0;75099.0
CESAR;2036;30-34;74360.0;74065.0
CESAR;2036;35-39;64795.0;68113.0
CESAR;2036;40-44;57225.0;60576.0
CESAR;2036;45-49;49197.0;52387.0
CESAR;2036;50-54;41896.0;45747.0
CESAR;2036;55-59;35262.0;39108.0
CESAR;2036;60-64;28420.0;32078.0
CESAR;2036;65-69;24029.0;27374.0
CESAR;2036;70-74;18842.0;21909.0
CESAR;2036;75-79;12621.0;14925.0
CESAR;2036;80-84;6954.0;8574.0
CESAR;2036;85-89;3383.0;4301.0
CESAR;2036;90-94;1172.0;1550.0
CESAR;2036;95-99;325.0;487.0
CESAR;2036;100+;40.0;68.0
CESAR;2037;0-4;60913.0;57691.0
CESAR;2037;5-9;65507.0;62027.0
CESAR;2037;10-14;69882.0;65955.0
CESAR;2037;15-19;73108.0;69042.0
CESAR;2037;20-24;75655.0;72954.0
CESAR;2037;25-29;77354.0;74982.0
CESAR;2037;30-34;75887.0;74965.0
CESAR;2037;35-39;67006.0;69872.0
CESAR;2037;40-44;58430.0;62017.0
CESAR;2037;45-49;50790.0;53979.0
CESAR;2037;50-54;42831.0;46645.0
CESAR;2037;55-59;36281.0;40302.0
CESAR;2037;60-64;29239.0;33058.0
CESAR;2037;65-69;24564.0;27963.0
CESAR;2037;70-74;19335.0;22524.0
CESAR;2037;75-79;13173.0;15587.0
CESAR;2037;80-84;7228.0;8954.0
CESAR;2037;85-89;3517.0;4515.0
CESAR;2037;90-94;1216.0;1620.0
CESAR;2037;95-99;329.0;488.0
CESAR;2037;100+;38.0;72.0
CESAR;2038;0-4;60069.0;56876.0
CESAR;2038;5-9;64719.0;61287.0
CESAR;2038;10-14;69307.0;65426.0
CESAR;2038;15-19;72320.0;68420.0
CESAR;2038;20-24;75957.0;73044.0
CESAR;2038;25-29;77249.0;74938.0
CESAR;2038;30-34;77054.0;75587.0
CESAR;2038;35-39;69187.0;71306.0
CESAR;2038;40-44;59668.0;63638.0
CESAR;2038;45-49;52458.0;55729.0
CESAR;2038;50-54;43792.0;47571.0
CESAR;2038;55-59;37293.0;41411.0
CESAR;2038;60-64;30127.0;34204.0
CESAR;2038;65-69;25073.0;28556.0
CESAR;2038;70-74;19825.0;23096.0
CESAR;2038;75-79;13725.0;16242.0
CESAR;2038;80-84;7562.0;9389.0
CESAR;2038;85-89;3633.0;4703.0
CESAR;2038;90-94;1282.0;1720.0
CESAR;2038;95-99;328.0;493.0
CESAR;2038;100+;37.0;71.0
CESAR;2039;0-4;59225.0;56057.0
CESAR;2039;5-9;63927.0;60539.0
CESAR;2039;10-14;68672.0;64820.0
CESAR;2039;15-19;71977.0;68140.0
CESAR;2039;20-24;75761.0;72691.0
CESAR;2039;25-29;77211.0;75028.0
CESAR;2039;30-34;77857.0;75985.0
CESAR;2039;35-39;71211.0;72519.0
CESAR;2039;40-44;61140.0;65324.0
CESAR;2039;45-49;54026.0;57582.0
CESAR;2039;50-54;44958.0;48587.0
CESAR;2039;55-59;38187.0;42384.0
CESAR;2039;60-64;31212.0;35439.0
CESAR;2039;65-69;25537.0;29190.0
CESAR;2039;70-74;20336.0;23632.0
CESAR;2039;75-79;14240.0;16870.0
CESAR;2039;80-84;7936.0;9859.0
CESAR;2039;85-89;3739.0;4879.0
CESAR;2039;90-94;1366.0;1847.0
CESAR;2039;95-99;346.0;510.0
CESAR;2039;100+;42.0;76.0
CESAR;2040;0-4;58392.0;55272.0
CESAR;2040;5-9;63104.0;59758.0
CESAR;2040;10-14;67974.0;64171.0
CESAR;2040;15-19;71503.0;67727.0
CESAR;2040;20-24;75552.0;72373.0
CESAR;2040;25-29;77278.0;75154.0
CESAR;2040;30-34;78263.0;76225.0
CESAR;2040;35-39;73063.0;73571.0
CESAR;2040;40-44;62890.0;67105.0
CESAR;2040;45-49;55497.0;59267.0
CESAR;2040;50-54;46254.0;49839.0
CESAR;2040;55-59;39015.0;43204.0
CESAR;2040;60-64;32338.0;36760.0
CESAR;2040;65-69;26051.0;29819.0
CESAR;2040;70-74;20863.0;24172.0
CESAR;2040;75-79;14692.0;17469.0
CESAR;2040;80-84;8336.0;10358.0
CESAR;2040;85-89;3846.0;5063.0
CESAR;2040;90-94;1432.0;1967.0
CESAR;2040;95-99;347.0;522.0
CESAR;2040;100+;41.0;80.0
CESAR;2041;0-4;57553.0;54479.0
CESAR;2041;5-9;62277.0;58967.0
CESAR;2041;10-14;67275.0;63498.0
CESAR;2041;15-19;71101.0;67364.0
CESAR;2041;20-24;75140.0;71839.0
CESAR;2041;25-29;77439.0;75344.0
CESAR;2041;30-34;78407.0;76296.0
CESAR;2041;35-39;74640.0;74548.0
CESAR;2041;40-44;65066.0;68968.0
CESAR;2041;45-49;56789.0;60819.0
CESAR;2041;50-54;47714.0;51215.0
CESAR;2041;55-59;39831.0;44079.0
CESAR;2041;60-64;33434.0;37999.0
CESAR;2041;65-69;26646.0;30638.0
CESAR;2041;70-74;21367.0;24679.0
CESAR;2041;75-79;15113.0;18036.0
CESAR;2041;80-84;8748.0;10855.0
CESAR;2041;85-89;3979.0;5265.0
CESAR;2041;90-94;1492.0;2079.0
CESAR;2041;95-99;352.0;541.0
CESAR;2041;100+;43.0;80.0
CESAR;2042;0-4;56770.0;53719.0
CESAR;2042;5-9;61451.0;58164.0
CESAR;2042;10-14;66538.0;62803.0
CESAR;2042;15-19;70661.0;66942.0
CESAR;2042;20-24;74568.0;71230.0
CESAR;2042;25-29;77711.0;75552.0
CESAR;2042;30-34;78294.0;76236.0
CESAR;2042;35-39;76194.0;75491.0
CESAR;2042;40-44;67254.0;70742.0
CESAR;2042;45-49;57985.0;62268.0
CESAR;2042;50-54;49245.0;52772.0
CESAR;2042;55-59;40729.0;44951.0
CESAR;2042;60-64;34414.0;39168.0
CESAR;2042;65-69;27416.0;31582.0
CESAR;2042;70-74;21830.0;25210.0
CESAR;2042;75-79;15503.0;18544.0
CESAR;2042;80-84;9159.0;11335.0
CESAR;2042;85-89;4151.0;5499.0
CESAR;2042;90-94;1557.0;2180.0
CESAR;2042;95-99;374.0;575.0
CESAR;2042;100+;46.0;85.0
CÓRDOBA;2018;0-4;88103.0;83255.0
CÓRDOBA;2018;5-9;90295.0;85675.0
CÓRDOBA;2018;10-14;93851.0;88949.0
CÓRDOBA;2018;15-19;88486.0;85143.0
CÓRDOBA;2018;20-24;70006.0;72507.0
CÓRDOBA;2018;25-29;61727.0;65454.0
CÓRDOBA;2018;30-34;55813.0;60936.0
CÓRDOBA;2018;35-39;54124.0;58226.0
CÓRDOBA;2018;40-44;49824.0;52746.0
CÓRDOBA;2018;45-49;48159.0;49630.0
CÓRDOBA;2018;50-54;45461.0;45860.0
CÓRDOBA;2018;55-59;38458.0;39748.0
CÓRDOBA;2018;60-64;30758.0;31805.0
CÓRDOBA;2018;65-69;23892.0;24850.0
CÓRDOBA;2018;70-74;18555.0;18961.0
CÓRDOBA;2018;75-79;14013.0;14205.0
CÓRDOBA;2018;80-84;9160.0;9976.0
CÓRDOBA;2018;85-89;4749.0;5230.0
CÓRDOBA;2018;90-94;2056.0;2263.0
CÓRDOBA;2018;95-99;615.0;722.0
CÓRDOBA;2018;100+;242.0;266.0
CÓRDOBA;2019;0-4;88665.0;83872.0
CÓRDOBA;2019;5-9;90362.0;85845.0
CÓRDOBA;2019;10-14;93887.0;88996.0
CÓRDOBA;2019;15-19;92089.0;87682.0
CÓRDOBA;2019;20-24;73003.0;74819.0
CÓRDOBA;2019;25-29;63937.0;67499.0
CÓRDOBA;2019;30-34;56835.0;61886.0
CÓRDOBA;2019;35-39;54855.0;59471.0
CÓRDOBA;2019;40-44;51168.0;54167.0
CÓRDOBA;2019;45-49;48336.0;50116.0
CÓRDOBA;2019;50-54;46273.0;46788.0
CÓRDOBA;2019;55-59;39823.0;41104.0
CÓRDOBA;2019;60-64;32007.0;33201.0
CÓRDOBA;2019;65-69;24663.0;25708.0
CÓRDOBA;2019;70-74;19219.0;19859.0
CÓRDOBA;2019;75-79;13966.0;14416.0
CÓRDOBA;2019;80-84;9619.0;10349.0
CÓRDOBA;2019;85-89;4869.0;5558.0
CÓRDOBA;2019;90-94;2141.0;2373.0
CÓRDOBA;2019;95-99;646.0;784.0
CÓRDOBA;2019;100+;182.0;201.0
CÓRDOBA;2020;0-4;89407.0;84619.0
CÓRDOBA;2020;5-9;90632.0;86217.0
CÓRDOBA;2020;10-14;93928.0;88978.0
CÓRDOBA;2020;15-19;94623.0;89695.0
CÓRDOBA;2020;20-24;76954.0;77760.0
CÓRDOBA;2020;25-29;66174.0;69572.0
CÓRDOBA;2020;30-34;58346.0;63116.0
CÓRDOBA;2020;35-39;55554.0;60508.0
CÓRDOBA;2020;40-44;52675.0;55848.0
CÓRDOBA;2020;45-49;48569.0;50698.0
CÓRDOBA;2020;50-54;46950.0;47724.0
CÓRDOBA;2020;55-59;41241.0;42317.0
CÓRDOBA;2020;60-64;33265.0;34662.0
CÓRDOBA;2020;65-69;25571.0;26694.0
CÓRDOBA;2020;70-74;19767.0;20743.0
CÓRDOBA;2020;75-79;14125.0;14745.0
CÓRDOBA;2020;80-84;9978.0;10659.0
CÓRDOBA;2020;85-89;5026.0;5898.0
CÓRDOBA;2020;90-94;2207.0;2517.0
CÓRDOBA;2020;95-99;672.0;846.0
CÓRDOBA;2020;100+;156.0;174.0
CÓRDOBA;2021;0-4;89574.0;84828.0
CÓRDOBA;2021;5-9;90750.0;86204.0
CÓRDOBA;2021;10-14;93542.0;88686.0
CÓRDOBA;2021;15-19;95632.0;90656.0
CÓRDOBA;2021;20-24;81459.0;80899.0
CÓRDOBA;2021;25-29;67929.0;71128.0
CÓRDOBA;2021;30-34;59748.0;64250.0
CÓRDOBA;2021;35-39;56133.0;61344.0
CÓRDOBA;2021;40-44;53857.0;57256.0
CÓRDOBA;2021;45-49;48871.0;51424.0
CÓRDOBA;2021;50-54;47343.0;48477.0
CÓRDOBA;2021;55-59;42415.0;43358.0
CÓRDOBA;2021;60-64;34435.0;36034.0
CÓRDOBA;2021;65-69;26490.0;27774.0
CÓRDOBA;2021;70-74;20222.0;21513.0
CÓRDOBA;2021;75-79;14354.0;15209.0
CÓRDOBA;2021;80-84;10154.0;10846.0
CÓRDOBA;2021;85-89;5151.0;6228.0
CÓRDOBA;2021;90-94;2222.0;2641.0
CÓRDOBA;2021;95-99;688.0;864.0
CÓRDOBA;2021;100+;125.0;149.0
CÓRDOBA;2022;0-4;89452.0;84639.0
CÓRDOBA;2022;5-9;90719.0;86106.0
CÓRDOBA;2022;10-14;93038.0;88235.0
CÓRDOBA;2022;15-19;95627.0;90868.0
CÓRDOBA;2022;20-24;86034.0;83993.0
CÓRDOBA;2022;25-29;69553.0;72423.0
CÓRDOBA;2022;30-34;61182.0;65480.0
CÓRDOBA;2022;35-39;56641.0;62033.0
CÓRDOBA;2022;40-44;54698.0;58511.0
CÓRDOBA;2022;45-49;49450.0;52289.0
CÓRDOBA;2022;50-54;47539.0;49012.0
CÓRDOBA;2022;55-59;43441.0;44274.0
CÓRDOBA;2022;60-64;35538.0;37325.0
CÓRDOBA;2022;65-69;27444.0;28961.0
CÓRDOBA;2022;70-74;20707.0;22275.0
CÓRDOBA;2022;75-79;14736.0;15756.0
CÓRDOBA;2022;80-84;10143.0;10994.0
CÓRDOBA;2022;85-89;5324.0;6476.0
CÓRDOBA;2022;90-94;2224.0;2770.0
CÓRDOBA;2022;95-99;698.0;895.0
CÓRDOBA;2022;100+;109.0;130.0
CÓRDOBA;2023;0-4;89105.0;84354.0
CÓRDOBA;2023;5-9;90633.0;85945.0
CÓRDOBA;2023;10-14;92523.0;87853.0
CÓRDOBA;2023;15-19;95409.0;90647.0
CÓRDOBA;2023;20-24;89884.0;86490.0
CÓRDOBA;2023;25-29;71458.0;73896.0
CÓRDOBA;2023;30-34;62841.0;66932.0
CÓRDOBA;2023;35-39;57138.0;62603.0
CÓRDOBA;2023;40-44;55431.0;59702.0
CÓRDOBA;2023;45-49;50289.0;53317.0
CÓRDOBA;2023;50-54;47656.0;49383.0
CÓRDOBA;2023;55-59;44275.0;45176.0
CÓRDOBA;2023;60-64;36700.0;38595.0
CÓRDOBA;2023;65-69;28515.0;30257.0
CÓRDOBA;2023;70-74;21291.0;23038.0
CÓRDOBA;2023;75-79;15237.0;16510.0
CÓRDOBA;2023;80-84;10108.0;11122.0
CÓRDOBA;2023;85-89;5587.0;6773.0
CÓRDOBA;2023;90-94;2285.0;2915.0
CÓRDOBA;2023;95-99;723.0;938.0
CÓRDOBA;2023;100+;93.0;124.0
CÓRDOBA;2024;0-4;88579.0;83820.0
CÓRDOBA;2024;5-9;90608.0;85986.0
CÓRDOBA;2024;10-14;92097.0;87534.0
CÓRDOBA;2024;15-19;94999.0;90236.0
CÓRDOBA;2024;20-24;92868.0;88430.0
CÓRDOBA;2024;25-29;73853.0;75637.0
CÓRDOBA;2024;30-34;64631.0;68531.0
CÓRDOBA;2024;35-39;57867.0;63240.0
CÓRDOBA;2024;40-44;55914.0;60684.0
CÓRDOBA;2024;45-49;51424.0;54547.0
CÓRDOBA;2024;50-54;47670.0;49705.0
CÓRDOBA;2024;55-59;44925.0;45971.0
CÓRDOBA;2024;60-64;37930.0;39838.0
CÓRDOBA;2024;65-69;29616.0;31539.0
CÓRDOBA;2024;70-74;21955.0;23801.0
CÓRDOBA;2024;75-79;15762.0;17277.0
CÓRDOBA;2024;80-84;10075.0;11279.0
CÓRDOBA;2024;85-89;5871.0;7009.0
CÓRDOBA;2024;90-94;2348.0;3090.0
CÓRDOBA;2024;95-99;740.0;979.0
CÓRDOBA;2024;100+;103.0;140.0
CÓRDOBA;2025;0-4;87826.0;83090.0
CÓRDOBA;2025;5-9;90561.0;85947.0
CÓRDOBA;2025;10-14;91730.0;87264.0
CÓRDOBA;2025;15-19;94443.0;89649.0
CÓRDOBA;2025;20-24;94707.0;89748.0
CÓRDOBA;2025;25-29;76979.0;77791.0
CÓRDOBA;2025;30-34;66264.0;70009.0
CÓRDOBA;2025;35-39;58904.0;64000.0
CÓRDOBA;2025;40-44;56230.0;61351.0
CÓRDOBA;2025;45-49;52636.0;55942.0
CÓRDOBA;2025;50-54;47673.0;50071.0
CÓRDOBA;2025;55-59;45426.0;46747.0
CÓRDOBA;2025;60-64;39155.0;40912.0
CÓRDOBA;2025;65-69;30709.0;32841.0
CÓRDOBA;2025;70-74;22716.0;24670.0
CÓRDOBA;2025;75-79;16186.0;18025.0
CÓRDOBA;2025;80-84;10195.0;11522.0
CÓRDOBA;2025;85-89;6087.0;7195.0
CÓRDOBA;2025;90-94;2423.0;3246.0
CÓRDOBA;2025;95-99;755.0;1021.0
CÓRDOBA;2025;100+;109.0;152.0
CÓRDOBA;2026;0-4;86907.0;82201.0
CÓRDOBA;2026;5-9;90273.0;85716.0
CÓRDOBA;2026;10-14;91445.0;86873.0
CÓRDOBA;2026;15-19;93730.0;89005.0
CÓRDOBA;2026;20-24;95333.0;90285.0
CÓRDOBA;2026;25-29;80859.0;80337.0
CÓRDOBA;2026;30-34;67646.0;71210.0
CÓRDOBA;2026;35-39;60048.0;64877.0
CÓRDOBA;2026;40-44;56628.0;61959.0
CÓRDOBA;2026;45-49;53669.0;57179.0
CÓRDOBA;2026;50-54;47856.0;50663.0
CÓRDOBA;2026;55-59;45738.0;47393.0
CÓRDOBA;2026;60-64;40245.0;41870.0
CÓRDOBA;2026;65-69;31795.0;34136.0
CÓRDOBA;2026;70-74;23557.0;25659.0
CÓRDOBA;2026;75-79;16613.0;18679.0
CÓRDOBA;2026;80-84;10434.0;11911.0
CÓRDOBA;2026;85-89;6220.0;7325.0
CÓRDOBA;2026;90-94;2504.0;3434.0
CÓRDOBA;2026;95-99;772.0;1062.0
CÓRDOBA;2026;100+;112.0;154.0
CÓRDOBA;2027;0-4;85872.0;81220.0
CÓRDOBA;2027;5-9;89911.0;85278.0
CÓRDOBA;2027;10-14;91208.0;86558.0
CÓRDOBA;2027;15-19;93026.0;88389.0
CÓRDOBA;2027;20-24;95166.0;90300.0
CÓRDOBA;2027;25-29;84976.0;83033.0
CÓRDOBA;2027;30-34;69067.0;72273.0
CÓRDOBA;2027;35-39;61371.0;65959.0
CÓRDOBA;2027;40-44;57052.0;62536.0
CÓRDOBA;2027;45-49;54433.0;58371.0
CÓRDOBA;2027;50-54;48382.0;51459.0
CÓRDOBA;2027;55-59;45904.0;47863.0
CÓRDOBA;2027;60-64;41216.0;42732.0
CÓRDOBA;2027;65-69;32846.0;35362.0
CÓRDOBA;2027;70-74;24469.0;26767.0
CÓRDOBA;2027;75-79;17068.0;19364.0
CÓRDOBA;2027;80-84;10772.0;12362.0
CÓRDOBA;2027;85-89;6272.0;7443.0
CÓRDOBA;2027;90-94;2626.0;3578.0
CÓRDOBA;2027;95-99;788.0;1125.0
CÓRDOBA;2027;100+;117.0;163.0
CÓRDOBA;2028;0-4;84725.0;80133.0
CÓRDOBA;2028;5-9;89406.0;84802.0
CÓRDOBA;2028;10-14;90952.0;86258.0
CÓRDOBA;2028;15-19;92374.0;87859.0
CÓRDOBA;2028;20-24;94827.0;89928.0
CÓRDOBA;2028;25-29;88459.0;85211.0
CÓRDOBA;2028;30-34;70728.0;73560.0
CÓRDOBA;2028;35-39;62921.0;67300.0
CÓRDOBA;2028;40-44;57488.0;63024.0
CÓRDOBA;2028;45-49;55110.0;59464.0
CÓRDOBA;2028;50-54;49173.0;52429.0
CÓRDOBA;2028;55-59;45992.0;48191.0
CÓRDOBA;2028;60-64;42005.0;43581.0
CÓRDOBA;2028;65-69;33927.0;36547.0
CÓRDOBA;2028;70-74;25429.0;27966.0
CÓRDOBA;2028;75-79;17563.0;20030.0
CÓRDOBA;2028;80-84;11171.0;12944.0
CÓRDOBA;2028;85-89;6260.0;7517.0
CÓRDOBA;2028;90-94;2767.0;3721.0
CÓRDOBA;2028;95-99;812.0;1172.0
CÓRDOBA;2028;100+;117.0;169.0
CÓRDOBA;2029;0-4;83466.0;78947.0
CÓRDOBA;2029;5-9;88685.0;84095.0
CÓRDOBA;2029;10-14;90765.0;86113.0
CÓRDOBA;2029;15-19;91803.0;87395.0
CÓRDOBA;2029;20-24;94301.0;89405.0
CÓRDOBA;2029;25-29;91130.0;86867.0
CÓRDOBA;2029;30-34;72847.0;75067.0
CÓRDOBA;2029;35-39;64574.0;68792.0
CÓRDOBA;2029;40-44;58146.0;63580.0
CÓRDOBA;2029;45-49;55548.0;60376.0
CÓRDOBA;2029;50-54;50242.0;53590.0
CÓRDOBA;2029;55-59;45967.0;48492.0
CÓRDOBA;2029;60-64;42603.0;44330.0
CÓRDOBA;2029;65-69;35061.0;37722.0
CÓRDOBA;2029;70-74;26432.0;29159.0
CÓRDOBA;2029;75-79;18136.0;20705.0
CÓRDOBA;2029;80-84;11539.0;13552.0
CÓRDOBA;2029;85-89;6243.0;7628.0
CÓRDOBA;2029;90-94;2906.0;3856.0
CÓRDOBA;2029;95-99;836.0;1234.0
CÓRDOBA;2029;100+;122.0;180.0
CÓRDOBA;2030;0-4;82152.0;77689.0
CÓRDOBA;2030;5-9;87792.0;83235.0
CÓRDOBA;2030;10-14;90588.0;85953.0
CÓRDOBA;2030;15-19;91335.0;87023.0
CÓRDOBA;2030;20-24;93671.0;88736.0
CÓRDOBA;2030;25-29;92790.0;87997.0
CÓRDOBA;2030;30-34;75671.0;76993.0
CÓRDOBA;2030;35-39;66118.0;70180.0
CÓRDOBA;2030;40-44;59138.0;64296.0
CÓRDOBA;2030;45-49;55840.0;61003.0
CÓRDOBA;2030;50-54;51398.0;54945.0
CÓRDOBA;2030;55-59;45959.0;48819.0
CÓRDOBA;2030;60-64;43059.0;45069.0
CÓRDOBA;2030;65-69;36195.0;38760.0
CÓRDOBA;2030;70-74;27414.0;30382.0
CÓRDOBA;2030;75-79;18788.0;21486.0
CÓRDOBA;2030;80-84;11867.0;14144.0
CÓRDOBA;2030;85-89;6338.0;7808.0
CÓRDOBA;2030;90-94;3011.0;3956.0
CÓRDOBA;2030;95-99;858.0;1298.0
CÓRDOBA;2030;100+;127.0;191.0
CÓRDOBA;2031;0-4;80803.0;76400.0
CÓRDOBA;2031;5-9;86838.0;82322.0
CÓRDOBA;2031;10-14;90272.0;85683.0
CÓRDOBA;2031;15-19;91031.0;86618.0
CÓRDOBA;2031;20-24;92959.0;88098.0
CÓRDOBA;2031;25-29;93395.0;88485.0
CÓRDOBA;2031;30-34;79295.0;79383.0
CÓRDOBA;2031;35-39;67459.0;71357.0
CÓRDOBA;2031;40-44;60289.0;65179.0
CÓRDOBA;2031;45-49;56217.0;61594.0
CÓRDOBA;2031;50-54;52412.0;56180.0
CÓRDOBA;2031;55-59;46155.0;49401.0
CÓRDOBA;2031;60-64;43379.0;45703.0
CÓRDOBA;2031;65-69;37221.0;39673.0
CÓRDOBA;2031;70-74;28410.0;31594.0
CÓRDOBA;2031;75-79;19517.0;22368.0
CÓRDOBA;2031;80-84;12199.0;14692.0
CÓRDOBA;2031;85-89;6503.0;8083.0
CÓRDOBA;2031;90-94;3077.0;4020.0
CÓRDOBA;2031;95-99;887.0;1377.0
CÓRDOBA;2031;100+;130.0;201.0
CÓRDOBA;2032;0-4;79428.0;75100.0
CÓRDOBA;2032;5-9;85799.0;81338.0
CÓRDOBA;2032;10-14;89865.0;85228.0
CÓRDOBA;2032;15-19;90770.0;86300.0
CÓRDOBA;2032;20-24;92279.0;87486.0
CÓRDOBA;2032;25-29;93267.0;88514.0
CÓRDOBA;2032;30-34;83153.0;81908.0
CÓRDOBA;2032;35-39;68827.0;72406.0
CÓRDOBA;2032;40-44;61607.0;66264.0
CÓRDOBA;2032;45-49;56654.0;62171.0
CÓRDOBA;2032;50-54;53183.0;57345.0
CÓRDOBA;2032;55-59;46688.0;50204.0
CÓRDOBA;2032;60-64;43558.0;46179.0
CÓRDOBA;2032;65-69;38163.0;40520.0
CÓRDOBA;2032;70-74;29377.0;32765.0
CÓRDOBA;2032;75-79;20310.0;23366.0
CÓRDOBA;2032;80-84;12561.0;15239.0
CÓRDOBA;2032;85-89;6734.0;8404.0
CÓRDOBA;2032;90-94;3098.0;4087.0
CÓRDOBA;2032;95-99;934.0;1438.0
CÓRDOBA;2032;100+;134.0;212.0
CÓRDOBA;2033;0-4;78037.0;73779.0
CÓRDOBA;2033;5-9;84645.0;80245.0
CÓRDOBA;2033;10-14;89356.0;84757.0
CÓRDOBA;2033;15-19;90525.0;85999.0
CÓRDOBA;2033;20-24;91646.0;86976.0
CÓRDOBA;2033;25-29;92988.0;88186.0
CÓRDOBA;2033;30-34;86462.0;83963.0
CÓRDOBA;2033;35-39;70422.0;73658.0
CÓRDOBA;2033;40-44;63160.0;67633.0
CÓRDOBA;2033;45-49;57095.0;62681.0
CÓRDOBA;2033;50-54;53870.0;58445.0
CÓRDOBA;2033;55-59;47460.0;51173.0
CÓRDOBA;2033;60-64;43660.0;46524.0
CÓRDOBA;2033;65-69;38892.0;41352.0
CÓRDOBA;2033;70-74;30382.0;33894.0
CÓRDOBA;2033;75-79;21131.0;24447.0
CÓRDOBA;2033;80-84;12959.0;15788.0
CÓRDOBA;2033;85-89;6987.0;8816.0
CÓRDOBA;2033;90-94;3102.0;4127.0
CÓRDOBA;2033;95-99;988.0;1486.0
CÓRDOBA;2033;100+;141.0;222.0
CÓRDOBA;2034;0-4;76657.0;72474.0
CÓRDOBA;2034;5-9;83397.0;79064.0
CÓRDOBA;2034;10-14;88637.0;84057.0
CÓRDOBA;2034;15-19;90343.0;85866.0
CÓRDOBA;2034;20-24;91115.0;86562.0
CÓRDOBA;2034;25-29;92527.0;87699.0
CÓRDOBA;2034;30-34;89026.0;85558.0
CÓRDOBA;2034;35-39;72435.0;75114.0
CÓRDOBA;2034;40-44;64814.0;69135.0
CÓRDOBA;2034;45-49;57762.0;63245.0
CÓRDOBA;2034;50-54;54309.0;59370.0
CÓRDOBA;2034;55-59;48514.0;52332.0
CÓRDOBA;2034;60-64;43663.0;46827.0
CÓRDOBA;2034;65-69;39482.0;42093.0
CÓRDOBA;2034;70-74;31432.0;35014.0
CÓRDOBA;2034;75-79;21997.0;25516.0
CÓRDOBA;2034;80-84;13416.0;16346.0
CÓRDOBA;2034;85-89;7249.0;9246.0
CÓRDOBA;2034;90-94;3109.0;4195.0
CÓRDOBA;2034;95-99;1053.0;1543.0
CÓRDOBA;2034;100+;143.0;236.0
CÓRDOBA;2035;0-4;75283.0;71189.0
CÓRDOBA;2035;5-9;82088.0;77822.0
CÓRDOBA;2035;10-14;87749.0;83205.0
CÓRDOBA;2035;15-19;90170.0;85718.0
CÓRDOBA;2035;20-24;90685.0;86227.0
CÓRDOBA;2035;25-29;91970.0;87088.0
CÓRDOBA;2035;30-34;90634.0;86646.0
CÓRDOBA;2035;35-39;75121.0;76965.0
CÓRDOBA;2035;40-44;66342.0;70521.0
CÓRDOBA;2035;45-49;58745.0;63974.0
CÓRDOBA;2035;50-54;54602.0;60001.0
CÓRDOBA;2035;55-59;49642.0;53683.0
CÓRDOBA;2035;60-64;43673.0;47169.0
CÓRDOBA;2035;65-69;39928.0;42811.0
CÓRDOBA;2035;70-74;32487.0;36007.0
CÓRDOBA;2035;75-79;22842.0;26629.0
CÓRDOBA;2035;80-84;13931.0;16991.0
CÓRDOBA;2035;85-89;7452.0;9659.0
CÓRDOBA;2035;90-94;3161.0;4306.0
CÓRDOBA;2035;95-99;1069.0;1579.0
CÓRDOBA;2035;100+;147.0;250.0
CÓRDOBA;2036;0-4;73953.0;69906.0
CÓRDOBA;2036;5-9;80756.0;76555.0
CÓRDOBA;2036;10-14;86810.0;82317.0
CÓRDOBA;2036;15-19;89871.0;85457.0
CÓRDOBA;2036;20-24;90419.0;85863.0
CÓRDOBA;2036;25-29;91337.0;86521.0
CÓRDOBA;2036;30-34;91260.0;87147.0
CÓRDOBA;2036;35-39;78595.0;79282.0
CÓRDOBA;2036;40-44;67684.0;71699.0
CÓRDOBA;2036;45-49;59915.0;64870.0
CÓRDOBA;2036;50-54;54983.0;60591.0
CÓRDOBA;2036;55-59;50642.0;54913.0
CÓRDOBA;2036;60-64;43896.0;47772.0
CÓRDOBA;2036;65-69;40256.0;43444.0
CÓRDOBA;2036;70-74;33442.0;36888.0
CÓRDOBA;2036;75-79;23712.0;27718.0
CÓRDOBA;2036;80-84;14489.0;17724.0
CÓRDOBA;2036;85-89;7667.0;10037.0
CÓRDOBA;2036;90-94;3246.0;4468.0
CÓRDOBA;2036;95-99;1092.0;1599.0
CÓRDOBA;2036;100+;154.0;264.0
CÓRDOBA;2037;0-4;72634.0;68673.0
CÓRDOBA;2037;5-9;79378.0;75261.0
CÓRDOBA;2037;10-14;85783.0;81351.0
CÓRDOBA;2037;15-19;89501.0;85039.0
CÓRDOBA;2037;20-24;90218.0;85589.0
CÓRDOBA;2037;25-29;90709.0;85960.0
CÓRDOBA;2037;30-34;91197.0;87195.0
CÓRDOBA;2037;35-39;82330.0;81732.0
CÓRDOBA;2037;40-44;69006.0;72760.0
CÓRDOBA;2037;45-49;61220.0;65983.0
CÓRDOBA;2037;50-54;55426.0;61183.0
CÓRDOBA;2037;55-59;51429.0;56086.0
CÓRDOBA;2037;60-64;44418.0;48565.0
CÓRDOBA;2037;65-69;40449.0;43930.0
CÓRDOBA;2037;70-74;34297.0;37716.0
CÓRDOBA;2037;75-79;24547.0;28775.0
CÓRDOBA;2037;80-84;15099.0;18548.0
CÓRDOBA;2037;85-89;7926.0;10421.0
CÓRDOBA;2037;90-94;3374.0;4658.0
CÓRDOBA;2037;95-99;1099.0;1623.0
CÓRDOBA;2037;100+;164.0;275.0
CÓRDOBA;2038;0-4;71363.0;67460.0
CÓRDOBA;2038;5-9;78014.0;73963.0
CÓRDOBA;2038;10-14;84654.0;80292.0
CÓRDOBA;2038;15-19;89002.0;84612.0
CÓRDOBA;2038;20-24;90017.0;85323.0
CÓRDOBA;2038;25-29;90162.0;85514.0
CÓRDOBA;2038;30-34;90990.0;86928.0
CÓRDOBA;2038;35-39;85515.0;83768.0
CÓRDOBA;2038;40-44;70566.0;73992.0
CÓRDOBA;2038;45-49;62751.0;67346.0
CÓRDOBA;2038;50-54;55863.0;61700.0
CÓRDOBA;2038;55-59;52094.0;57189.0
CÓRDOBA;2038;60-64;45184.0;49529.0
CÓRDOBA;2038;65-69;40576.0;44271.0
CÓRDOBA;2038;70-74;34995.0;38525.0
CÓRDOBA;2038;75-79;25430.0;29815.0
CÓRDOBA;2038;80-84;15753.0;19435.0
CÓRDOBA;2038;85-89;8185.0;10806.0
CÓRDOBA;2038;90-94;3504.0;4887.0
CÓRDOBA;2038;95-99;1093.0;1645.0
CÓRDOBA;2038;100+;175.0;285.0
CÓRDOBA;2039;0-4;70128.0;66299.0
CÓRDOBA;2039;5-9;76643.0;72674.0
CÓRDOBA;2039;10-14;83419.0;79136.0
CÓRDOBA;2039;15-19;88326.0;83966.0
CÓRDOBA;2039;20-24;89874.0;85241.0
CÓRDOBA;2039;25-29;89694.0;85154.0
CÓRDOBA;2039;30-34;90599.0;86504.0
CÓRDOBA;2039;35-39;88033.0;85319.0
CÓRDOBA;2039;40-44;72515.0;75436.0
CÓRDOBA;2039;45-49;64377.0;68856.0
CÓRDOBA;2039;50-54;56530.0;62288.0
CÓRDOBA;2039;55-59;52537.0;58112.0
CÓRDOBA;2039;60-64;46213.0;50688.0
CÓRDOBA;2039;65-69;40601.0;44590.0
CÓRDOBA;2039;70-74;35567.0;39259.0
CÓRDOBA;2039;75-79;26336.0;30836.0
CÓRDOBA;2039;80-84;16418.0;20308.0
CÓRDOBA;2039;85-89;8503.0;11224.0
CÓRDOBA;2039;90-94;3630.0;5133.0
CÓRDOBA;2039;95-99;1100.0;1664.0
CÓRDOBA;2039;100+;183.0;294.0
CÓRDOBA;2040;0-4;68937.0;65171.0
CÓRDOBA;2040;5-9;75293.0;71394.0
CÓRDOBA;2040;10-14;82133.0;77930.0
CÓRDOBA;2040;15-19;87499.0;83166.0
CÓRDOBA;2040;20-24;89771.0;85156.0
CÓRDOBA;2040;25-29;89339.0;84871.0
CÓRDOBA;2040;30-34;90108.0;85953.0
CÓRDOBA;2040;35-39;89623.0;86407.0
CÓRDOBA;2040;40-44;75131.0;77258.0
CÓRDOBA;2040;45-49;65886.0;70243.0
CÓRDOBA;2040;50-54;57502.0;63033.0
CÓRDOBA;2040;55-59;52829.0;58755.0
CÓRDOBA;2040;60-64;47303.0;52009.0
CÓRDOBA;2040;65-69;40652.0;44958.0
CÓRDOBA;2040;70-74;36002.0;39963.0
CÓRDOBA;2040;75-79;27265.0;31734.0
CÓRDOBA;2040;80-84;17080.0;21214.0
CÓRDOBA;2040;85-89;8840.0;11678.0
CÓRDOBA;2040;90-94;3732.0;5354.0
CÓRDOBA;2040;95-99;1126.0;1719.0
CÓRDOBA;2040;100+;186.0;300.0
CÓRDOBA;2041;0-4;67767.0;64065.0
CÓRDOBA;2041;5-9;73963.0;70142.0
CÓRDOBA;2041;10-14;80809.0;76686.0
CÓRDOBA;2041;15-19;86613.0;82339.0
CÓRDOBA;2041;20-24;89521.0;84956.0
CÓRDOBA;2041;25-29;89137.0;84562.0
CÓRDOBA;2041;30-34;89533.0;85429.0
CÓRDOBA;2041;35-39;90262.0;86921.0
CÓRDOBA;2041;40-44;78531.0;79540.0
CÓRDOBA;2041;45-49;67209.0;71425.0
CÓRDOBA;2041;50-54;58635.0;63930.0
CÓRDOBA;2041;55-59;53208.0;59364.0
CÓRDOBA;2041;60-64;48290.0;53240.0
CÓRDOBA;2041;65-69;40870.0;45551.0
CÓRDOBA;2041;70-74;36329.0;40584.0
CÓRDOBA;2041;75-79;28091.0;32557.0
CÓRDOBA;2041;80-84;17760.0;22108.0
CÓRDOBA;2041;85-89;9227.0;12197.0
CÓRDOBA;2041;90-94;3865.0;5561.0
CÓRDOBA;2041;95-99;1169.0;1790.0
CÓRDOBA;2041;100+;188.0;307.0
CÓRDOBA;2042;0-4;66654.0;63006.0
CÓRDOBA;2042;5-9;72674.0;68928.0
CÓRDOBA;2042;10-14;79468.0;75437.0
CÓRDOBA;2042;15-19;85627.0;81433.0
CÓRDOBA;2042;20-24;89224.0;84613.0
CÓRDOBA;2042;25-29;88993.0;84351.0
CÓRDOBA;2042;30-34;88986.0;84920.0
CÓRDOBA;2042;35-39;90255.0;87005.0
CÓRDOBA;2042;40-44;82167.0;81969.0
CÓRDOBA;2042;45-49;68494.0;72486.0
CÓRDOBA;2042;50-54;59922.0;65050.0
CÓRDOBA;2042;55-59;53660.0;59959.0
CÓRDOBA;2042;60-64;49047.0;54407.0
CÓRDOBA;2042;65-69;41391.0;46347.0
CÓRDOBA;2042;70-74;36520.0;41067.0
CÓRDOBA;2042;75-79;28842.0;33320.0
CÓRDOBA;2042;80-84;18405.0;22994.0
CÓRDOBA;2042;85-89;9635.0;12789.0
CÓRDOBA;2042;90-94;3981.0;5785.0
CÓRDOBA;2042;95-99;1207.0;1871.0
CÓRDOBA;2042;100+;191.0;313.0
LA GUAJIRA;2018;0-4;55365.0;53279.0
LA GUAJIRA;2018;5-9;56688.0;54642.0
LA GUAJIRA;2018;10-14;55515.0;54229.0
LA GUAJIRA;2018;15-19;47126.0;48116.0
LA GUAJIRA;2018;20-24;37703.0;40298.0
LA GUAJIRA;2018;25-29;32442.0;34739.0
LA GUAJIRA;2018;30-34;27691.0;30443.0
LA GUAJIRA;2018;35-39;24599.0;27406.0
LA GUAJIRA;2018;40-44;20163.0;22397.0
LA GUAJIRA;2018;45-49;17151.0;18729.0
LA GUAJIRA;2018;50-54;14932.0;16696.0
LA GUAJIRA;2018;55-59;12727.0;14204.0
LA GUAJIRA;2018;60-64;9421.0;10605.0
LA GUAJIRA;2018;65-69;7120.0;8082.0
LA GUAJIRA;2018;70-74;4892.0;5636.0
LA GUAJIRA;2018;75-79;3403.0;4321.0
LA GUAJIRA;2018;80-84;2095.0;3000.0
LA GUAJIRA;2018;85-89;1078.0;1752.0
LA GUAJIRA;2018;90-94;437.0;810.0
LA GUAJIRA;2018;95-99;153.0;280.0
LA GUAJIRA;2018;100+;85.0;102.0
LA GUAJIRA;2019;0-4;56425.0;54135.0
LA GUAJIRA;2019;5-9;57513.0;55602.0
LA GUAJIRA;2019;10-14;57073.0;55532.0
LA GUAJIRA;2019;15-19;50124.0;50714.0
LA GUAJIRA;2019;20-24;40280.0;43169.0
LA GUAJIRA;2019;25-29;34649.0;37216.0
LA GUAJIRA;2019;30-34;29334.0;32005.0
LA GUAJIRA;2019;35-39;25795.0;28705.0
LA GUAJIRA;2019;40-44;21308.0;23713.0
LA GUAJIRA;2019;45-49;17745.0;19536.0
LA GUAJIRA;2019;50-54;15507.0;17365.0
LA GUAJIRA;2019;55-59;13327.0;14977.0
LA GUAJIRA;2019;60-64;9955.0;11300.0
LA GUAJIRA;2019;65-69;7333.0;8480.0
LA GUAJIRA;2019;70-74;5177.0;6081.0
LA GUAJIRA;2019;75-79;3470.0;4414.0
LA GUAJIRA;2019;80-84;2170.0;3142.0
LA GUAJIRA;2019;85-89;1109.0;1784.0
LA GUAJIRA;2019;90-94;456.0;844.0
LA GUAJIRA;2019;95-99;166.0;284.0
LA GUAJIRA;2019;100+;66.0;82.0
LA GUAJIRA;2020;0-4;57924.0;55406.0
LA GUAJIRA;2020;5-9;58698.0;56862.0
LA GUAJIRA;2020;10-14;58381.0;56790.0
LA GUAJIRA;2020;15-19;53072.0;53288.0
LA GUAJIRA;2020;20-24;43377.0;46504.0
LA GUAJIRA;2020;25-29;37074.0;39874.0
LA GUAJIRA;2020;30-34;31304.0;33962.0
LA GUAJIRA;2020;35-39;27114.0;30076.0
LA GUAJIRA;2020;40-44;22580.0;25201.0
LA GUAJIRA;2020;45-49;18449.0;20392.0
LA GUAJIRA;2020;50-54;16131.0;18097.0
LA GUAJIRA;2020;55-59;13904.0;15757.0
LA GUAJIRA;2020;60-64;10548.0;12054.0
LA GUAJIRA;2020;65-69;7557.0;8880.0
LA GUAJIRA;2020;70-74;5464.0;6568.0
LA GUAJIRA;2020;75-79;3553.0;4534.0
LA GUAJIRA;2020;80-84;2258.0;3283.0
LA GUAJIRA;2020;85-89;1128.0;1857.0
LA GUAJIRA;2020;90-94;472.0;874.0
LA GUAJIRA;2020;95-99;170.0;288.0
LA GUAJIRA;2020;100+;56.0;68.0
LA GUAJIRA;2021;0-4;58249.0;55589.0
LA GUAJIRA;2021;5-9;59260.0;57483.0
LA GUAJIRA;2021;10-14;58854.0;57288.0
LA GUAJIRA;2021;15-19;54988.0;54880.0
LA GUAJIRA;2021;20-24;45879.0;48819.0
LA GUAJIRA;2021;25-29;38569.0;41592.0
LA GUAJIRA;2021;30-34;32774.0;35369.0
LA GUAJIRA;2021;35-39;27991.0;30996.0
LA GUAJIRA;2021;40-44;23538.0;26271.0
LA GUAJIRA;2021;45-49;19000.0;21124.0
LA GUAJIRA;2021;50-54;16606.0;18600.0
LA GUAJIRA;2021;55-59;14311.0;16340.0
LA GUAJIRA;2021;60-64;11078.0;12675.0
LA GUAJIRA;2021;65-69;7771.0;9224.0
LA GUAJIRA;2021;70-74;5682.0;6974.0
LA GUAJIRA;2021;75-79;3602.0;4660.0
LA GUAJIRA;2021;80-84;2296.0;3358.0
LA GUAJIRA;2021;85-89;1116.0;1884.0
LA GUAJIRA;2021;90-94;458.0;869.0
LA GUAJIRA;2021;95-99;166.0;286.0
LA GUAJIRA;2021;100+;44.0;60.0
LA GUAJIRA;2022;0-4;58014.0;55321.0
LA GUAJIRA;2022;5-9;59647.0;57827.0
LA GUAJIRA;2022;10-14;58850.0;57392.0
LA GUAJIRA;2022;15-19;56583.0;56050.0
LA GUAJIRA;2022;20-24;48037.0;50648.0
LA GUAJIRA;2022;25-29;39695.0;42932.0
LA GUAJIRA;2022;30-34;34063.0;36701.0
LA GUAJIRA;2022;35-39;28759.0;31773.0
LA GUAJIRA;2022;40-44;24308.0;27177.0
LA GUAJIRA;2022;45-49;19613.0;21863.0
LA GUAJIRA;2022;50-54;16999.0;19052.0
LA GUAJIRA;2022;55-59;14669.0;16839.0
LA GUAJIRA;2022;60-64;11557.0;13260.0
LA GUAJIRA;2022;65-69;8040.0;9623.0
LA GUAJIRA;2022;70-74;5853.0;7323.0
LA GUAJIRA;2022;75-79;3691.0;4849.0
LA GUAJIRA;2022;80-84;2310.0;3414.0
LA GUAJIRA;2022;85-89;1109.0;1906.0
LA GUAJIRA;2022;90-94;443.0;863.0
LA GUAJIRA;2022;95-99;151.0;284.0
LA GUAJIRA;2022;100+;39.0;53.0
LA GUAJIRA;2023;0-4;57601.0;55033.0
LA GUAJIRA;2023;5-9;60078.0;58071.0
LA GUAJIRA;2023;10-14;58886.0;57523.0
LA GUAJIRA;2023;15-19;57776.0;56886.0
LA GUAJIRA;2023;20-24;50116.0;52141.0
LA GUAJIRA;2023;25-29;40840.0;44420.0
LA GUAJIRA;2023;30-34;35383.0;38112.0
LA GUAJIRA;2023;35-39;29549.0;32528.0
LA GUAJIRA;2023;40-44;25056.0;28017.0
LA GUAJIRA;2023;45-49;20263.0;22724.0
LA GUAJIRA;2023;50-54;17400.0;19516.0
LA GUAJIRA;2023;55-59;15056.0;17294.0
LA GUAJIRA;2023;60-64;12026.0;13834.0
LA GUAJIRA;2023;65-69;8376.0;10079.0
LA GUAJIRA;2023;70-74;6019.0;7655.0
LA GUAJIRA;2023;75-79;3844.0;5114.0
LA GUAJIRA;2023;80-84;2321.0;3459.0
LA GUAJIRA;2023;85-89;1138.0;1965.0
LA GUAJIRA;2023;90-94;442.0;861.0
LA GUAJIRA;2023;95-99;148.0;285.0
LA GUAJIRA;2023;100+;34.0;45.0
LA GUAJIRA;2024;0-4;57567.0;55045.0
LA GUAJIRA;2024;5-9;60049.0;57915.0
LA GUAJIRA;2024;10-14;58952.0;57736.0
LA GUAJIRA;2024;15-19;58615.0;57456.0
LA GUAJIRA;2024;20-24;51998.0;53424.0
LA GUAJIRA;2024;25-29;42194.0;45950.0
LA GUAJIRA;2024;30-34;36612.0;39582.0
LA GUAJIRA;2024;35-39;30471.0;33368.0
LA GUAJIRA;2024;40-44;25745.0;28752.0
LA GUAJIRA;2024;45-49;21060.0;23623.0
LA GUAJIRA;2024;50-54;17757.0;20019.0
LA GUAJIRA;2024;55-59;15477.0;17727.0
LA GUAJIRA;2024;60-64;12473.0;14407.0
LA GUAJIRA;2024;65-69;8786.0;10602.0
LA GUAJIRA;2024;70-74;6161.0;7947.0
LA GUAJIRA;2024;75-79;4058.0;5469.0
LA GUAJIRA;2024;80-84;2352.0;3489.0
LA GUAJIRA;2024;85-89;1167.0;2020.0
LA GUAJIRA;2024;90-94;446.0;873.0
LA GUAJIRA;2024;95-99;147.0;286.0
LA GUAJIRA;2024;100+;36.0;46.0
LA GUAJIRA;2025;0-4;57357.0;54878.0
LA GUAJIRA;2025;5-9;59977.0;57754.0
LA GUAJIRA;2025;10-14;59055.0;57945.0
LA GUAJIRA;2025;15-19;59065.0;57813.0
LA GUAJIRA;2025;20-24;53685.0;54510.0
LA GUAJIRA;2025;25-29;43734.0;47538.0
LA GUAJIRA;2025;30-34;37750.0;40910.0
LA GUAJIRA;2025;35-39;31463.0;34339.0
LA GUAJIRA;2025;40-44;26385.0;29389.0
LA GUAJIRA;2025;45-49;21866.0;24576.0
LA GUAJIRA;2025;50-54;18167.0;20513.0
LA GUAJIRA;2025;55-59;15886.0;18181.0
LA GUAJIRA;2025;60-64;12875.0;14924.0
LA GUAJIRA;2025;65-69;9228.0;11150.0
LA GUAJIRA;2025;70-74;6323.0;8218.0
LA GUAJIRA;2025;75-79;4264.0;5839.0
LA GUAJIRA;2025;80-84;2395.0;3555.0
LA GUAJIRA;2025;85-89;1217.0;2087.0
LA GUAJIRA;2025;90-94;456.0;897.0
LA GUAJIRA;2025;95-99;148.0;290.0
LA GUAJIRA;2025;100+;32.0;45.0
LA GUAJIRA;2026;0-4;57030.0;54564.0
LA GUAJIRA;2026;5-9;59596.0;57282.0
LA GUAJIRA;2026;10-14;59131.0;58089.0
LA GUAJIRA;2026;15-19;59118.0;57882.0
LA GUAJIRA;2026;20-24;54969.0;55354.0
LA GUAJIRA;2026;25-29;45417.0;48992.0
LA GUAJIRA;2026;30-34;38644.0;42016.0
LA GUAJIRA;2026;35-39;32495.0;35321.0
LA GUAJIRA;2026;40-44;26978.0;30017.0
LA GUAJIRA;2026;45-49;22624.0;25421.0
LA GUAJIRA;2026;50-54;18617.0;21102.0
LA GUAJIRA;2026;55-59;16289.0;18591.0
LA GUAJIRA;2026;60-64;13229.0;15413.0
LA GUAJIRA;2026;65-69;9679.0;11687.0
LA GUAJIRA;2026;70-74;6512.0;8520.0
LA GUAJIRA;2026;75-79;4443.0;6183.0
LA GUAJIRA;2026;80-84;2453.0;3662.0
LA GUAJIRA;2026;85-89;1245.0;2160.0
LA GUAJIRA;2026;90-94;462.0;914.0
LA GUAJIRA;2026;95-99;143.0;295.0
LA GUAJIRA;2026;100+;32.0;47.0
LA GUAJIRA;2027;0-4;56626.0;54202.0
LA GUAJIRA;2027;5-9;59051.0;56708.0
LA GUAJIRA;2027;10-14;59286.0;58221.0
LA GUAJIRA;2027;15-19;58936.0;57791.0
LA GUAJIRA;2027;20-24;56216.0;56131.0
LA GUAJIRA;2027;25-29;47111.0;50361.0
LA GUAJIRA;2027;30-34;39489.0;43039.0
LA GUAJIRA;2027;35-39;33552.0;36429.0
LA GUAJIRA;2027;40-44;27586.0;30630.0
LA GUAJIRA;2027;45-49;23302.0;26219.0
LA GUAJIRA;2027;50-54;19164.0;21787.0
LA GUAJIRA;2027;55-59;16663.0;19004.0
LA GUAJIRA;2027;60-64;13574.0;15869.0
LA GUAJIRA;2027;65-69;10111.0;12214.0
LA GUAJIRA;2027;70-74;6751.0;8883.0
LA GUAJIRA;2027;75-79;4628.0;6519.0
LA GUAJIRA;2027;80-84;2545.0;3827.0
LA GUAJIRA;2027;85-89;1270.0;2205.0
LA GUAJIRA;2027;90-94;471.0;934.0
LA GUAJIRA;2027;95-99;141.0;291.0
LA GUAJIRA;2027;100+;30.0;46.0
LA GUAJIRA;2028;0-4;56151.0;53735.0
LA GUAJIRA;2028;5-9;58379.0;56167.0
LA GUAJIRA;2028;10-14;59534.0;58286.0
LA GUAJIRA;2028;15-19;58822.0;57740.0
LA GUAJIRA;2028;20-24;57104.0;56635.0
LA GUAJIRA;2028;25-29;48773.0;51455.0
LA GUAJIRA;2028;30-34;40341.0;44234.0
LA GUAJIRA;2028;35-39;34659.0;37627.0
LA GUAJIRA;2028;40-44;28224.0;31261.0
LA GUAJIRA;2028;45-49;23959.0;26950.0
LA GUAJIRA;2028;50-54;19770.0;22568.0
LA GUAJIRA;2028;55-59;17030.0;19425.0
LA GUAJIRA;2028;60-64;13913.0;16272.0
LA GUAJIRA;2028;65-69;10513.0;12728.0
LA GUAJIRA;2028;70-74;7056.0;9308.0
LA GUAJIRA;2028;75-79;4757.0;6802.0
LA GUAJIRA;2028;80-84;2669.0;4052.0
LA GUAJIRA;2028;85-89;1292.0;2246.0
LA GUAJIRA;2028;90-94;488.0;969.0
LA GUAJIRA;2028;95-99;148.0;297.0
LA GUAJIRA;2028;100+;31.0;47.0
LA GUAJIRA;2029;0-4;55612.0;53219.0
LA GUAJIRA;2029;5-9;58082.0;55936.0
LA GUAJIRA;2029;10-14;59342.0;57964.0
LA GUAJIRA;2029;15-19;58743.0;57804.0
LA GUAJIRA;2029;20-24;57707.0;56932.0
LA GUAJIRA;2029;25-29;50285.0;52385.0
LA GUAJIRA;2029;30-34;41394.0;45476.0
LA GUAJIRA;2029;35-39;35696.0;38897.0
LA GUAJIRA;2029;40-44;28988.0;31934.0
LA GUAJIRA;2029;45-49;24551.0;27592.0
LA GUAJIRA;2029;50-54;20487.0;23407.0
LA GUAJIRA;2029;55-59;17359.0;19878.0
LA GUAJIRA;2029;60-64;14278.0;16646.0
LA GUAJIRA;2029;65-69;10902.0;13233.0
LA GUAJIRA;2029;70-74;7401.0;9778.0
LA GUAJIRA;2029;75-79;4882.0;7054.0
LA GUAJIRA;2029;80-84;2812.0;4322.0
LA GUAJIRA;2029;85-89;1303.0;2261.0
LA GUAJIRA;2029;90-94;503.0;998.0
LA GUAJIRA;2029;95-99;150.0;302.0
LA GUAJIRA;2029;100+;29.0;46.0
LA GUAJIRA;2030;0-4;55020.0;52663.0
LA GUAJIRA;2030;5-9;57674.0;55566.0
LA GUAJIRA;2030;10-14;59141.0;57672.0
LA GUAJIRA;2030;15-19;58753.0;57905.0
LA GUAJIRA;2030;20-24;57981.0;57100.0
LA GUAJIRA;2030;25-29;51667.0;53179.0
LA GUAJIRA;2030;30-34;42657.0;46782.0
LA GUAJIRA;2030;35-39;36662.0;40044.0
LA GUAJIRA;2030;40-44;29844.0;32772.0
LA GUAJIRA;2030;45-49;25100.0;28142.0
LA GUAJIRA;2030;50-54;21246.0;24301.0
LA GUAJIRA;2030;55-59;17727.0;20332.0
LA GUAJIRA;2030;60-64;14649.0;17049.0
LA GUAJIRA;2030;65-69;11245.0;13695.0
LA GUAJIRA;2030;70-74;7766.0;10283.0
LA GUAJIRA;2030;75-79;4999.0;7298.0
LA GUAJIRA;2030;80-84;2950.0;4616.0
LA GUAJIRA;2030;85-89;1331.0;2303.0
LA GUAJIRA;2030;90-94;515.0;1032.0
LA GUAJIRA;2030;95-99;148.0;307.0
LA GUAJIRA;2030;100+;29.0;45.0
LA GUAJIRA;2031;0-4;54426.0;52093.0
LA GUAJIRA;2031;5-9;57320.0;55242.0
LA GUAJIRA;2031;10-14;58765.0;57216.0
LA GUAJIRA;2031;15-19;58831.0;58046.0
LA GUAJIRA;2031;20-24;58036.0;57128.0
LA GUAJIRA;2031;25-29;52828.0;53927.0
LA GUAJIRA;2031;30-34;44198.0;48136.0
LA GUAJIRA;2031;35-39;37517.0;41087.0
LA GUAJIRA;2031;40-44;30798.0;33687.0
LA GUAJIRA;2031;45-49;25646.0;28729.0
LA GUAJIRA;2031;50-54;21979.0;25134.0
LA GUAJIRA;2031;55-59;18156.0;20906.0
LA GUAJIRA;2031;60-64;15010.0;17416.0
LA GUAJIRA;2031;65-69;11549.0;14144.0
LA GUAJIRA;2031;70-74;8142.0;10770.0
LA GUAJIRA;2031;75-79;5161.0;7581.0
LA GUAJIRA;2031;80-84;3089.0;4895.0
LA GUAJIRA;2031;85-89;1369.0;2381.0
LA GUAJIRA;2031;90-94;531.0;1058.0
LA GUAJIRA;2031;95-99;164.0;313.0
LA GUAJIRA;2031;100+;29.0;46.0
LA GUAJIRA;2032;0-4;53803.0;51489.0
LA GUAJIRA;2032;5-9;56936.0;54877.0
LA GUAJIRA;2032;10-14;58266.0;56671.0
LA GUAJIRA;2032;15-19;58989.0;58195.0
LA GUAJIRA;2032;20-24;57870.0;57039.0
LA GUAJIRA;2032;25-29;53981.0;54650.0
LA GUAJIRA;2032;30-34;45782.0;49429.0
LA GUAJIRA;2032;35-39;38295.0;42079.0
LA GUAJIRA;2032;40-44;31803.0;34733.0
LA GUAJIRA;2032;45-49;26231.0;29308.0
LA GUAJIRA;2032;50-54;22640.0;25926.0
LA GUAJIRA;2032;55-59;18686.0;21585.0
LA GUAJIRA;2032;60-64;15343.0;17803.0
LA GUAJIRA;2032;65-69;11857.0;14553.0
LA GUAJIRA;2032;70-74;8516.0;11264.0
LA GUAJIRA;2032;75-79;5372.0;7908.0
LA GUAJIRA;2032;80-84;3217.0;5153.0
LA GUAJIRA;2032;85-89;1426.0;2491.0
LA GUAJIRA;2032;90-94;547.0;1085.0
LA GUAJIRA;2032;95-99;160.0;332.0
LA GUAJIRA;2032;100+;34.0;49.0
LA GUAJIRA;2033;0-4;53168.0;50872.0
LA GUAJIRA;2033;5-9;56498.0;54445.0
LA GUAJIRA;2033;10-14;57635.0;56177.0
LA GUAJIRA;2033;15-19;59250.0;58277.0
LA GUAJIRA;2033;20-24;57777.0;57010.0
LA GUAJIRA;2033;25-29;54836.0;55147.0
LA GUAJIRA;2033;30-34;47350.0;50467.0
LA GUAJIRA;2033;35-39;39118.0;43217.0
LA GUAJIRA;2033;40-44;32855.0;35883.0
LA GUAJIRA;2033;45-49;26842.0;29903.0
LA GUAJIRA;2033;50-54;23280.0;26645.0
LA GUAJIRA;2033;55-59;19280.0;22350.0
LA GUAJIRA;2033;60-64;15689.0;18193.0
LA GUAJIRA;2033;65-69;12149.0;14925.0
LA GUAJIRA;2033;70-74;8864.0;11739.0
LA GUAJIRA;2033;75-79;5607.0;8284.0
LA GUAJIRA;2033;80-84;3311.0;5375.0
LA GUAJIRA;2033;85-89;1497.0;2645.0
LA GUAJIRA;2033;90-94;556.0;1101.0
LA GUAJIRA;2033;95-99;166.0;335.0
LA GUAJIRA;2033;100+;31.0;46.0
LA GUAJIRA;2034;0-4;52514.0;50247.0
LA GUAJIRA;2034;5-9;55980.0;53958.0
LA GUAJIRA;2034;10-14;57372.0;55970.0
LA GUAJIRA;2034;15-19;59091.0;57988.0
LA GUAJIRA;2034;20-24;57731.0;57085.0
LA GUAJIRA;2034;25-29;55432.0;55444.0
LA GUAJIRA;2034;30-34;48797.0;51369.0
LA GUAJIRA;2034;35-39;40123.0;44407.0
LA GUAJIRA;2034;40-44;33841.0;37085.0
LA GUAJIRA;2034;45-49;27580.0;30562.0
LA GUAJIRA;2034;50-54;23866.0;27280.0
LA GUAJIRA;2034;55-59;19980.0;23178.0
LA GUAJIRA;2034;60-64;15990.0;18611.0
LA GUAJIRA;2034;65-69;12476.0;15267.0
LA GUAJIRA;2034;70-74;9192.0;12212.0
LA GUAJIRA;2034;75-79;5897.0;8710.0
LA GUAJIRA;2034;80-84;3402.0;5587.0
LA GUAJIRA;2034;85-89;1590.0;2819.0
LA GUAJIRA;2034;90-94;567.0;1116.0
LA GUAJIRA;2034;95-99;168.0;348.0
LA GUAJIRA;2034;100+;31.0;46.0
LA GUAJIRA;2035;0-4;51841.0;49615.0
LA GUAJIRA;2035;5-9;55441.0;53440.0
LA GUAJIRA;2035;10-14;57017.0;55646.0
LA GUAJIRA;2035;15-19;58918.0;57737.0
LA GUAJIRA;2035;20-24;57765.0;57202.0
LA GUAJIRA;2035;25-29;55727.0;55636.0
LA GUAJIRA;2035;30-34;50117.0;52144.0
LA GUAJIRA;2035;35-39;41328.0;45669.0
LA GUAJIRA;2035;40-44;34774.0;38192.0
LA GUAJIRA;2035;45-49;28389.0;31367.0
LA GUAJIRA;2035;50-54;24407.0;27835.0
LA GUAJIRA;2035;55-59;20719.0;24056.0
LA GUAJIRA;2035;60-64;16324.0;19038.0
LA GUAJIRA;2035;65-69;12794.0;15633.0
LA GUAJIRA;2035;70-74;9485.0;12648.0
LA GUAJIRA;2035;75-79;6195.0;9161.0
LA GUAJIRA;2035;80-84;3506.0;5782.0
LA GUAJIRA;2035;85-89;1662.0;3011.0
LA GUAJIRA;2035;90-94;579.0;1136.0
LA GUAJIRA;2035;95-99;181.0;360.0
LA GUAJIRA;2035;100+;32.0;49.0
LA GUAJIRA;2036;0-4;51188.0;48974.0
LA GUAJIRA;2036;5-9;54891.0;52897.0
LA GUAJIRA;2036;10-14;56716.0;55368.0
LA GUAJIRA;2036;15-19;58598.0;57316.0
LA GUAJIRA;2036;20-24;57874.0;57353.0
LA GUAJIRA;2036;25-29;55809.0;55694.0
LA GUAJIRA;2036;30-34;51250.0;52894.0
LA GUAJIRA;2036;35-39;42796.0;46972.0
LA GUAJIRA;2036;40-44;35577.0;39191.0
LA GUAJIRA;2036;45-49;29307.0;32245.0
LA GUAJIRA;2036;50-54;24944.0;28418.0
LA GUAJIRA;2036;55-59;21443.0;24890.0
LA GUAJIRA;2036;60-64;16724.0;19584.0
LA GUAJIRA;2036;65-69;13121.0;15988.0
LA GUAJIRA;2036;70-74;9756.0;13060.0
LA GUAJIRA;2036;75-79;6503.0;9609.0
LA GUAJIRA;2036;80-84;3616.0;6019.0
LA GUAJIRA;2036;85-89;1753.0;3195.0
LA GUAJIRA;2036;90-94;600.0;1187.0
LA GUAJIRA;2036;95-99;182.0;366.0
LA GUAJIRA;2036;100+;29.0;50.0
LA GUAJIRA;2037;0-4;50520.0;48332.0
LA GUAJIRA;2037;5-9;54301.0;52347.0
LA GUAJIRA;2037;10-14;56388.0;55057.0
LA GUAJIRA;2037;15-19;58140.0;56830.0
LA GUAJIRA;2037;20-24;58072.0;57512.0
LA GUAJIRA;2037;25-29;55707.0;55640.0
LA GUAJIRA;2037;30-34;52373.0;53611.0
LA GUAJIRA;2037;35-39;44313.0;48226.0
LA GUAJIRA;2037;40-44;36339.0;40139.0
LA GUAJIRA;2037;45-49;30270.0;33256.0
LA GUAJIRA;2037;50-54;25524.0;28992.0
LA GUAJIRA;2037;55-59;22094.0;25675.0
LA GUAJIRA;2037;60-64;17223.0;20212.0
LA GUAJIRA;2037;65-69;13420.0;16335.0
LA GUAJIRA;2037;70-74;10021.0;13445.0
LA GUAJIRA;2037;75-79;6804.0;10047.0
LA GUAJIRA;2037;80-84;3769.0;6285.0
LA GUAJIRA;2037;85-89;1814.0;3365.0
LA GUAJIRA;2037;90-94;620.0;1251.0
LA GUAJIRA;2037;95-99;184.0;378.0
LA GUAJIRA;2037;100+;34.0;53.0
LA GUAJIRA;2038;0-4;49853.0;47693.0
LA GUAJIRA;2038;5-9;53714.0;51770.0
LA GUAJIRA;2038;10-14;55986.0;54666.0
LA GUAJIRA;2038;15-19;57573.0;56376.0
LA GUAJIRA;2038;20-24;58364.0;57634.0
LA GUAJIRA;2038;25-29;55659.0;55638.0
LA GUAJIRA;2038;30-34;53225.0;54132.0
LA GUAJIRA;2038;35-39;45820.0;49256.0
LA GUAJIRA;2038;40-44;37129.0;41224.0
LA GUAJIRA;2038;45-49;31288.0;34357.0
LA GUAJIRA;2038;50-54;26126.0;29592.0
LA GUAJIRA;2038;55-59;22722.0;26388.0
LA GUAJIRA;2038;60-64;17777.0;20938.0
LA GUAJIRA;2038;65-69;13709.0;16693.0
LA GUAJIRA;2038;70-74;10286.0;13787.0
LA GUAJIRA;2038;75-79;7100.0;10489.0
LA GUAJIRA;2038;80-84;3950.0;6593.0
LA GUAJIRA;2038;85-89;1877.0;3522.0
LA GUAJIRA;2038;90-94;664.0;1326.0
LA GUAJIRA;2038;95-99;191.0;380.0
LA GUAJIRA;2038;100+;36.0;57.0
LA GUAJIRA;2039;0-4;49185.0;47055.0
LA GUAJIRA;2039;5-9;53103.0;51187.0
LA GUAJIRA;2039;10-14;55531.0;54232.0
LA GUAJIRA;2039;15-19;57358.0;56209.0
LA GUAJIRA;2039;20-24;58247.0;57391.0
LA GUAJIRA;2039;25-29;55658.0;55741.0
LA GUAJIRA;2039;30-34;53842.0;54458.0
LA GUAJIRA;2039;35-39;47223.0;50151.0
LA GUAJIRA;2039;40-44;38073.0;42360.0
LA GUAJIRA;2039;45-49;32245.0;35520.0
LA GUAJIRA;2039;50-54;26836.0;30254.0
LA GUAJIRA;2039;55-59;23295.0;27021.0
LA GUAJIRA;2039;60-64;18422.0;21706.0
LA GUAJIRA;2039;65-69;13976.0;17085.0
LA GUAJIRA;2039;70-74;10547.0;14113.0
LA GUAJIRA;2039;75-79;7358.0;10909.0
LA GUAJIRA;2039;80-84;4152.0;6939.0
LA GUAJIRA;2039;85-89;1929.0;3651.0
LA GUAJIRA;2039;90-94;697.0;1418.0
LA GUAJIRA;2039;95-99;187.0;388.0
LA GUAJIRA;2039;100+;38.0;52.0
LA GUAJIRA;2040;0-4;48543.0;46429.0
LA GUAJIRA;2040;5-9;52479.0;50589.0
LA GUAJIRA;2040;10-14;55032.0;53762.0
LA GUAJIRA;2040;15-19;57047.0;55936.0
LA GUAJIRA;2040;20-24;58136.0;57177.0
LA GUAJIRA;2040;25-29;55737.0;55883.0
LA GUAJIRA;2040;30-34;54176.0;54688.0
LA GUAJIRA;2040;35-39;48529.0;50930.0
LA GUAJIRA;2040;40-44;39230.0;43593.0
LA GUAJIRA;2040;45-49;33148.0;36594.0
LA GUAJIRA;2040;50-54;27651.0;31052.0
LA GUAJIRA;2040;55-59;23836.0;27577.0
LA GUAJIRA;2040;60-64;19109.0;22547.0
LA GUAJIRA;2040;65-69;14283.0;17470.0
LA GUAJIRA;2040;70-74;10830.0;14461.0
LA GUAJIRA;2040;75-79;7608.0;11310.0
LA GUAJIRA;2040;80-84;4368.0;7309.0
LA GUAJIRA;2040;85-89;2002.0;3785.0
LA GUAJIRA;2040;90-94;732.0;1515.0
LA GUAJIRA;2040;95-99;203.0;398.0
LA GUAJIRA;2040;100+;42.0;61.0
LA GUAJIRA;2041;0-4;47899.0;45819.0
LA GUAJIRA;2041;5-9;51860.0;49981.0
LA GUAJIRA;2041;10-14;54527.0;53272.0
LA GUAJIRA;2041;15-19;56784.0;55696.0
LA GUAJIRA;2041;20-24;57855.0;56815.0
LA GUAJIRA;2041;25-29;55885.0;56069.0
LA GUAJIRA;2041;30-34;54315.0;54792.0
LA GUAJIRA;2041;35-39;49646.0;51684.0
LA GUAJIRA;2041;40-44;40635.0;44840.0
LA GUAJIRA;2041;45-49;33935.0;37561.0
LA GUAJIRA;2041;50-54;28543.0;31930.0
LA GUAJIRA;2041;55-59;24368.0;28155.0
LA GUAJIRA;2041;60-64;19781.0;23324.0
LA GUAJIRA;2041;65-69;14630.0;17979.0
LA GUAJIRA;2041;70-74;11122.0;14787.0
LA GUAJIRA;2041;75-79;7833.0;11691.0
LA GUAJIRA;2041;80-84;4593.0;7665.0
LA GUAJIRA;2041;85-89;2067.0;3947.0
LA GUAJIRA;2041;90-94;775.0;1615.0
LA GUAJIRA;2041;95-99;212.0;416.0
LA GUAJIRA;2041;100+;41.0;61.0
LA GUAJIRA;2042;0-4;47270.0;45225.0
LA GUAJIRA;2042;5-9;51228.0;49382.0
LA GUAJIRA;2042;10-14;53994.0;52758.0
LA GUAJIRA;2042;15-19;56497.0;55421.0
LA GUAJIRA;2042;20-24;57471.0;56370.0
LA GUAJIRA;2042;25-29;56122.0;56264.0
LA GUAJIRA;2042;30-34;54261.0;54783.0
LA GUAJIRA;2042;35-39;50761.0;52422.0
LA GUAJIRA;2042;40-44;42081.0;46049.0
LA GUAJIRA;2042;45-49;34669.0;38490.0
LA GUAJIRA;2042;50-54;29501.0;32935.0
LA GUAJIRA;2042;55-59;24933.0;28741.0
LA GUAJIRA;2042;60-64;20376.0;24048.0
LA GUAJIRA;2042;65-69;15082.0;18560.0
LA GUAJIRA;2042;70-74;11382.0;15124.0
LA GUAJIRA;2042;75-79;8051.0;12035.0
LA GUAJIRA;2042;80-84;4809.0;8023.0
LA GUAJIRA;2042;85-89;2148.0;4134.0
LA GUAJIRA;2042;90-94;803.0;1702.0
LA GUAJIRA;2042;95-99;218.0;442.0
LA GUAJIRA;2042;100+;42.0;64.0
MAGDALENA;2018;0-4;69308.0;66340.0
MAGDALENA;2018;5-9;73888.0;69887.0
MAGDALENA;2018;10-14;76507.0;71948.0
MAGDALENA;2018;15-19;67129.0;64721.0
MAGDALENA;2018;20-24;54573.0;54823.0
MAGDALENA;2018;25-29;48826.0;49251.0
MAGDALENA;2018;30-34;43462.0;45101.0
MAGDALENA;2018;35-39;40731.0;42959.0
MAGDALENA;2018;40-44;36823.0;38424.0
MAGDALENA;2018;45-49;34136.0;35130.0
MAGDALENA;2018;50-54;31100.0;32257.0
MAGDALENA;2018;55-59;26769.0;27735.0
MAGDALENA;2018;60-64;21019.0;21991.0
MAGDALENA;2018;65-69;16810.0;17618.0
MAGDALENA;2018;70-74;11867.0;12195.0
MAGDALENA;2018;75-79;8402.0;8921.0
MAGDALENA;2018;80-84;5079.0;5929.0
MAGDALENA;2018;85-89;2660.0;3374.0
MAGDALENA;2018;90-94;1150.0;1602.0
MAGDALENA;2018;95-99;374.0;576.0
MAGDALENA;2018;100+;172.0;230.0
MAGDALENA;2019;0-4;70182.0;67036.0
MAGDALENA;2019;5-9;74390.0;70578.0
MAGDALENA;2019;10-14;77890.0;73046.0
MAGDALENA;2019;15-19;70636.0;67595.0
MAGDALENA;2019;20-24;57588.0;57953.0
MAGDALENA;2019;25-29;51457.0;51922.0
MAGDALENA;2019;30-34;45336.0;46730.0
MAGDALENA;2019;35-39;42146.0;44390.0
MAGDALENA;2019;40-44;38302.0;40027.0
MAGDALENA;2019;45-49;34812.0;35966.0
MAGDALENA;2019;50-54;31848.0;33012.0
MAGDALENA;2019;55-59;27756.0;28825.0
MAGDALENA;2019;60-64;21943.0;23045.0
MAGDALENA;2019;65-69;17198.0;18230.0
MAGDALENA;2019;70-74;12432.0;12933.0
MAGDALENA;2019;75-79;8408.0;9000.0
MAGDALENA;2019;80-84;5234.0;6118.0
MAGDALENA;2019;85-89;2672.0;3422.0
MAGDALENA;2019;90-94;1131.0;1641.0
MAGDALENA;2019;95-99;368.0;560.0
MAGDALENA;2019;100+;132.0;172.0
MAGDALENA;2020;0-4;71594.0;68229.0
MAGDALENA;2020;5-9;75368.0;71707.0
MAGDALENA;2020;10-14;79038.0;74079.0
MAGDALENA;2020;15-19;74020.0;70389.0
MAGDALENA;2020;20-24;61351.0;61672.0
MAGDALENA;2020;25-29;54361.0;54835.0
MAGDALENA;2020;30-34;47692.0;48904.0
MAGDALENA;2020;35-39;43771.0;45902.0
MAGDALENA;2020;40-44;40012.0;41904.0
MAGDALENA;2020;45-49;35664.0;36913.0
MAGDALENA;2020;50-54;32693.0;33886.0
MAGDALENA;2020;55-59;28698.0;29902.0
MAGDALENA;2020;60-64;22993.0;24207.0
MAGDALENA;2020;65-69;17654.0;18832.0
MAGDALENA;2020;70-74;13009.0;13755.0
MAGDALENA;2020;75-79;8517.0;9133.0
MAGDALENA;2020;80-84;5417.0;6326.0
MAGDALENA;2020;85-89;2701.0;3530.0
MAGDALENA;2020;90-94;1145.0;1686.0
MAGDALENA;2020;95-99;369.0;582.0
MAGDALENA;2020;100+;107.0;145.0
MAGDALENA;2021;0-4;71635.0;68141.0
MAGDALENA;2021;5-9;75608.0;72065.0
MAGDALENA;2021;10-14;79110.0;74143.0
MAGDALENA;2021;15-19;76008.0;71980.0
MAGDALENA;2021;20-24;64490.0;64401.0
MAGDALENA;2021;25-29;56107.0;56650.0
MAGDALENA;2021;30-34;49438.0;50468.0
MAGDALENA;2021;35-39;44850.0;46923.0
MAGDALENA;2021;40-44;41274.0;43301.0
MAGDALENA;2021;45-49;36348.0;37779.0
MAGDALENA;2021;50-54;33312.0;34496.0
MAGDALENA;2021;55-59;29351.0;30744.0
MAGDALENA;2021;60-64;23916.0;25239.0
MAGDALENA;2021;65-69;18067.0;19384.0
MAGDALENA;2021;70-74;13449.0;14468.0
MAGDALENA;2021;75-79;8592.0;9297.0
MAGDALENA;2021;80-84;5491.0;6443.0
MAGDALENA;2021;85-89;2685.0;3560.0
MAGDALENA;2021;90-94;1131.0;1659.0
MAGDALENA;2021;95-99;349.0;557.0
MAGDALENA;2021;100+;88.0;126.0
MAGDALENA;2022;0-4;71002.0;67479.0
MAGDALENA;2022;5-9;75606.0;72087.0
MAGDALENA;2022;10-14;78557.0;73733.0
MAGDALENA;2022;15-19;77481.0;72982.0
MAGDALENA;2022;20-24;67184.0;66521.0
MAGDALENA;2022;25-29;57332.0;58006.0
MAGDALENA;2022;30-34;50972.0;51894.0
MAGDALENA;2022;35-39;45735.0;47703.0
MAGDALENA;2022;40-44;42195.0;44427.0
MAGDALENA;2022;45-49;37111.0;38683.0
MAGDALENA;2022;50-54;33745.0;34957.0
MAGDALENA;2022;55-59;29906.0;31419.0
MAGDALENA;2022;60-64;24766.0;26199.0
MAGDALENA;2022;65-69;18551.0;20005.0
MAGDALENA;2022;70-74;13816.0;15065.0
MAGDALENA;2022;75-79;8701.0;9558.0
MAGDALENA;2022;80-84;5498.0;6487.0
MAGDALENA;2022;85-89;2669.0;3582.0
MAGDALENA;2022;90-94;1089.0;1632.0
MAGDALENA;2022;95-99;331.0;552.0
MAGDALENA;2022;100+;68.0;108.0
MAGDALENA;2023;0-4;70129.0;66797.0
MAGDALENA;2023;5-9;75672.0;72008.0
MAGDALENA;2023;10-14;78058.0;73343.0
MAGDALENA;2023;15-19;78331.0;73482.0
MAGDALENA;2023;20-24;69636.0;68152.0
MAGDALENA;2023;25-29;58593.0;59515.0
MAGDALENA;2023;30-34;52530.0;53390.0
MAGDALENA;2023;35-39;46559.0;48428.0
MAGDALENA;2023;40-44;43107.0;45414.0
MAGDALENA;2023;45-49;37935.0;39704.0
MAGDALENA;2023;50-54;34151.0;35432.0
MAGDALENA;2023;55-59;30395.0;31984.0
MAGDALENA;2023;60-64;25572.0;27133.0
MAGDALENA;2023;65-69;19174.0;20739.0
MAGDALENA;2023;70-74;14128.0;15585.0
MAGDALENA;2023;75-79;8986.0;9978.0
MAGDALENA;2023;80-84;5470.0;6501.0
MAGDALENA;2023;85-89;2707.0;3636.0
MAGDALENA;2023;90-94;1065.0;1615.0
MAGDALENA;2023;95-99;309.0;544.0
MAGDALENA;2023;100+;54.0;86.0
MAGDALENA;2024;0-4;69706.0;66404.0
MAGDALENA;2024;5-9;75217.0;71453.0
MAGDALENA;2024;10-14;77571.0;73057.0
MAGDALENA;2024;15-19;78769.0;73622.0
MAGDALENA;2024;20-24;71763.0;69458.0
MAGDALENA;2024;25-29;60114.0;61134.0
MAGDALENA;2024;30-34;53983.0;54928.0
MAGDALENA;2024;35-39;47563.0;49242.0
MAGDALENA;2024;40-44;43914.0;46242.0
MAGDALENA;2024;45-49;38946.0;40826.0
MAGDALENA;2024;50-54;34502.0;35902.0
MAGDALENA;2024;55-59;30903.0;32520.0
MAGDALENA;2024;60-64;26375.0;28010.0
MAGDALENA;2024;65-69;19923.0;21616.0
MAGDALENA;2024;70-74;14417.0;16029.0
MAGDALENA;2024;75-79;9356.0;10519.0
MAGDALENA;2024;80-84;5473.0;6547.0
MAGDALENA;2024;85-89;2795.0;3748.0
MAGDALENA;2024;90-94;1071.0;1643.0
MAGDALENA;2024;95-99;311.0;551.0
MAGDALENA;2024;100+;56.0;90.0
MAGDALENA;2025;0-4;69042.0;65817.0
MAGDALENA;2025;5-9;74724.0;70856.0
MAGDALENA;2025;10-14;77153.0;72785.0
MAGDALENA;2025;15-19;78690.0;73459.0
MAGDALENA;2025;20-24;73469.0;70436.0
MAGDALENA;2025;25-29;61932.0;62811.0
MAGDALENA;2025;30-34;55245.0;56250.0
MAGDALENA;2025;35-39;48665.0;50218.0
MAGDALENA;2025;40-44;44628.0;46883.0
MAGDALENA;2025;45-49;40003.0;42032.0
MAGDALENA;2025;50-54;34877.0;36376.0
MAGDALENA;2025;55-59;31406.0;33005.0
MAGDALENA;2025;60-64;27057.0;28817.0
MAGDALENA;2025;65-69;20725.0;22508.0
MAGDALENA;2025;70-74;14717.0;16451.0
MAGDALENA;2025;75-79;9759.0;11103.0
MAGDALENA;2025;80-84;5538.0;6597.0
MAGDALENA;2025;85-89;2875.0;3847.0
MAGDALENA;2025;90-94;1077.0;1665.0
MAGDALENA;2025;95-99;310.0;553.0
MAGDALENA;2025;100+;53.0;93.0
MAGDALENA;2026;0-4;68235.0;65050.0
MAGDALENA;2026;5-9;73834.0;69889.0
MAGDALENA;2026;10-14;76668.0;72472.0
MAGDALENA;2026;15-19;78138.0;72893.0
MAGDALENA;2026;20-24;74555.0;71050.0
MAGDALENA;2026;25-29;63994.0;64408.0
MAGDALENA;2026;30-34;56168.0;57250.0
MAGDALENA;2026;35-39;49790.0;51161.0
MAGDALENA;2026;40-44;45257.0;47458.0
MAGDALENA;2026;45-49;40924.0;43072.0
MAGDALENA;2026;50-54;35340.0;36977.0
MAGDALENA;2026;55-59;31861.0;33412.0
MAGDALENA;2026;60-64;27632.0;29510.0
MAGDALENA;2026;65-69;21531.0;23392.0
MAGDALENA;2026;70-74;15074.0;16926.0
MAGDALENA;2026;75-79;10136.0;11670.0
MAGDALENA;2026;80-84;5610.0;6732.0
MAGDALENA;2026;85-89;2952.0;3950.0
MAGDALENA;2026;90-94;1075.0;1694.0
MAGDALENA;2026;95-99;316.0;546.0
MAGDALENA;2026;100+;54.0;92.0
MAGDALENA;2027;0-4;67355.0;64203.0
MAGDALENA;2027;5-9;72745.0;68809.0
MAGDALENA;2027;10-14;76320.0;72143.0
MAGDALENA;2027;15-19;77269.0;72153.0
MAGDALENA;2027;20-24;75503.0;71476.0
MAGDALENA;2027;25-29;66041.0;65898.0
MAGDALENA;2027;30-34;56972.0;58175.0
MAGDALENA;2027;35-39;51009.0;52287.0
MAGDALENA;2027;40-44;45920.0;47990.0
MAGDALENA;2027;45-49;41697.0;44022.0
MAGDALENA;2027;50-54;35975.0;37718.0
MAGDALENA;2027;55-59;32233.0;33791.0
MAGDALENA;2027;60-64;28134.0;30098.0
MAGDALENA;2027;65-69;22309.0;24249.0
MAGDALENA;2027;70-74;15535.0;17459.0
MAGDALENA;2027;75-79;10450.0;12152.0
MAGDALENA;2027;80-84;5754.0;6950.0
MAGDALENA;2027;85-89;2991.0;3995.0
MAGDALENA;2027;90-94;1101.0;1728.0
MAGDALENA;2027;95-99;309.0;561.0
MAGDALENA;2027;100+;54.0;90.0
MAGDALENA;2028;0-4;66350.0;63264.0
MAGDALENA;2028;5-9;71502.0;67752.0
MAGDALENA;2028;10-14;76066.0;71730.0
MAGDALENA;2028;15-19;76494.0;71497.0
MAGDALENA;2028;20-24;75972.0;71561.0
MAGDALENA;2028;25-29;67953.0;67013.0
MAGDALENA;2028;30-34;57833.0;59283.0
MAGDALENA;2028;35-39;52292.0;53500.0
MAGDALENA;2028;40-44;46577.0;48517.0
MAGDALENA;2028;45-49;42460.0;44862.0
MAGDALENA;2028;50-54;36696.0;38620.0
MAGDALENA;2028;55-59;32564.0;34155.0
MAGDALENA;2028;60-64;28569.0;30598.0
MAGDALENA;2028;65-69;23060.0;25104.0
MAGDALENA;2028;70-74;16086.0;18100.0
MAGDALENA;2028;75-79;10745.0;12581.0
MAGDALENA;2028;80-84;5978.0;7265.0
MAGDALENA;2028;85-89;3013.0;4021.0
MAGDALENA;2028;90-94;1153.0;1782.0
MAGDALENA;2028;95-99;303.0;557.0
MAGDALENA;2028;100+;52.0;87.0
MAGDALENA;2029;0-4;65281.0;62244.0
MAGDALENA;2029;5-9;70689.0;66995.0
MAGDALENA;2029;10-14;75323.0;70912.0
MAGDALENA;2029;15-19;75780.0;70949.0
MAGDALENA;2029;20-24;76060.0;71333.0
MAGDALENA;2029;25-29;69574.0;67850.0
MAGDALENA;2029;30-34;58954.0;60474.0
MAGDALENA;2029;35-39;53466.0;54776.0
MAGDALENA;2029;40-44;47364.0;49149.0
MAGDALENA;2029;45-49;43119.0;45520.0
MAGDALENA;2029;50-54;37593.0;39580.0
MAGDALENA;2029;55-59;32833.0;34555.0
MAGDALENA;2029;60-64;29018.0;31033.0
MAGDALENA;2029;65-69;23756.0;25898.0
MAGDALENA;2029;70-74;16708.0;18809.0
MAGDALENA;2029;75-79;10965.0;12936.0
MAGDALENA;2029;80-84;6251.0;7662.0
MAGDALENA;2029;85-89;3021.0;4047.0
MAGDALENA;2029;90-94;1194.0;1830.0
MAGDALENA;2029;95-99;318.0;566.0
MAGDALENA;2029;100+;49.0;91.0
MAGDALENA;2030;0-4;64165.0;61162.0
MAGDALENA;2030;5-9;69717.0;66141.0
MAGDALENA;2030;10-14;74583.0;70106.0
MAGDALENA;2030;15-19;75175.0;70497.0
MAGDALENA;2030;20-24;75757.0;70916.0
MAGDALENA;2030;25-29;70906.0;68462.0
MAGDALENA;2030;30-34;60411.0;61833.0
MAGDALENA;2030;35-39;54503.0;55885.0
MAGDALENA;2030;40-44;48310.0;49975.0
MAGDALENA;2030;45-49;43719.0;46031.0
MAGDALENA;2030;50-54;38525.0;40684.0
MAGDALENA;2030;55-59;33161.0;34945.0
MAGDALENA;2030;60-64;29443.0;31470.0
MAGDALENA;2030;65-69;24375.0;26611.0
MAGDALENA;2030;70-74;17367.0;19590.0
MAGDALENA;2030;75-79;11202.0;13270.0
MAGDALENA;2030;80-84;6514.0;8094.0
MAGDALENA;2030;85-89;3056.0;4083.0
MAGDALENA;2030;90-94;1222.0;1876.0
MAGDALENA;2030;95-99;314.0;591.0
MAGDALENA;2030;100+;51.0;87.0
MAGDALENA;2031;0-4;63025.0;60080.0
MAGDALENA;2031;5-9;68841.0;65295.0
MAGDALENA;2031;10-14;73642.0;69077.0
MAGDALENA;2031;15-19;74648.0;70123.0
MAGDALENA;2031;20-24;75168.0;70318.0
MAGDALENA;2031;25-29;71852.0;68952.0
MAGDALENA;2031;30-34;62253.0;63284.0
MAGDALENA;2031;35-39;55365.0;56829.0
MAGDALENA;2031;40-44;49390.0;50877.0
MAGDALENA;2031;45-49;44314.0;46569.0
MAGDALENA;2031;50-54;39392.0;41678.0
MAGDALENA;2031;55-59;33571.0;35492.0
MAGDALENA;2031;60-64;29879.0;31866.0
MAGDALENA;2031;65-69;24890.0;27243.0
MAGDALENA;2031;70-74;18055.0;20370.0
MAGDALENA;2031;75-79;11494.0;13643.0
MAGDALENA;2031;80-84;6779.0;8484.0
MAGDALENA;2031;85-89;3121.0;4183.0
MAGDALENA;2031;90-94;1257.0;1932.0
MAGDALENA;2031;95-99;325.0;604.0
MAGDALENA;2031;100+;51.0;91.0
MAGDALENA;2032;0-4;61863.0;58986.0
MAGDALENA;2032;5-9;67910.0;64410.0
MAGDALENA;2032;10-14;72533.0;67989.0
MAGDALENA;2032;15-19;74262.0;69757.0
MAGDALENA;2032;20-24;74329.0;69573.0
MAGDALENA;2032;25-29;72720.0;69323.0
MAGDALENA;2032;30-34;64159.0;64640.0
MAGDALENA;2032;35-39;56118.0;57699.0
MAGDALENA;2032;40-44;50569.0;51957.0
MAGDALENA;2032;45-49;44960.0;47107.0
MAGDALENA;2032;50-54;40143.0;42590.0
MAGDALENA;2032;55-59;34179.0;36226.0
MAGDALENA;2032;60-64;30231.0;32229.0
MAGDALENA;2032;65-69;25353.0;27787.0
MAGDALENA;2032;70-74;18741.0;21123.0
MAGDALENA;2032;75-79;11857.0;14098.0
MAGDALENA;2032;80-84;7000.0;8851.0
MAGDALENA;2032;85-89;3214.0;4343.0
MAGDALENA;2032;90-94;1279.0;1964.0
MAGDALENA;2032;95-99;330.0;610.0
MAGDALENA;2032;100+;51.0;90.0
MAGDALENA;2033;0-4;60681.0;57865.0
MAGDALENA;2033;5-9;66899.0;63457.0
MAGDALENA;2033;10-14;71283.0;66918.0
MAGDALENA;2033;15-19;73989.0;69338.0
MAGDALENA;2033;20-24;73592.0;68930.0
MAGDALENA;2033;25-29;73152.0;69377.0
MAGDALENA;2033;30-34;65951.0;65675.0
MAGDALENA;2033;35-39;56931.0;58741.0
MAGDALENA;2033;40-44;51833.0;53169.0
MAGDALENA;2033;45-49;45580.0;47628.0
MAGDALENA;2033;50-54;40880.0;43393.0
MAGDALENA;2033;55-59;34860.0;37077.0
MAGDALENA;2033;60-64;30535.0;32575.0
MAGDALENA;2033;65-69;25767.0;28265.0
MAGDALENA;2033;70-74;19381.0;21869.0
MAGDALENA;2033;75-79;12297.0;14632.0
MAGDALENA;2033;80-84;7193.0;9170.0
MAGDALENA;2033;85-89;3351.0;4546.0
MAGDALENA;2033;90-94;1300.0;1985.0
MAGDALENA;2033;95-99;351.0;633.0
MAGDALENA;2033;100+;52.0;97.0
MAGDALENA;2034;0-4;59499.0;56726.0
MAGDALENA;2034;5-9;65819.0;62426.0
MAGDALENA;2034;10-14;70455.0;66179.0
MAGDALENA;2034;15-19;73263.0;68541.0
MAGDALENA;2034;20-24;72897.0;68410.0
MAGDALENA;2034;25-29;73236.0;69169.0
MAGDALENA;2034;30-34;67490.0;66488.0
MAGDALENA;2034;35-39;57998.0;59911.0
MAGDALENA;2034;40-44;53006.0;54424.0
MAGDALENA;2034;45-49;46343.0;48230.0
MAGDALENA;2034;50-54;41502.0;44057.0
MAGDALENA;2034;55-59;35719.0;38032.0
MAGDALENA;2034;60-64;30811.0;32969.0
MAGDALENA;2034;65-69;26168.0;28675.0
MAGDALENA;2034;70-74;20001.0;22569.0
MAGDALENA;2034;75-79;12807.0;15226.0
MAGDALENA;2034;80-84;7367.0;9446.0
MAGDALENA;2034;85-89;3515.0;4788.0
MAGDALENA;2034;90-94;1316.0;2010.0
MAGDALENA;2034;95-99;358.0;657.0
MAGDALENA;2034;100+;52.0;102.0
MAGDALENA;2035;0-4;58323.0;55604.0
MAGDALENA;2035;5-9;64697.0;61354.0
MAGDALENA;2035;10-14;69490.0;65313.0
MAGDALENA;2035;15-19;72524.0;67740.0
MAGDALENA;2035;20-24;72334.0;67974.0
MAGDALENA;2035;25-29;72982.0;68799.0
MAGDALENA;2035;30-34;68775.0;67082.0
MAGDALENA;2035;35-39;59391.0;61199.0
MAGDALENA;2035;40-44;54051.0;55525.0
MAGDALENA;2035;45-49;47284.0;49047.0
MAGDALENA;2035;50-54;42088.0;44556.0
MAGDALENA;2035;55-59;36627.0;39077.0
MAGDALENA;2035;60-64;31105.0;33338.0
MAGDALENA;2035;65-69;26578.0;29096.0
MAGDALENA;2035;70-74;20527.0;23190.0
MAGDALENA;2035;75-79;13325.0;15855.0
MAGDALENA;2035;80-84;7543.0;9703.0
MAGDALENA;2035;85-89;3667.0;5081.0
MAGDALENA;2035;90-94;1319.0;2034.0
MAGDALENA;2035;95-99;379.0;684.0
MAGDALENA;2035;100+;52.0;101.0
MAGDALENA;2036;0-4;57139.0;54487.0
MAGDALENA;2036;5-9;63554.0;60300.0
MAGDALENA;2036;10-14;68611.0;64491.0
MAGDALENA;2036;15-19;71605.0;66755.0
MAGDALENA;2036;20-24;71837.0;67603.0
MAGDALENA;2036;25-29;72457.0;68237.0
MAGDALENA;2036;30-34;69688.0;67553.0
MAGDALENA;2036;35-39;61174.0;62621.0
MAGDALENA;2036;40-44;54906.0;56467.0
MAGDALENA;2036;45-49;48335.0;49957.0
MAGDALENA;2036;50-54;42663.0;45075.0
MAGDALENA;2036;55-59;37445.0;40049.0
MAGDALENA;2036;60-64;31518.0;33884.0
MAGDALENA;2036;65-69;26968.0;29467.0
MAGDALENA;2036;70-74;20970.0;23771.0
MAGDALENA;2036;75-79;13873.0;16504.0
MAGDALENA;2036;80-84;7766.0;9996.0
MAGDALENA;2036;85-89;3822.0;5345.0
MAGDALENA;2036;90-94;1357.0;2090.0
MAGDALENA;2036;95-99;385.0;693.0
MAGDALENA;2036;100+;56.0;103.0
MAGDALENA;2037;0-4;55970.0;53361.0
MAGDALENA;2037;5-9;62400.0;59197.0
MAGDALENA;2037;10-14;67687.0;63610.0
MAGDALENA;2037;15-19;70542.0;65711.0
MAGDALENA;2037;20-24;71468.0;67259.0
MAGDALENA;2037;25-29;71674.0;67550.0
MAGDALENA;2037;30-34;70524.0;67927.0
MAGDALENA;2037;35-39;63011.0;63945.0
MAGDALENA;2037;40-44;55648.0;57339.0
MAGDALENA;2037;45-49;49494.0;51021.0
MAGDALENA;2037;50-54;43278.0;45599.0
MAGDALENA;2037;55-59;38168.0;40937.0
MAGDALENA;2037;60-64;32076.0;34572.0
MAGDALENA;2037;65-69;27281.0;29798.0
MAGDALENA;2037;70-74;21374.0;24270.0
MAGDALENA;2037;75-79;14411.0;17135.0
MAGDALENA;2037;80-84;8045.0;10336.0
MAGDALENA;2037;85-89;3972.0;5582.0
MAGDALENA;2037;90-94;1420.0;2183.0
MAGDALENA;2037;95-99;398.0;716.0
MAGDALENA;2037;100+;59.0;103.0
MAGDALENA;2038;0-4;54804.0;52271.0
MAGDALENA;2038;5-9;61226.0;58090.0
MAGDALENA;2038;10-14;66693.0;62664.0
MAGDALENA;2038;15-19;69357.0;64703.0
MAGDALENA;2038;20-24;71226.0;66863.0
MAGDALENA;2038;25-29;71016.0;66961.0
MAGDALENA;2038;30-34;70967.0;68025.0
MAGDALENA;2038;35-39;64767.0;64974.0
MAGDALENA;2038;40-44;56464.0;58372.0
MAGDALENA;2038;45-49;50740.0;52217.0
MAGDALENA;2038;50-54;43893.0;46118.0
MAGDALENA;2038;55-59;38872.0;41729.0
MAGDALENA;2038;60-64;32744.0;35404.0
MAGDALENA;2038;65-69;27576.0;30141.0
MAGDALENA;2038;70-74;21743.0;24693.0
MAGDALENA;2038;75-79;14923.0;17750.0
MAGDALENA;2038;80-84;8363.0;10750.0
MAGDALENA;2038;85-89;4106.0;5785.0
MAGDALENA;2038;90-94;1476.0;2291.0
MAGDALENA;2038;95-99;418.0;738.0
MAGDALENA;2038;100+;63.0;108.0
MAGDALENA;2039;0-4;53661.0;51179.0
MAGDALENA;2039;5-9;60043.0;56949.0
MAGDALENA;2039;10-14;65618.0;61678.0
MAGDALENA;2039;15-19;68553.0;63979.0
MAGDALENA;2039;20-24;70558.0;66118.0
MAGDALENA;2039;25-29;70406.0;66474.0
MAGDALENA;2039;30-34;71100.0;67872.0
MAGDALENA;2039;35-39;66259.0;65775.0
MAGDALENA;2039;40-44;57502.0;59527.0
MAGDALENA;2039;45-49;51878.0;53450.0
MAGDALENA;2039;50-54;44642.0;46709.0
MAGDALENA;2039;55-59;39494.0;42364.0
MAGDALENA;2039;60-64;33541.0;36330.0
MAGDALENA;2039;65-69;27829.0;30505.0
MAGDALENA;2039;70-74;22105.0;25072.0
MAGDALENA;2039;75-79;15422.0;18340.0
MAGDALENA;2039;80-84;8724.0;11209.0
MAGDALENA;2039;85-89;4209.0;5965.0
MAGDALENA;2039;90-94;1558.0;2430.0
MAGDALENA;2039;95-99;406.0;728.0
MAGDALENA;2039;100+;60.0;119.0
MAGDALENA;2040;0-4;52518.0;50107.0
MAGDALENA;2040;5-9;58870.0;55849.0
MAGDALENA;2040;10-14;64523.0;60629.0
MAGDALENA;2040;15-19;67665.0;63166.0
MAGDALENA;2040;20-24;69891.0;65376.0
MAGDALENA;2040;25-29;69897.0;66076.0
MAGDALENA;2040;30-34;70907.0;67531.0
MAGDALENA;2040;35-39;67525.0;66379.0
MAGDALENA;2040;40-44;58873.0;60795.0
MAGDALENA;2040;45-49;52920.0;54548.0
MAGDALENA;2040;50-54;45544.0;47526.0
MAGDALENA;2040;55-59;40038.0;42865.0
MAGDALENA;2040;60-64;34399.0;37336.0
MAGDALENA;2040;65-69;28102.0;30867.0
MAGDALENA;2040;70-74;22461.0;25445.0
MAGDALENA;2040;75-79;15846.0;18862.0
MAGDALENA;2040;80-84;9113.0;11675.0
MAGDALENA;2040;85-89;4319.0;6137.0
MAGDALENA;2040;90-94;1653.0;2580.0
MAGDALENA;2040;95-99;423.0;756.0
MAGDALENA;2040;100+;65.0;122.0
MAGDALENA;2041;0-4;51448.0;49072.0
MAGDALENA;2041;5-9;57700.0;54747.0
MAGDALENA;2041;10-14;63395.0;59592.0
MAGDALENA;2041;15-19;66817.0;62384.0
MAGDALENA;2041;20-24;69048.0;64459.0
MAGDALENA;2041;25-29;69477.0;65748.0
MAGDALENA;2041;30-34;70439.0;67034.0
MAGDALENA;2041;35-39;68454.0;66871.0
MAGDALENA;2041;40-44;60621.0;62196.0
MAGDALENA;2041;45-49;53765.0;55492.0
MAGDALENA;2041;50-54;46568.0;48398.0
MAGDALENA;2041;55-59;40603.0;43390.0
MAGDALENA;2041;60-64;35191.0;38275.0
MAGDALENA;2041;65-69;28478.0;31380.0
MAGDALENA;2041;70-74;22789.0;25787.0
MAGDALENA;2041;75-79;16211.0;19343.0
MAGDALENA;2041;80-84;9485.0;12177.0
MAGDALENA;2041;85-89;4472.0;6345.0
MAGDALENA;2041;90-94;1712.0;2718.0
MAGDALENA;2041;95-99;436.0;782.0
MAGDALENA;2041;100+;73.0;128.0
MAGDALENA;2042;0-4;50383.0;48063.0
MAGDALENA;2042;5-9;56530.0;53646.0
MAGDALENA;2042;10-14;62261.0;58526.0
MAGDALENA;2042;15-19;65944.0;61567.0
MAGDALENA;2042;20-24;68055.0;63487.0
MAGDALENA;2042;25-29;69162.0;65453.0
MAGDALENA;2042;30-34;69754.0;66412.0
MAGDALENA;2042;35-39;69278.0;67272.0
MAGDALENA;2042;40-44;62441.0;63529.0
MAGDALENA;2042;45-49;54499.0;56352.0
MAGDALENA;2042;50-54;47687.0;49459.0
MAGDALENA;2042;55-59;41184.0;43885.0
MAGDALENA;2042;60-64;35869.0;39137.0
MAGDALENA;2042;65-69;29026.0;32028.0
MAGDALENA;2042;70-74;23090.0;26095.0
MAGDALENA;2042;75-79;16559.0;19761.0
MAGDALENA;2042;80-84;9882.0;12656.0
MAGDALENA;2042;85-89;4640.0;6591.0
MAGDALENA;2042;90-94;1794.0;2848.0
MAGDALENA;2042;95-99;458.0;815.0
MAGDALENA;2042;100+;75.0;130.0
SUCRE;2018;0-4;44261.0;42383.0
SUCRE;2018;5-9;45608.0;42764.0
SUCRE;2018;10-14;46771.0;44090.0
SUCRE;2018;15-19;45055.0;41757.0
SUCRE;2018;20-24;37207.0;36230.0
SUCRE;2018;25-29;32545.0;33452.0
SUCRE;2018;30-34;29004.0;30590.0
SUCRE;2018;35-39;27594.0;28876.0
SUCRE;2018;40-44;25471.0;26039.0
SUCRE;2018;45-49;24632.0;24845.0
SUCRE;2018;50-54;23325.0;22868.0
SUCRE;2018;55-59;19811.0;19730.0
SUCRE;2018;60-64;15626.0;16111.0
SUCRE;2018;65-69;13131.0;13322.0
SUCRE;2018;70-74;9779.0;9803.0
SUCRE;2018;75-79;7086.0;7229.0
SUCRE;2018;80-84;4485.0;4978.0
SUCRE;2018;85-89;2377.0;2815.0
SUCRE;2018;90-94;1010.0;1238.0
SUCRE;2018;95-99;282.0;431.0
SUCRE;2018;100+;107.0;132.0
SUCRE;2019;0-4;44765.0;42954.0
SUCRE;2019;5-9;45966.0;43173.0
SUCRE;2019;10-14;47198.0;44466.0
SUCRE;2019;15-19;46532.0;43367.0
SUCRE;2019;20-24;38943.0;37545.0
SUCRE;2019;25-29;33984.0;34904.0
SUCRE;2019;30-34;29960.0;31492.0
SUCRE;2019;35-39;28171.0;29619.0
SUCRE;2019;40-44;26225.0;26848.0
SUCRE;2019;45-49;24801.0;25138.0
SUCRE;2019;50-54;23927.0;23607.0
SUCRE;2019;55-59;20649.0;20408.0
SUCRE;2019;60-64;16364.0;16870.0
SUCRE;2019;65-69;13281.0;13719.0
SUCRE;2019;70-74;10233.0;10355.0
SUCRE;2019;75-79;7078.0;7351.0
SUCRE;2019;80-84;4636.0;5219.0
SUCRE;2019;85-89;2391.0;2944.0
SUCRE;2019;90-94;1017.0;1320.0
SUCRE;2019;95-99;293.0;461.0
SUCRE;2019;100+;81.0;107.0
SUCRE;2020;0-4;45402.0;43629.0
SUCRE;2020;5-9;46446.0;43779.0
SUCRE;2020;10-14;47641.0;44822.0
SUCRE;2020;15-19;47684.0;44742.0
SUCRE;2020;20-24;41083.0;39161.0
SUCRE;2020;25-29;35446.0;36352.0
SUCRE;2020;30-34;31133.0;32637.0
SUCRE;2020;35-39;28812.0;30360.0
SUCRE;2020;40-44;27006.0;27808.0
SUCRE;2020;45-49;25053.0;25456.0
SUCRE;2020;50-54;24441.0;24351.0
SUCRE;2020;55-59;21517.0;21094.0
SUCRE;2020;60-64;17184.0;17659.0
SUCRE;2020;65-69;13467.0;14117.0
SUCRE;2020;70-74;10675.0;10919.0
SUCRE;2020;75-79;7149.0;7541.0
SUCRE;2020;80-84;4771.0;5457.0
SUCRE;2020;85-89;2428.0;3087.0
SUCRE;2020;90-94;1014.0;1404.0
SUCRE;2020;95-99;298.0;473.0
SUCRE;2020;100+;60.0;96.0
SUCRE;2021;0-4;45610.0;43800.0
SUCRE;2021;5-9;46584.0;44165.0
SUCRE;2021;10-14;47795.0;44884.0
SUCRE;2021;15-19;48268.0;45425.0
SUCRE;2021;20-24;43074.0;40801.0
SUCRE;2021;25-29;36628.0;37292.0
SUCRE;2021;30-34;32178.0;33628.0
SUCRE;2021;35-39;29323.0;30977.0
SUCRE;2021;40-44;27587.0;28581.0
SUCRE;2021;45-49;25293.0;25807.0
SUCRE;2021;50-54;24788.0;24891.0
SUCRE;2021;55-59;22179.0;21767.0
SUCRE;2021;60-64;17923.0;18394.0
SUCRE;2021;65-69;13716.0;14520.0
SUCRE;2021;70-74;10987.0;11409.0
SUCRE;2021;75-79;7223.0;7773.0
SUCRE;2021;80-84;4842.0;5618.0
SUCRE;2021;85-89;2419.0;3205.0
SUCRE;2021;90-94;987.0;1465.0
SUCRE;2021;95-99;279.0;480.0
SUCRE;2021;100+;51.0;88.0
SUCRE;2022;0-4;45552.0;43669.0
SUCRE;2022;5-9;46634.0;44445.0
SUCRE;2022;10-14;47766.0;44842.0
SUCRE;2022;15-19;48580.0;45720.0
SUCRE;2022;20-24;44847.0;42415.0
SUCRE;2022;25-29;37658.0;38020.0
SUCRE;2022;30-34;33226.0;34544.0
SUCRE;2022;35-39;29817.0;31542.0
SUCRE;2022;40-44;27987.0;29264.0
SUCRE;2022;45-49;25640.0;26252.0
SUCRE;2022;50-54;24977.0;25246.0
SUCRE;2022;55-59;22807.0;22422.0
SUCRE;2022;60-64;18592.0;19052.0
SUCRE;2022;65-69;14064.0;15036.0
SUCRE;2022;70-74;11199.0;11855.0
SUCRE;2022;75-79;7375.0;8084.0
SUCRE;2022;80-84;4834.0;5713.0
SUCRE;2022;85-89;2436.0;3338.0
SUCRE;2022;90-94;948.0;1524.0
SUCRE;2022;95-99;253.0;490.0
SUCRE;2022;100+;40.0;77.0
SUCRE;2023;0-4;45361.0;43484.0
SUCRE;2023;5-9;46690.0;44626.0
SUCRE;2023;10-14;47742.0;44785.0
SUCRE;2023;15-19;48750.0;45837.0
SUCRE;2023;20-24;46232.0;43826.0
SUCRE;2023;25-29;38773.0;38783.0
SUCRE;2023;30-34;34316.0;35562.0
SUCRE;2023;35-39;30320.0;32058.0
SUCRE;2023;40-44;28390.0;29858.0
SUCRE;2023;45-49;26074.0;26827.0
SUCRE;2023;50-54;25076.0;25456.0
SUCRE;2023;55-59;23341.0;23132.0
SUCRE;2023;60-64;19292.0;19646.0
SUCRE;2023;65-69;14580.0;15650.0
SUCRE;2023;70-74;11325.0;12248.0
SUCRE;2023;75-79;7642.0;8495.0
SUCRE;2023;80-84;4815.0;5794.0
SUCRE;2023;85-89;2481.0;3501.0
SUCRE;2023;90-94;940.0;1586.0
SUCRE;2023;95-99;253.0;510.0
SUCRE;2023;100+;41.0;78.0
SUCRE;2024;0-4;45168.0;43300.0
SUCRE;2024;5-9;46710.0;44721.0
SUCRE;2024;10-14;47714.0;44823.0
SUCRE;2024;15-19;48817.0;45870.0
SUCRE;2024;20-24;47319.0;44966.0
SUCRE;2024;25-29;40091.0;39630.0
SUCRE;2024;30-34;35419.0;36622.0
SUCRE;2024;35-39;30971.0;32645.0
SUCRE;2024;40-44;28741.0;30393.0
SUCRE;2024;45-49;26643.0;27476.0
SUCRE;2024;50-54;25110.0;25622.0
SUCRE;2024;55-59;23845.0;23768.0
SUCRE;2024;60-64;20018.0;20237.0
SUCRE;2024;65-69;15229.0;16324.0
SUCRE;2024;70-74;11446.0;12574.0
SUCRE;2024;75-79;8003.0;8945.0
SUCRE;2024;80-84;4823.0;5875.0
SUCRE;2024;85-89;2571.0;3651.0
SUCRE;2024;90-94;953.0;1640.0
SUCRE;2024;95-99;261.0;525.0
SUCRE;2024;100+;36.0;80.0
SUCRE;2025;0-4;44860.0;43000.0
SUCRE;2025;5-9;46680.0;44764.0
SUCRE;2025;10-14;47646.0;44896.0
SUCRE;2025;15-19;48814.0;45789.0
SUCRE;2025;20-24;48005.0;45789.0
SUCRE;2025;25-29;41695.0;40634.0
SUCRE;2025;30-34;36426.0;37526.0
SUCRE;2025;35-39;31767.0;33366.0
SUCRE;2025;40-44;29079.0;30811.0
SUCRE;2025;45-49;27193.0;28219.0
SUCRE;2025;50-54;25183.0;25787.0
SUCRE;2025;55-59;24203.0;24367.0
SUCRE;2025;60-64;20764.0;20816.0
SUCRE;2025;65-69;15911.0;17010.0
SUCRE;2025;70-74;11569.0;12898.0
SUCRE;2025;75-79;8324.0;9384.0
SUCRE;2025;80-84;4875.0;5998.0
SUCRE;2025;85-89;2652.0;3801.0
SUCRE;2025;90-94;967.0;1712.0
SUCRE;2025;95-99;257.0;548.0
SUCRE;2025;100+;37.0;80.0
SUCRE;2026;0-4;44455.0;42621.0
SUCRE;2026;5-9;46519.0;44578.0
SUCRE;2026;10-14;47517.0;45016.0
SUCRE;2026;15-19;48703.0;45620.0
SUCRE;2026;20-24;48340.0;46183.0
SUCRE;2026;25-29;43370.0;41897.0
SUCRE;2026;30-34;37346.0;38181.0
SUCRE;2026;35-39;32604.0;34125.0
SUCRE;2026;40-44;29430.0;31252.0
SUCRE;2026;45-49;27667.0;28871.0
SUCRE;2026;50-54;25331.0;26054.0
SUCRE;2026;55-59;24501.0;24838.0
SUCRE;2026;60-64;21372.0;21427.0
SUCRE;2026;65-69;16595.0;17674.0
SUCRE;2026;70-74;11819.0;13247.0
SUCRE;2026;75-79;8610.0;9813.0
SUCRE;2026;80-84;4960.0;6179.0
SUCRE;2026;85-89;2716.0;3905.0
SUCRE;2026;90-94;985.0;1780.0
SUCRE;2026;95-99;254.0;577.0
SUCRE;2026;100+;36.0;84.0
SUCRE;2027;0-4;44014.0;42192.0
SUCRE;2027;5-9;46265.0;44253.0
SUCRE;2027;10-14;47392.0;45133.0
SUCRE;2027;15-19;48540.0;45425.0
SUCRE;2027;20-24;48528.0;46324.0
SUCRE;2027;25-29;44949.0;43276.0
SUCRE;2027;30-34;38235.0;38762.0
SUCRE;2027;35-39;33531.0;34923.0
SUCRE;2027;40-44;29823.0;31729.0
SUCRE;2027;45-49;28022.0;29491.0
SUCRE;2027;50-54;25664.0;26454.0
SUCRE;2027;55-59;24662.0;25167.0
SUCRE;2027;60-64;21988.0;22056.0
SUCRE;2027;65-69;17241.0;18301.0
SUCRE;2027;70-74;12153.0;13712.0
SUCRE;2027;75-79;8834.0;10187.0
SUCRE;2027;80-84;5130.0;6427.0
SUCRE;2027;85-89;2752.0;3970.0
SUCRE;2027;90-94;1023.0;1853.0
SUCRE;2027;95-99;262.0;589.0
SUCRE;2027;100+;35.0;83.0
SUCRE;2028;0-4;43503.0;41704.0
SUCRE;2028;5-9;45908.0;43925.0
SUCRE;2028;10-14;47345.0;45182.0
SUCRE;2028;15-19;48416.0;45263.0
SUCRE;2028;20-24;48602.0;46320.0
SUCRE;2028;25-29;46206.0;44502.0
SUCRE;2028;30-34;39226.0;39387.0
SUCRE;2028;35-39;34547.0;35851.0
SUCRE;2028;40-44;30273.0;32177.0
SUCRE;2028;45-49;28394.0;30056.0
SUCRE;2028;50-54;26059.0;26982.0
SUCRE;2028;55-59;24744.0;25344.0
SUCRE;2028;60-64;22505.0;22722.0
SUCRE;2028;65-69;17907.0;18845.0
SUCRE;2028;70-74;12644.0;14252.0
SUCRE;2028;75-79;8977.0;10518.0
SUCRE;2028;80-84;5350.0;6751.0
SUCRE;2028;85-89;2772.0;4010.0
SUCRE;2028;90-94;1057.0;1924.0
SUCRE;2028;95-99;262.0;607.0
SUCRE;2028;100+;38.0;86.0
SUCRE;2029;0-4;42940.0;41165.0
SUCRE;2029;5-9;45561.0;43590.0
SUCRE;2029;10-14;47222.0;45159.0
SUCRE;2029;15-19;48277.0;45187.0
SUCRE;2029;20-24;48580.0;46229.0
SUCRE;2029;25-29;47167.0;45472.0
SUCRE;2029;30-34;40385.0;40090.0
SUCRE;2029;35-39;35540.0;36800.0
SUCRE;2029;40-44;30846.0;32688.0
SUCRE;2029;45-49;28693.0;30528.0
SUCRE;2029;50-54;26603.0;27606.0
SUCRE;2029;55-59;24759.0;25480.0
SUCRE;2029;60-64;22961.0;23323.0
SUCRE;2029;65-69;18590.0;19412.0
SUCRE;2029;70-74;13199.0;14863.0
SUCRE;2029;75-79;9086.0;10790.0
SUCRE;2029;80-84;5630.0;7104.0
SUCRE;2029;85-89;2793.0;4065.0
SUCRE;2029;90-94;1106.0;2008.0
SUCRE;2029;95-99;257.0;629.0
SUCRE;2029;100+;37.0;86.0
SUCRE;2030;0-4;42350.0;40595.0
SUCRE;2030;5-9;45123.0;43168.0
SUCRE;2030;10-14;47086.0;45087.0
SUCRE;2030;15-19;48126.0;45189.0
SUCRE;2030;20-24;48494.0;46065.0
SUCRE;2030;25-29;47750.0;46171.0
SUCRE;2030;30-34;41835.0;40973.0
SUCRE;2030;35-39;36462.0;37635.0
SUCRE;2030;40-44;31560.0;33343.0
SUCRE;2030;45-49;28975.0;30905.0
SUCRE;2030;50-54;27119.0;28315.0
SUCRE;2030;55-59;24808.0;25619.0
SUCRE;2030;60-64;23308.0;23883.0
SUCRE;2030;65-69;19277.0;19952.0
SUCRE;2030;70-74;13812.0;15491.0
SUCRE;2030;75-79;9204.0;11066.0
SUCRE;2030;80-84;5875.0;7467.0
SUCRE;2030;85-89;2837.0;4160.0
SUCRE;2030;90-94;1148.0;2079.0
SUCRE;2030;95-99;265.0;659.0
SUCRE;2030;100+;35.0;90.0
SUCRE;2031;0-4;41735.0;40005.0
SUCRE;2031;5-9;44681.0;42745.0
SUCRE;2031;10-14;46877.0;44864.0
SUCRE;2031;15-19;47961.0;45267.0
SUCRE;2031;20-24;48376.0;45866.0
SUCRE;2031;25-29;48075.0;46537.0
SUCRE;2031;30-34;43435.0;42160.0
SUCRE;2031;35-39;37351.0;38256.0
SUCRE;2031;40-44;32370.0;34075.0
SUCRE;2031;45-49;29306.0;31333.0
SUCRE;2031;50-54;27593.0;28964.0
SUCRE;2031;55-59;24952.0;25874.0
SUCRE;2031;60-64;23582.0;24335.0
SUCRE;2031;65-69;19857.0;20545.0
SUCRE;2031;70-74;14425.0;16105.0
SUCRE;2031;75-79;9416.0;11380.0
SUCRE;2031;80-84;6088.0;7793.0
SUCRE;2031;85-89;2906.0;4299.0
SUCRE;2031;90-94;1178.0;2140.0
SUCRE;2031;95-99;280.0;682.0
SUCRE;2031;100+;34.0;93.0
SUCRE;2032;0-4;41114.0;39399.0
SUCRE;2032;5-9;44208.0;42278.0
SUCRE;2032;10-14;46611.0;44528.0
SUCRE;2032;15-19;47832.0;45355.0
SUCRE;2032;20-24;48203.0;45663.0
SUCRE;2032;25-29;48251.0;46645.0
SUCRE;2032;30-34;44970.0;43490.0
SUCRE;2032;35-39;38189.0;38820.0
SUCRE;2032;40-44;33279.0;34873.0
SUCRE;2032;45-49;29685.0;31796.0
SUCRE;2032;50-54;27936.0;29586.0
SUCRE;2032;55-59;25266.0;26265.0
SUCRE;2032;60-64;23746.0;24655.0
SUCRE;2032;65-69;20412.0;21130.0
SUCRE;2032;70-74;15001.0;16670.0
SUCRE;2032;75-79;9717.0;11790.0
SUCRE;2032;80-84;6263.0;8109.0
SUCRE;2032;85-89;3029.0;4478.0
SUCRE;2032;90-94;1201.0;2175.0
SUCRE;2032;95-99;283.0;696.0
SUCRE;2032;100+;37.0;94.0
SUCRE;2033;0-4;40487.0;38808.0
SUCRE;2033;5-9;43682.0;41773.0
SUCRE;2033;10-14;46224.0;44165.0
SUCRE;2033;15-19;47764.0;45395.0
SUCRE;2033;20-24;48070.0;45502.0
SUCRE;2033;25-29;48323.0;46637.0
SUCRE;2033;30-34;46189.0;44661.0
SUCRE;2033;35-39;39127.0;39430.0
SUCRE;2033;40-44;34263.0;35758.0
SUCRE;2033;45-49;30115.0;32223.0
SUCRE;2033;50-54;28300.0;30138.0
SUCRE;2033;55-59;25677.0;26796.0
SUCRE;2033;60-64;23830.0;24825.0
SUCRE;2033;65-69;20918.0;21774.0
SUCRE;2033;70-74;15601.0;17178.0
SUCRE;2033;75-79;10133.0;12272.0
SUCRE;2033;80-84;6381.0;8369.0
SUCRE;2033;85-89;3181.0;4704.0
SUCRE;2033;90-94;1218.0;2194.0
SUCRE;2033;95-99;297.0;734.0
SUCRE;2033;100+;38.0;101.0
SUCRE;2034;0-4;39863.0;38199.0
SUCRE;2034;5-9;43089.0;41215.0
SUCRE;2034;10-14;45871.0;43817.0
SUCRE;2034;15-19;47634.0;45349.0
SUCRE;2034;20-24;47928.0;45416.0
SUCRE;2034;25-29;48302.0;46558.0
SUCRE;2034;30-34;47107.0;45594.0
SUCRE;2034;35-39;40246.0;40109.0
SUCRE;2034;40-44;35242.0;36706.0
SUCRE;2034;45-49;30683.0;32726.0
SUCRE;2034;50-54;28590.0;30605.0
SUCRE;2034;55-59;26202.0;27411.0
SUCRE;2034;60-64;23854.0;24955.0
SUCRE;2034;65-69;21349.0;22347.0
SUCRE;2034;70-74;16216.0;17694.0
SUCRE;2034;75-79;10605.0;12797.0
SUCRE;2034;80-84;6471.0;8605.0
SUCRE;2034;85-89;3343.0;4957.0
SUCRE;2034;90-94;1235.0;2235.0
SUCRE;2034;95-99;319.0;756.0
SUCRE;2034;100+;38.0;103.0
SUCRE;2035;0-4;39242.0;37599.0
SUCRE;2035;5-9;42484.0;40621.0
SUCRE;2035;10-14;45416.0;43386.0
SUCRE;2035;15-19;47498.0;45272.0
SUCRE;2035;20-24;47797.0;45410.0
SUCRE;2035;25-29;48228.0;46399.0
SUCRE;2035;30-34;47696.0;46273.0
SUCRE;2035;35-39;41642.0;40967.0
SUCRE;2035;40-44;36125.0;37538.0
SUCRE;2035;45-49;31393.0;33384.0
SUCRE;2035;50-54;28876.0;30977.0
SUCRE;2035;55-59;26722.0;28118.0
SUCRE;2035;60-64;23907.0;25096.0
SUCRE;2035;65-69;21689.0;22893.0
SUCRE;2035;70-74;16826.0;18196.0
SUCRE;2035;75-79;11117.0;13343.0
SUCRE;2035;80-84;6569.0;8828.0
SUCRE;2035;85-89;3510.0;5205.0
SUCRE;2035;90-94;1262.0;2291.0
SUCRE;2035;95-99;341.0;785.0
SUCRE;2035;100+;37.0;108.0
SUCRE;2036;0-4;38613.0;37005.0
SUCRE;2036;5-9;41860.0;40027.0
SUCRE;2036;10-14;44958.0;42944.0
SUCRE;2036;15-19;47286.0;45045.0
SUCRE;2036;20-24;47637.0;45477.0
SUCRE;2036;25-29;48106.0;46191.0
SUCRE;2036;30-34;48011.0;46626.0
SUCRE;2036;35-39;43183.0;42118.0
SUCRE;2036;40-44;36977.0;38154.0
SUCRE;2036;45-49;32168.0;34101.0
SUCRE;2036;50-54;29196.0;31406.0
SUCRE;2036;55-59;27184.0;28753.0
SUCRE;2036;60-64;24055.0;25345.0
SUCRE;2036;65-69;21945.0;23317.0
SUCRE;2036;70-74;17346.0;18748.0
SUCRE;2036;75-79;11623.0;13879.0
SUCRE;2036;80-84;6763.0;9084.0
SUCRE;2036;85-89;3657.0;5448.0
SUCRE;2036;90-94;1310.0;2373.0
SUCRE;2036;95-99;345.0;806.0
SUCRE;2036;100+;38.0;112.0
SUCRE;2037;0-4;38024.0;36424.0
SUCRE;2037;5-9;41228.0;39420.0
SUCRE;2037;10-14;44479.0;42484.0
SUCRE;2037;15-19;47009.0;44700.0
SUCRE;2037;20-24;47517.0;45571.0
SUCRE;2037;25-29;47949.0;45988.0
SUCRE;2037;30-34;48193.0;46749.0
SUCRE;2037;35-39;44654.0;43406.0
SUCRE;2037;40-44;37794.0;38700.0
SUCRE;2037;45-49;33051.0;34884.0
SUCRE;2037;50-54;29563.0;31860.0
SUCRE;2037;55-59;27529.0;29370.0
SUCRE;2037;60-64;24356.0;25726.0
SUCRE;2037;65-69;22116.0;23624.0
SUCRE;2037;70-74;17872.0;19294.0
SUCRE;2037;75-79;12110.0;14380.0
SUCRE;2037;80-84;7011.0;9423.0
SUCRE;2037;85-89;3769.0;5660.0
SUCRE;2037;90-94;1375.0;2476.0
SUCRE;2037;95-99;356.0;814.0
SUCRE;2037;100+;40.0;115.0
SUCRE;2038;0-4;37425.0;35853.0
SUCRE;2038;5-9;40584.0;38805.0
SUCRE;2038;10-14;43926.0;41965.0
SUCRE;2038;15-19;46649.0;44355.0
SUCRE;2038;20-24;47456.0;45612.0
SUCRE;2038;25-29;47821.0;45830.0
SUCRE;2038;30-34;48269.0;46749.0
SUCRE;2038;35-39;45848.0;44537.0
SUCRE;2038;40-44;38696.0;39296.0
SUCRE;2038;45-49;34018.0;35784.0
SUCRE;2038;50-54;29993.0;32295.0
SUCRE;2038;55-59;27888.0;29917.0
SUCRE;2038;60-64;24746.0;26257.0
SUCRE;2038;65-69;22199.0;23797.0
SUCRE;2038;70-74;18314.0;19880.0
SUCRE;2038;75-79;12613.0;14826.0
SUCRE;2038;80-84;7325.0;9817.0
SUCRE;2038;85-89;3863.0;5842.0
SUCRE;2038;90-94;1452.0;2597.0
SUCRE;2038;95-99;360.0;824.0
SUCRE;2038;100+;40.0;122.0
SUCRE;2039;0-4;36834.0;35284.0
SUCRE;2039;5-9;39948.0;38191.0
SUCRE;2039;10-14;43347.0;41399.0
SUCRE;2039;15-19;46280.0;44010.0
SUCRE;2039;20-24;47346.0;45574.0
SUCRE;2039;25-29;47694.0;45757.0
SUCRE;2039;30-34;48253.0;46667.0
SUCRE;2039;35-39;46747.0;45461.0
SUCRE;2039;40-44;39760.0;39970.0
SUCRE;2039;45-49;34981.0;36717.0
SUCRE;2039;50-54;30532.0;32790.0
SUCRE;2039;55-59;28181.0;30389.0
SUCRE;2039;60-64;25274.0;26855.0
SUCRE;2039;65-69;22241.0;23926.0
SUCRE;2039;70-74;18714.0;20410.0
SUCRE;2039;75-79;13142.0;15276.0
SUCRE;2039;80-84;7703.0;10245.0
SUCRE;2039;85-89;3926.0;6004.0
SUCRE;2039;90-94;1538.0;2737.0
SUCRE;2039;95-99;369.0;839.0
SUCRE;2039;100+;43.0;125.0
SUCRE;2040;0-4;36248.0;34733.0
SUCRE;2040;5-9;39321.0;37591.0
SUCRE;2040;10-14;42727.0;40810.0
SUCRE;2040;15-19;45830.0;43586.0
SUCRE;2040;20-24;47222.0;45506.0
SUCRE;2040;25-29;47561.0;45760.0
SUCRE;2040;30-34;48183.0;46514.0
SUCRE;2040;35-39;47327.0;46133.0
SUCRE;2040;40-44;41096.0;40808.0
SUCRE;2040;45-49;35837.0;37547.0
SUCRE;2040;50-54;31231.0;33433.0
SUCRE;2040;55-59;28463.0;30752.0
SUCRE;2040;60-64;25780.0;27552.0
SUCRE;2040;65-69;22306.0;24062.0
SUCRE;2040;70-74;19032.0;20916.0
SUCRE;2040;75-79;13665.0;15724.0
SUCRE;2040;80-84;8090.0;10700.0
SUCRE;2040;85-89;4018.0;6174.0
SUCRE;2040;90-94;1621.0;2879.0
SUCRE;2040;95-99;372.0;862.0
SUCRE;2040;100+;50.0;135.0
SUCRE;2041;0-4;35690.0;34192.0
SUCRE;2041;5-9;38698.0;36990.0
SUCRE;2041;10-14;42107.0;40219.0
SUCRE;2041;15-19;45391.0;43169.0
SUCRE;2041;20-24;47040.0;45296.0
SUCRE;2041;25-29;47424.0;45841.0
SUCRE;2041;30-34;48066.0;46330.0
SUCRE;2041;35-39;47639.0;46495.0
SUCRE;2041;40-44;42588.0;41941.0
SUCRE;2041;45-49;36665.0;38169.0
SUCRE;2041;50-54;31997.0;34165.0
SUCRE;2041;55-59;28780.0;31164.0
SUCRE;2041;60-64;26232.0;28186.0
SUCRE;2041;65-69;22453.0;24312.0
SUCRE;2041;70-74;19279.0;21314.0
SUCRE;2041;75-79;14107.0;16210.0
SUCRE;2041;80-84;8478.0;11135.0
SUCRE;2041;85-89;4145.0;6367.0
SUCRE;2041;90-94;1685.0;3019.0
SUCRE;2041;95-99;394.0;895.0
SUCRE;2041;100+;51.0;136.0
SUCRE;2042;0-4;35129.0;33648.0
SUCRE;2042;5-9;38084.0;36396.0
SUCRE;2042;10-14;41463.0;39607.0
SUCRE;2042;15-19;44919.0;42705.0
SUCRE;2042;20-24;46786.0;44964.0
SUCRE;2042;25-29;47335.0;45935.0
SUCRE;2042;30-34;47912.0;46146.0
SUCRE;2042;35-39;47818.0;46629.0
SUCRE;2042;40-44;44027.0;43204.0
SUCRE;2042;45-49;37449.0;38710.0
SUCRE;2042;50-54;32865.0;34943.0
SUCRE;2042;55-59;29137.0;31631.0
SUCRE;2042;60-64;26582.0;28795.0
SUCRE;2042;65-69;22760.0;24696.0
SUCRE;2042;70-74;19452.0;21595.0
SUCRE;2042;75-79;14560.0;16690.0
SUCRE;2042;80-84;8866.0;11539.0
SUCRE;2042;85-89;4328.0;6608.0
SUCRE;2042;90-94;1750.0;3127.0
SUCRE;2042;95-99;420.0;929.0
SUCRE;2042;100+;50.0;137.0
